ISO-10303-21;
HEADER;
/* Generated by software containing ST-Developer
 * from STEP Tools, Inc. (www.steptools.com) 
 */

FILE_DESCRIPTION(
/* description */ ('STEP AP214'),
/* implementation_level */ '2;1');

FILE_NAME(
/* name */ 'Microscope Slide Clamp 1.step',
/* time_stamp */ '2026-07-14T13:40:43-07:00',
/* author */ (''),
/* organization */ (''),
/* preprocessor_version */ 'ST-DEVELOPER v20.1',
/* originating_system */ 'Autodesk Translation Framework v15.8.0.0',
/* authorisation */ '');

FILE_SCHEMA (('AUTOMOTIVE_DESIGN { 1 0 10303 214 3 1 1 }'));
ENDSEC;

DATA;
#10=MECHANICAL_DESIGN_GEOMETRIC_PRESENTATION_REPRESENTATION('',(#17),#5188);
#11=ITEM_DEFINED_TRANSFORMATION($,$,#3223,#3434);
#12=(
REPRESENTATION_RELATIONSHIP($,$,#5199,#5198)
REPRESENTATION_RELATIONSHIP_WITH_TRANSFORMATION(#11)
SHAPE_REPRESENTATION_RELATIONSHIP()
);
#13=CONTEXT_DEPENDENT_SHAPE_REPRESENTATION(#12,#5197);
#14=NEXT_ASSEMBLY_USAGE_OCCURRENCE('RB9.01.062.020 Clamp (1):1',
'RB9.01.062.020 Clamp (1):1','RB9.01.062.020 Clamp (1):1',#5201,#5202,
'RB9.01.062.020 Clamp (1):1');
#15=SHAPE_REPRESENTATION_RELATIONSHIP('SRR','None',#5199,#16);
#16=ADVANCED_BREP_SHAPE_REPRESENTATION('',(#18),#5187);
#17=STYLED_ITEM('',(#5213),#18);
#18=MANIFOLD_SOLID_BREP('Body1',#3209);
#19=ELLIPSE('',#3333,2.40000000000002,1.);
#20=ELLIPSE('',#3337,2.39999999999998,0.999999999999999);
#21=FACE_BOUND('',#329,.T.);
#22=FACE_BOUND('',#330,.T.);
#23=FACE_BOUND('',#331,.T.);
#24=FACE_BOUND('',#332,.T.);
#25=FACE_BOUND('',#333,.T.);
#26=FACE_BOUND('',#334,.T.);
#27=FACE_BOUND('',#335,.T.);
#28=FACE_BOUND('',#336,.T.);
#29=FACE_BOUND('',#398,.T.);
#30=FACE_BOUND('',#399,.T.);
#31=FACE_BOUND('',#400,.T.);
#32=FACE_BOUND('',#401,.T.);
#33=FACE_BOUND('',#402,.T.);
#34=FACE_BOUND('',#403,.T.);
#35=FACE_BOUND('',#404,.T.);
#36=FACE_BOUND('',#405,.T.);
#37=PLANE('',#3227);
#38=PLANE('',#3228);
#39=PLANE('',#3229);
#40=PLANE('',#3230);
#41=PLANE('',#3231);
#42=PLANE('',#3232);
#43=PLANE('',#3296);
#44=PLANE('',#3297);
#45=PLANE('',#3298);
#46=PLANE('',#3299);
#47=PLANE('',#3300);
#48=PLANE('',#3301);
#49=PLANE('',#3302);
#50=PLANE('',#3303);
#51=PLANE('',#3304);
#52=PLANE('',#3305);
#53=PLANE('',#3306);
#54=PLANE('',#3307);
#55=PLANE('',#3308);
#56=PLANE('',#3309);
#57=PLANE('',#3310);
#58=PLANE('',#3311);
#59=PLANE('',#3312);
#60=PLANE('',#3313);
#61=PLANE('',#3314);
#62=PLANE('',#3315);
#63=PLANE('',#3316);
#64=PLANE('',#3317);
#65=PLANE('',#3318);
#66=PLANE('',#3319);
#67=PLANE('',#3320);
#68=PLANE('',#3321);
#69=PLANE('',#3322);
#70=PLANE('',#3323);
#71=PLANE('',#3324);
#72=PLANE('',#3325);
#73=PLANE('',#3326);
#74=PLANE('',#3327);
#75=PLANE('',#3328);
#76=PLANE('',#3329);
#77=PLANE('',#3330);
#78=PLANE('',#3334);
#79=PLANE('',#3335);
#80=PLANE('',#3339);
#81=PLANE('',#3340);
#82=PLANE('',#3347);
#83=PLANE('',#3349);
#84=PLANE('',#3351);
#85=PLANE('',#3353);
#86=PLANE('',#3354);
#87=PLANE('',#3355);
#88=PLANE('',#3356);
#89=PLANE('',#3357);
#90=PLANE('',#3358);
#91=PLANE('',#3359);
#92=PLANE('',#3360);
#93=PLANE('',#3361);
#94=PLANE('',#3362);
#95=PLANE('',#3363);
#96=PLANE('',#3364);
#97=PLANE('',#3365);
#98=PLANE('',#3366);
#99=PLANE('',#3367);
#100=PLANE('',#3368);
#101=PLANE('',#3369);
#102=PLANE('',#3370);
#103=PLANE('',#3371);
#104=PLANE('',#3372);
#105=PLANE('',#3373);
#106=PLANE('',#3374);
#107=PLANE('',#3375);
#108=PLANE('',#3376);
#109=PLANE('',#3377);
#110=PLANE('',#3378);
#111=PLANE('',#3379);
#112=PLANE('',#3380);
#113=PLANE('',#3381);
#114=PLANE('',#3382);
#115=PLANE('',#3383);
#116=PLANE('',#3384);
#117=PLANE('',#3385);
#118=PLANE('',#3386);
#119=PLANE('',#3387);
#120=PLANE('',#3388);
#121=PLANE('',#3389);
#122=PLANE('',#3390);
#123=PLANE('',#3391);
#124=PLANE('',#3392);
#125=PLANE('',#3393);
#126=PLANE('',#3394);
#127=PLANE('',#3395);
#128=PLANE('',#3396);
#129=PLANE('',#3397);
#130=PLANE('',#3398);
#131=PLANE('',#3399);
#132=PLANE('',#3400);
#133=PLANE('',#3401);
#134=PLANE('',#3402);
#135=PLANE('',#3403);
#136=PLANE('',#3404);
#137=PLANE('',#3405);
#138=PLANE('',#3406);
#139=PLANE('',#3407);
#140=PLANE('',#3408);
#141=PLANE('',#3409);
#142=PLANE('',#3410);
#143=PLANE('',#3411);
#144=PLANE('',#3412);
#145=PLANE('',#3413);
#146=PLANE('',#3414);
#147=PLANE('',#3415);
#148=PLANE('',#3416);
#149=PLANE('',#3417);
#150=PLANE('',#3418);
#151=PLANE('',#3419);
#152=PLANE('',#3420);
#153=PLANE('',#3421);
#154=PLANE('',#3422);
#155=PLANE('',#3423);
#156=PLANE('',#3424);
#157=PLANE('',#3425);
#158=PLANE('',#3426);
#159=PLANE('',#3427);
#160=PLANE('',#3428);
#161=PLANE('',#3429);
#162=PLANE('',#3430);
#163=PLANE('',#3431);
#164=PLANE('',#3432);
#165=PLANE('',#3433);
#166=FACE_OUTER_BOUND('',#322,.T.);
#167=FACE_OUTER_BOUND('',#323,.T.);
#168=FACE_OUTER_BOUND('',#324,.T.);
#169=FACE_OUTER_BOUND('',#325,.T.);
#170=FACE_OUTER_BOUND('',#326,.T.);
#171=FACE_OUTER_BOUND('',#327,.T.);
#172=FACE_OUTER_BOUND('',#328,.T.);
#173=FACE_OUTER_BOUND('',#337,.T.);
#174=FACE_OUTER_BOUND('',#338,.T.);
#175=FACE_OUTER_BOUND('',#339,.T.);
#176=FACE_OUTER_BOUND('',#340,.T.);
#177=FACE_OUTER_BOUND('',#341,.T.);
#178=FACE_OUTER_BOUND('',#342,.T.);
#179=FACE_OUTER_BOUND('',#343,.T.);
#180=FACE_OUTER_BOUND('',#344,.T.);
#181=FACE_OUTER_BOUND('',#345,.T.);
#182=FACE_OUTER_BOUND('',#346,.T.);
#183=FACE_OUTER_BOUND('',#347,.T.);
#184=FACE_OUTER_BOUND('',#348,.T.);
#185=FACE_OUTER_BOUND('',#349,.T.);
#186=FACE_OUTER_BOUND('',#350,.T.);
#187=FACE_OUTER_BOUND('',#351,.T.);
#188=FACE_OUTER_BOUND('',#352,.T.);
#189=FACE_OUTER_BOUND('',#353,.T.);
#190=FACE_OUTER_BOUND('',#354,.T.);
#191=FACE_OUTER_BOUND('',#355,.T.);
#192=FACE_OUTER_BOUND('',#356,.T.);
#193=FACE_OUTER_BOUND('',#357,.T.);
#194=FACE_OUTER_BOUND('',#358,.T.);
#195=FACE_OUTER_BOUND('',#359,.T.);
#196=FACE_OUTER_BOUND('',#360,.T.);
#197=FACE_OUTER_BOUND('',#361,.T.);
#198=FACE_OUTER_BOUND('',#362,.T.);
#199=FACE_OUTER_BOUND('',#363,.T.);
#200=FACE_OUTER_BOUND('',#364,.T.);
#201=FACE_OUTER_BOUND('',#365,.T.);
#202=FACE_OUTER_BOUND('',#366,.T.);
#203=FACE_OUTER_BOUND('',#367,.T.);
#204=FACE_OUTER_BOUND('',#368,.T.);
#205=FACE_OUTER_BOUND('',#369,.T.);
#206=FACE_OUTER_BOUND('',#370,.T.);
#207=FACE_OUTER_BOUND('',#371,.T.);
#208=FACE_OUTER_BOUND('',#372,.T.);
#209=FACE_OUTER_BOUND('',#373,.T.);
#210=FACE_OUTER_BOUND('',#374,.T.);
#211=FACE_OUTER_BOUND('',#375,.T.);
#212=FACE_OUTER_BOUND('',#376,.T.);
#213=FACE_OUTER_BOUND('',#377,.T.);
#214=FACE_OUTER_BOUND('',#378,.T.);
#215=FACE_OUTER_BOUND('',#379,.T.);
#216=FACE_OUTER_BOUND('',#380,.T.);
#217=FACE_OUTER_BOUND('',#381,.T.);
#218=FACE_OUTER_BOUND('',#382,.T.);
#219=FACE_OUTER_BOUND('',#383,.T.);
#220=FACE_OUTER_BOUND('',#384,.T.);
#221=FACE_OUTER_BOUND('',#385,.T.);
#222=FACE_OUTER_BOUND('',#386,.T.);
#223=FACE_OUTER_BOUND('',#387,.T.);
#224=FACE_OUTER_BOUND('',#388,.T.);
#225=FACE_OUTER_BOUND('',#389,.T.);
#226=FACE_OUTER_BOUND('',#390,.T.);
#227=FACE_OUTER_BOUND('',#391,.T.);
#228=FACE_OUTER_BOUND('',#392,.T.);
#229=FACE_OUTER_BOUND('',#393,.T.);
#230=FACE_OUTER_BOUND('',#394,.T.);
#231=FACE_OUTER_BOUND('',#395,.T.);
#232=FACE_OUTER_BOUND('',#396,.T.);
#233=FACE_OUTER_BOUND('',#397,.T.);
#234=FACE_OUTER_BOUND('',#406,.T.);
#235=FACE_OUTER_BOUND('',#407,.T.);
#236=FACE_OUTER_BOUND('',#408,.T.);
#237=FACE_OUTER_BOUND('',#409,.T.);
#238=FACE_OUTER_BOUND('',#410,.T.);
#239=FACE_OUTER_BOUND('',#411,.T.);
#240=FACE_OUTER_BOUND('',#412,.T.);
#241=FACE_OUTER_BOUND('',#413,.T.);
#242=FACE_OUTER_BOUND('',#414,.T.);
#243=FACE_OUTER_BOUND('',#415,.T.);
#244=FACE_OUTER_BOUND('',#416,.T.);
#245=FACE_OUTER_BOUND('',#417,.T.);
#246=FACE_OUTER_BOUND('',#418,.T.);
#247=FACE_OUTER_BOUND('',#419,.T.);
#248=FACE_OUTER_BOUND('',#420,.T.);
#249=FACE_OUTER_BOUND('',#421,.T.);
#250=FACE_OUTER_BOUND('',#422,.T.);
#251=FACE_OUTER_BOUND('',#423,.T.);
#252=FACE_OUTER_BOUND('',#424,.T.);
#253=FACE_OUTER_BOUND('',#425,.T.);
#254=FACE_OUTER_BOUND('',#426,.T.);
#255=FACE_OUTER_BOUND('',#427,.T.);
#256=FACE_OUTER_BOUND('',#428,.T.);
#257=FACE_OUTER_BOUND('',#429,.T.);
#258=FACE_OUTER_BOUND('',#430,.T.);
#259=FACE_OUTER_BOUND('',#431,.T.);
#260=FACE_OUTER_BOUND('',#432,.T.);
#261=FACE_OUTER_BOUND('',#433,.T.);
#262=FACE_OUTER_BOUND('',#434,.T.);
#263=FACE_OUTER_BOUND('',#435,.T.);
#264=FACE_OUTER_BOUND('',#436,.T.);
#265=FACE_OUTER_BOUND('',#437,.T.);
#266=FACE_OUTER_BOUND('',#438,.T.);
#267=FACE_OUTER_BOUND('',#439,.T.);
#268=FACE_OUTER_BOUND('',#440,.T.);
#269=FACE_OUTER_BOUND('',#441,.T.);
#270=FACE_OUTER_BOUND('',#442,.T.);
#271=FACE_OUTER_BOUND('',#443,.T.);
#272=FACE_OUTER_BOUND('',#444,.T.);
#273=FACE_OUTER_BOUND('',#445,.T.);
#274=FACE_OUTER_BOUND('',#446,.T.);
#275=FACE_OUTER_BOUND('',#447,.T.);
#276=FACE_OUTER_BOUND('',#448,.T.);
#277=FACE_OUTER_BOUND('',#449,.T.);
#278=FACE_OUTER_BOUND('',#450,.T.);
#279=FACE_OUTER_BOUND('',#451,.T.);
#280=FACE_OUTER_BOUND('',#452,.T.);
#281=FACE_OUTER_BOUND('',#453,.T.);
#282=FACE_OUTER_BOUND('',#454,.T.);
#283=FACE_OUTER_BOUND('',#455,.T.);
#284=FACE_OUTER_BOUND('',#456,.T.);
#285=FACE_OUTER_BOUND('',#457,.T.);
#286=FACE_OUTER_BOUND('',#458,.T.);
#287=FACE_OUTER_BOUND('',#459,.T.);
#288=FACE_OUTER_BOUND('',#460,.T.);
#289=FACE_OUTER_BOUND('',#461,.T.);
#290=FACE_OUTER_BOUND('',#462,.T.);
#291=FACE_OUTER_BOUND('',#463,.T.);
#292=FACE_OUTER_BOUND('',#464,.T.);
#293=FACE_OUTER_BOUND('',#465,.T.);
#294=FACE_OUTER_BOUND('',#466,.T.);
#295=FACE_OUTER_BOUND('',#467,.T.);
#296=FACE_OUTER_BOUND('',#468,.T.);
#297=FACE_OUTER_BOUND('',#469,.T.);
#298=FACE_OUTER_BOUND('',#470,.T.);
#299=FACE_OUTER_BOUND('',#471,.T.);
#300=FACE_OUTER_BOUND('',#472,.T.);
#301=FACE_OUTER_BOUND('',#473,.T.);
#302=FACE_OUTER_BOUND('',#474,.T.);
#303=FACE_OUTER_BOUND('',#475,.T.);
#304=FACE_OUTER_BOUND('',#476,.T.);
#305=FACE_OUTER_BOUND('',#477,.T.);
#306=FACE_OUTER_BOUND('',#478,.T.);
#307=FACE_OUTER_BOUND('',#479,.T.);
#308=FACE_OUTER_BOUND('',#480,.T.);
#309=FACE_OUTER_BOUND('',#481,.T.);
#310=FACE_OUTER_BOUND('',#482,.T.);
#311=FACE_OUTER_BOUND('',#483,.T.);
#312=FACE_OUTER_BOUND('',#484,.T.);
#313=FACE_OUTER_BOUND('',#485,.T.);
#314=FACE_OUTER_BOUND('',#486,.T.);
#315=FACE_OUTER_BOUND('',#487,.T.);
#316=FACE_OUTER_BOUND('',#488,.T.);
#317=FACE_OUTER_BOUND('',#489,.T.);
#318=FACE_OUTER_BOUND('',#490,.T.);
#319=FACE_OUTER_BOUND('',#491,.T.);
#320=FACE_OUTER_BOUND('',#492,.T.);
#321=FACE_OUTER_BOUND('',#493,.T.);
#322=EDGE_LOOP('',(#2112,#2113,#2114,#2115));
#323=EDGE_LOOP('',(#2116,#2117,#2118,#2119));
#324=EDGE_LOOP('',(#2120,#2121,#2122,#2123));
#325=EDGE_LOOP('',(#2124,#2125,#2126,#2127));
#326=EDGE_LOOP('',(#2128,#2129,#2130,#2131));
#327=EDGE_LOOP('',(#2132,#2133,#2134,#2135));
#328=EDGE_LOOP('',(#2136,#2137,#2138,#2139,#2140,#2141,#2142,#2143,#2144,
#2145,#2146,#2147,#2148,#2149,#2150));
#329=EDGE_LOOP('',(#2151,#2152,#2153,#2154,#2155,#2156,#2157,#2158,#2159,
#2160,#2161,#2162,#2163,#2164,#2165,#2166,#2167,#2168,#2169,#2170,#2171,
#2172,#2173,#2174,#2175,#2176,#2177,#2178,#2179,#2180,#2181,#2182,#2183,
#2184,#2185,#2186,#2187,#2188,#2189,#2190));
#330=EDGE_LOOP('',(#2191,#2192,#2193,#2194,#2195,#2196,#2197,#2198,#2199,
#2200,#2201,#2202,#2203,#2204,#2205,#2206,#2207,#2208,#2209,#2210,#2211,
#2212,#2213,#2214,#2215,#2216,#2217,#2218,#2219,#2220,#2221,#2222,#2223,
#2224,#2225,#2226,#2227,#2228,#2229,#2230));
#331=EDGE_LOOP('',(#2231,#2232,#2233,#2234,#2235,#2236,#2237,#2238));
#332=EDGE_LOOP('',(#2239,#2240,#2241));
#333=EDGE_LOOP('',(#2242,#2243,#2244));
#334=EDGE_LOOP('',(#2245,#2246,#2247));
#335=EDGE_LOOP('',(#2248,#2249,#2250));
#336=EDGE_LOOP('',(#2251,#2252,#2253));
#337=EDGE_LOOP('',(#2254,#2255,#2256,#2257));
#338=EDGE_LOOP('',(#2258,#2259,#2260,#2261));
#339=EDGE_LOOP('',(#2262,#2263,#2264,#2265));
#340=EDGE_LOOP('',(#2266,#2267,#2268,#2269));
#341=EDGE_LOOP('',(#2270,#2271,#2272,#2273));
#342=EDGE_LOOP('',(#2274,#2275,#2276,#2277));
#343=EDGE_LOOP('',(#2278,#2279,#2280,#2281));
#344=EDGE_LOOP('',(#2282,#2283,#2284,#2285));
#345=EDGE_LOOP('',(#2286,#2287,#2288,#2289));
#346=EDGE_LOOP('',(#2290,#2291,#2292,#2293));
#347=EDGE_LOOP('',(#2294,#2295,#2296,#2297));
#348=EDGE_LOOP('',(#2298,#2299,#2300,#2301));
#349=EDGE_LOOP('',(#2302,#2303,#2304,#2305));
#350=EDGE_LOOP('',(#2306,#2307,#2308,#2309));
#351=EDGE_LOOP('',(#2310,#2311,#2312,#2313));
#352=EDGE_LOOP('',(#2314,#2315,#2316,#2317));
#353=EDGE_LOOP('',(#2318,#2319,#2320,#2321));
#354=EDGE_LOOP('',(#2322,#2323,#2324,#2325));
#355=EDGE_LOOP('',(#2326,#2327,#2328,#2329));
#356=EDGE_LOOP('',(#2330,#2331,#2332,#2333));
#357=EDGE_LOOP('',(#2334,#2335,#2336,#2337));
#358=EDGE_LOOP('',(#2338,#2339,#2340,#2341));
#359=EDGE_LOOP('',(#2342,#2343,#2344,#2345));
#360=EDGE_LOOP('',(#2346,#2347,#2348,#2349));
#361=EDGE_LOOP('',(#2350,#2351,#2352,#2353));
#362=EDGE_LOOP('',(#2354,#2355,#2356,#2357));
#363=EDGE_LOOP('',(#2358,#2359,#2360,#2361));
#364=EDGE_LOOP('',(#2362,#2363,#2364,#2365));
#365=EDGE_LOOP('',(#2366,#2367,#2368,#2369));
#366=EDGE_LOOP('',(#2370,#2371,#2372,#2373));
#367=EDGE_LOOP('',(#2374,#2375,#2376,#2377));
#368=EDGE_LOOP('',(#2378,#2379,#2380,#2381));
#369=EDGE_LOOP('',(#2382,#2383,#2384,#2385));
#370=EDGE_LOOP('',(#2386,#2387,#2388,#2389));
#371=EDGE_LOOP('',(#2390,#2391,#2392,#2393));
#372=EDGE_LOOP('',(#2394,#2395,#2396,#2397));
#373=EDGE_LOOP('',(#2398,#2399,#2400,#2401));
#374=EDGE_LOOP('',(#2402,#2403,#2404,#2405));
#375=EDGE_LOOP('',(#2406,#2407,#2408,#2409));
#376=EDGE_LOOP('',(#2410,#2411,#2412,#2413));
#377=EDGE_LOOP('',(#2414,#2415,#2416,#2417));
#378=EDGE_LOOP('',(#2418,#2419,#2420,#2421));
#379=EDGE_LOOP('',(#2422,#2423,#2424,#2425));
#380=EDGE_LOOP('',(#2426,#2427,#2428,#2429));
#381=EDGE_LOOP('',(#2430,#2431,#2432,#2433));
#382=EDGE_LOOP('',(#2434,#2435,#2436,#2437));
#383=EDGE_LOOP('',(#2438,#2439,#2440,#2441));
#384=EDGE_LOOP('',(#2442,#2443,#2444,#2445));
#385=EDGE_LOOP('',(#2446,#2447,#2448,#2449));
#386=EDGE_LOOP('',(#2450,#2451,#2452,#2453));
#387=EDGE_LOOP('',(#2454,#2455,#2456,#2457));
#388=EDGE_LOOP('',(#2458,#2459,#2460,#2461));
#389=EDGE_LOOP('',(#2462,#2463,#2464,#2465));
#390=EDGE_LOOP('',(#2466,#2467,#2468,#2469));
#391=EDGE_LOOP('',(#2470,#2471,#2472,#2473));
#392=EDGE_LOOP('',(#2474,#2475,#2476,#2477));
#393=EDGE_LOOP('',(#2478,#2479,#2480,#2481,#2482,#2483,#2484,#2485));
#394=EDGE_LOOP('',(#2486,#2487,#2488,#2489,#2490));
#395=EDGE_LOOP('',(#2491,#2492,#2493,#2494));
#396=EDGE_LOOP('',(#2495,#2496,#2497,#2498,#2499,#2500,#2501,#2502));
#397=EDGE_LOOP('',(#2503,#2504,#2505,#2506,#2507,#2508,#2509,#2510,#2511,
#2512,#2513,#2514,#2515,#2516,#2517,#2518,#2519,#2520,#2521,#2522,#2523,
#2524,#2525));
#398=EDGE_LOOP('',(#2526,#2527,#2528));
#399=EDGE_LOOP('',(#2529,#2530,#2531));
#400=EDGE_LOOP('',(#2532,#2533,#2534));
#401=EDGE_LOOP('',(#2535,#2536,#2537));
#402=EDGE_LOOP('',(#2538,#2539,#2540));
#403=EDGE_LOOP('',(#2541,#2542,#2543,#2544,#2545,#2546,#2547,#2548));
#404=EDGE_LOOP('',(#2549,#2550,#2551,#2552,#2553,#2554,#2555,#2556,#2557,
#2558,#2559,#2560,#2561,#2562,#2563,#2564,#2565,#2566,#2567,#2568,#2569,
#2570,#2571,#2572,#2573,#2574,#2575,#2576,#2577,#2578,#2579,#2580,#2581,
#2582,#2583,#2584,#2585,#2586,#2587,#2588));
#405=EDGE_LOOP('',(#2589,#2590,#2591,#2592,#2593,#2594,#2595,#2596,#2597,
#2598,#2599,#2600,#2601,#2602,#2603,#2604,#2605,#2606,#2607,#2608,#2609,
#2610,#2611,#2612,#2613,#2614,#2615,#2616,#2617,#2618,#2619,#2620,#2621,
#2622,#2623,#2624,#2625,#2626,#2627,#2628));
#406=EDGE_LOOP('',(#2629,#2630,#2631,#2632));
#407=EDGE_LOOP('',(#2633,#2634,#2635,#2636,#2637));
#408=EDGE_LOOP('',(#2638,#2639,#2640,#2641));
#409=EDGE_LOOP('',(#2642,#2643,#2644,#2645));
#410=EDGE_LOOP('',(#2646,#2647,#2648,#2649));
#411=EDGE_LOOP('',(#2650,#2651,#2652,#2653));
#412=EDGE_LOOP('',(#2654,#2655,#2656,#2657));
#413=EDGE_LOOP('',(#2658,#2659,#2660,#2661));
#414=EDGE_LOOP('',(#2662,#2663,#2664,#2665,#2666,#2667));
#415=EDGE_LOOP('',(#2668,#2669,#2670,#2671,#2672,#2673));
#416=EDGE_LOOP('',(#2674,#2675,#2676,#2677));
#417=EDGE_LOOP('',(#2678,#2679,#2680,#2681));
#418=EDGE_LOOP('',(#2682,#2683,#2684,#2685,#2686,#2687));
#419=EDGE_LOOP('',(#2688,#2689,#2690,#2691,#2692));
#420=EDGE_LOOP('',(#2693,#2694,#2695,#2696));
#421=EDGE_LOOP('',(#2697,#2698,#2699,#2700,#2701));
#422=EDGE_LOOP('',(#2702,#2703,#2704,#2705));
#423=EDGE_LOOP('',(#2706,#2707,#2708,#2709,#2710,#2711));
#424=EDGE_LOOP('',(#2712,#2713,#2714,#2715,#2716));
#425=EDGE_LOOP('',(#2717,#2718,#2719,#2720));
#426=EDGE_LOOP('',(#2721,#2722,#2723,#2724,#2725));
#427=EDGE_LOOP('',(#2726,#2727,#2728,#2729));
#428=EDGE_LOOP('',(#2730,#2731,#2732,#2733,#2734,#2735,#2736,#2737));
#429=EDGE_LOOP('',(#2738,#2739,#2740,#2741,#2742,#2743,#2744,#2745,#2746,
#2747,#2748,#2749,#2750,#2751,#2752,#2753,#2754,#2755,#2756,#2757));
#430=EDGE_LOOP('',(#2758,#2759,#2760,#2761,#2762,#2763,#2764,#2765,#2766,
#2767,#2768,#2769,#2770));
#431=EDGE_LOOP('',(#2771,#2772,#2773,#2774));
#432=EDGE_LOOP('',(#2775,#2776,#2777,#2778));
#433=EDGE_LOOP('',(#2779,#2780,#2781,#2782));
#434=EDGE_LOOP('',(#2783,#2784,#2785,#2786));
#435=EDGE_LOOP('',(#2787,#2788,#2789,#2790));
#436=EDGE_LOOP('',(#2791,#2792,#2793,#2794));
#437=EDGE_LOOP('',(#2795,#2796,#2797,#2798));
#438=EDGE_LOOP('',(#2799,#2800,#2801,#2802));
#439=EDGE_LOOP('',(#2803,#2804,#2805,#2806));
#440=EDGE_LOOP('',(#2807,#2808,#2809,#2810));
#441=EDGE_LOOP('',(#2811,#2812,#2813,#2814));
#442=EDGE_LOOP('',(#2815,#2816,#2817,#2818));
#443=EDGE_LOOP('',(#2819,#2820,#2821,#2822));
#444=EDGE_LOOP('',(#2823,#2824,#2825,#2826));
#445=EDGE_LOOP('',(#2827,#2828,#2829,#2830));
#446=EDGE_LOOP('',(#2831,#2832,#2833,#2834));
#447=EDGE_LOOP('',(#2835,#2836,#2837,#2838));
#448=EDGE_LOOP('',(#2839,#2840,#2841,#2842));
#449=EDGE_LOOP('',(#2843,#2844,#2845,#2846));
#450=EDGE_LOOP('',(#2847,#2848,#2849,#2850));
#451=EDGE_LOOP('',(#2851,#2852,#2853,#2854));
#452=EDGE_LOOP('',(#2855,#2856,#2857,#2858));
#453=EDGE_LOOP('',(#2859,#2860,#2861,#2862));
#454=EDGE_LOOP('',(#2863,#2864,#2865,#2866));
#455=EDGE_LOOP('',(#2867,#2868,#2869,#2870));
#456=EDGE_LOOP('',(#2871,#2872,#2873,#2874));
#457=EDGE_LOOP('',(#2875,#2876,#2877,#2878));
#458=EDGE_LOOP('',(#2879,#2880,#2881,#2882));
#459=EDGE_LOOP('',(#2883,#2884,#2885,#2886));
#460=EDGE_LOOP('',(#2887,#2888,#2889,#2890));
#461=EDGE_LOOP('',(#2891,#2892,#2893,#2894));
#462=EDGE_LOOP('',(#2895,#2896,#2897,#2898));
#463=EDGE_LOOP('',(#2899,#2900,#2901,#2902));
#464=EDGE_LOOP('',(#2903,#2904,#2905,#2906));
#465=EDGE_LOOP('',(#2907,#2908,#2909,#2910));
#466=EDGE_LOOP('',(#2911,#2912,#2913,#2914));
#467=EDGE_LOOP('',(#2915,#2916,#2917,#2918));
#468=EDGE_LOOP('',(#2919,#2920,#2921,#2922));
#469=EDGE_LOOP('',(#2923,#2924,#2925,#2926));
#470=EDGE_LOOP('',(#2927,#2928,#2929,#2930));
#471=EDGE_LOOP('',(#2931,#2932,#2933,#2934));
#472=EDGE_LOOP('',(#2935,#2936,#2937,#2938));
#473=EDGE_LOOP('',(#2939,#2940,#2941,#2942));
#474=EDGE_LOOP('',(#2943,#2944,#2945,#2946));
#475=EDGE_LOOP('',(#2947,#2948,#2949,#2950));
#476=EDGE_LOOP('',(#2951,#2952,#2953,#2954));
#477=EDGE_LOOP('',(#2955,#2956,#2957,#2958));
#478=EDGE_LOOP('',(#2959,#2960,#2961,#2962,#2963,#2964));
#479=EDGE_LOOP('',(#2965,#2966,#2967,#2968));
#480=EDGE_LOOP('',(#2969,#2970,#2971,#2972));
#481=EDGE_LOOP('',(#2973,#2974,#2975,#2976));
#482=EDGE_LOOP('',(#2977,#2978,#2979,#2980));
#483=EDGE_LOOP('',(#2981,#2982,#2983,#2984));
#484=EDGE_LOOP('',(#2985,#2986,#2987,#2988));
#485=EDGE_LOOP('',(#2989,#2990,#2991,#2992));
#486=EDGE_LOOP('',(#2993,#2994,#2995,#2996));
#487=EDGE_LOOP('',(#2997,#2998,#2999,#3000));
#488=EDGE_LOOP('',(#3001,#3002,#3003,#3004));
#489=EDGE_LOOP('',(#3005,#3006,#3007,#3008));
#490=EDGE_LOOP('',(#3009,#3010,#3011,#3012));
#491=EDGE_LOOP('',(#3013,#3014,#3015,#3016));
#492=EDGE_LOOP('',(#3017,#3018,#3019,#3020,#3021));
#493=EDGE_LOOP('',(#3022,#3023,#3024,#3025));
#494=LINE('',#4271,#897);
#495=LINE('',#4274,#898);
#496=LINE('',#4277,#899);
#497=LINE('',#4279,#900);
#498=LINE('',#4280,#901);
#499=LINE('',#4283,#902);
#500=LINE('',#4284,#903);
#501=LINE('',#4288,#904);
#502=LINE('',#4289,#905);
#503=LINE('',#4291,#906);
#504=LINE('',#4292,#907);
#505=LINE('',#4294,#908);
#506=LINE('',#4296,#909);
#507=LINE('',#4299,#910);
#508=LINE('',#4301,#911);
#509=LINE('',#4305,#912);
#510=LINE('',#4309,#913);
#511=LINE('',#4311,#914);
#512=LINE('',#4313,#915);
#513=LINE('',#4315,#916);
#514=LINE('',#4317,#917);
#515=LINE('',#4319,#918);
#516=LINE('',#4323,#919);
#517=LINE('',#4324,#920);
#518=LINE('',#4329,#921);
#519=LINE('',#4331,#922);
#520=LINE('',#4333,#923);
#521=LINE('',#4337,#924);
#522=LINE('',#4339,#925);
#523=LINE('',#4341,#926);
#524=LINE('',#4345,#927);
#525=LINE('',#4347,#928);
#526=LINE('',#4349,#929);
#527=LINE('',#4353,#930);
#528=LINE('',#4355,#931);
#529=LINE('',#4357,#932);
#530=LINE('',#4361,#933);
#531=LINE('',#4363,#934);
#532=LINE('',#4365,#935);
#533=LINE('',#4369,#936);
#534=LINE('',#4371,#937);
#535=LINE('',#4373,#938);
#536=LINE('',#4377,#939);
#537=LINE('',#4379,#940);
#538=LINE('',#4381,#941);
#539=LINE('',#4385,#942);
#540=LINE('',#4387,#943);
#541=LINE('',#4389,#944);
#542=LINE('',#4393,#945);
#543=LINE('',#4395,#946);
#544=LINE('',#4397,#947);
#545=LINE('',#4401,#948);
#546=LINE('',#4403,#949);
#547=LINE('',#4404,#950);
#548=LINE('',#4409,#951);
#549=LINE('',#4411,#952);
#550=LINE('',#4413,#953);
#551=LINE('',#4417,#954);
#552=LINE('',#4419,#955);
#553=LINE('',#4421,#956);
#554=LINE('',#4425,#957);
#555=LINE('',#4427,#958);
#556=LINE('',#4429,#959);
#557=LINE('',#4433,#960);
#558=LINE('',#4435,#961);
#559=LINE('',#4437,#962);
#560=LINE('',#4441,#963);
#561=LINE('',#4443,#964);
#562=LINE('',#4445,#965);
#563=LINE('',#4449,#966);
#564=LINE('',#4451,#967);
#565=LINE('',#4453,#968);
#566=LINE('',#4457,#969);
#567=LINE('',#4459,#970);
#568=LINE('',#4461,#971);
#569=LINE('',#4465,#972);
#570=LINE('',#4467,#973);
#571=LINE('',#4469,#974);
#572=LINE('',#4473,#975);
#573=LINE('',#4475,#976);
#574=LINE('',#4477,#977);
#575=LINE('',#4481,#978);
#576=LINE('',#4483,#979);
#577=LINE('',#4484,#980);
#578=LINE('',#4487,#981);
#579=LINE('',#4489,#982);
#580=LINE('',#4491,#983);
#581=LINE('',#4493,#984);
#582=LINE('',#4495,#985);
#583=LINE('',#4497,#986);
#584=LINE('',#4499,#987);
#585=LINE('',#4500,#988);
#586=LINE('',#4503,#989);
#587=LINE('',#4505,#990);
#588=LINE('',#4506,#991);
#589=LINE('',#4509,#992);
#590=LINE('',#4511,#993);
#591=LINE('',#4512,#994);
#592=LINE('',#4515,#995);
#593=LINE('',#4517,#996);
#594=LINE('',#4518,#997);
#595=LINE('',#4521,#998);
#596=LINE('',#4523,#999);
#597=LINE('',#4524,#1000);
#598=LINE('',#4527,#1001);
#599=LINE('',#4529,#1002);
#600=LINE('',#4530,#1003);
#601=LINE('',#4533,#1004);
#602=LINE('',#4536,#1005);
#603=LINE('',#4539,#1006);
#604=LINE('',#4542,#1007);
#605=LINE('',#4545,#1008);
#606=LINE('',#4548,#1009);
#607=LINE('',#4551,#1010);
#608=LINE('',#4554,#1011);
#609=LINE('',#4557,#1012);
#610=LINE('',#4560,#1013);
#611=LINE('',#4563,#1014);
#612=LINE('',#4566,#1015);
#613=LINE('',#4569,#1016);
#614=LINE('',#4572,#1017);
#615=LINE('',#4575,#1018);
#616=LINE('',#4578,#1019);
#617=LINE('',#4581,#1020);
#618=LINE('',#4584,#1021);
#619=LINE('',#4587,#1022);
#620=LINE('',#4590,#1023);
#621=LINE('',#4593,#1024);
#622=LINE('',#4596,#1025);
#623=LINE('',#4599,#1026);
#624=LINE('',#4602,#1027);
#625=LINE('',#4605,#1028);
#626=LINE('',#4608,#1029);
#627=LINE('',#4611,#1030);
#628=LINE('',#4614,#1031);
#629=LINE('',#4617,#1032);
#630=LINE('',#4620,#1033);
#631=LINE('',#4623,#1034);
#632=LINE('',#4626,#1035);
#633=LINE('',#4629,#1036);
#634=LINE('',#4632,#1037);
#635=LINE('',#4635,#1038);
#636=LINE('',#4638,#1039);
#637=LINE('',#4641,#1040);
#638=LINE('',#4644,#1041);
#639=LINE('',#4647,#1042);
#640=LINE('',#4650,#1043);
#641=LINE('',#4653,#1044);
#642=LINE('',#4654,#1045);
#643=LINE('',#4657,#1046);
#644=LINE('',#4658,#1047);
#645=LINE('',#4661,#1048);
#646=LINE('',#4662,#1049);
#647=LINE('',#4665,#1050);
#648=LINE('',#4666,#1051);
#649=LINE('',#4669,#1052);
#650=LINE('',#4670,#1053);
#651=LINE('',#4673,#1054);
#652=LINE('',#4674,#1055);
#653=LINE('',#4677,#1056);
#654=LINE('',#4678,#1057);
#655=LINE('',#4681,#1058);
#656=LINE('',#4682,#1059);
#657=LINE('',#4685,#1060);
#658=LINE('',#4686,#1061);
#659=LINE('',#4689,#1062);
#660=LINE('',#4690,#1063);
#661=LINE('',#4693,#1064);
#662=LINE('',#4694,#1065);
#663=LINE('',#4697,#1066);
#664=LINE('',#4698,#1067);
#665=LINE('',#4701,#1068);
#666=LINE('',#4702,#1069);
#667=LINE('',#4705,#1070);
#668=LINE('',#4706,#1071);
#669=LINE('',#4709,#1072);
#670=LINE('',#4710,#1073);
#671=LINE('',#4713,#1074);
#672=LINE('',#4714,#1075);
#673=LINE('',#4717,#1076);
#674=LINE('',#4718,#1077);
#675=LINE('',#4721,#1078);
#676=LINE('',#4722,#1079);
#677=LINE('',#4725,#1080);
#678=LINE('',#4726,#1081);
#679=LINE('',#4729,#1082);
#680=LINE('',#4730,#1083);
#681=LINE('',#4734,#1084);
#682=LINE('',#4735,#1085);
#683=LINE('',#4736,#1086);
#684=LINE('',#4739,#1087);
#685=LINE('',#4740,#1088);
#686=LINE('',#4742,#1089);
#687=LINE('',#4746,#1090);
#688=LINE('',#4747,#1091);
#689=LINE('',#4748,#1092);
#690=LINE('',#4751,#1093);
#691=LINE('',#4752,#1094);
#692=LINE('',#4754,#1095);
#693=LINE('',#4758,#1096);
#694=LINE('',#4759,#1097);
#695=LINE('',#4760,#1098);
#696=LINE('',#4763,#1099);
#697=LINE('',#4764,#1100);
#698=LINE('',#4766,#1101);
#699=LINE('',#4770,#1102);
#700=LINE('',#4771,#1103);
#701=LINE('',#4772,#1104);
#702=LINE('',#4775,#1105);
#703=LINE('',#4776,#1106);
#704=LINE('',#4778,#1107);
#705=LINE('',#4782,#1108);
#706=LINE('',#4783,#1109);
#707=LINE('',#4784,#1110);
#708=LINE('',#4787,#1111);
#709=LINE('',#4788,#1112);
#710=LINE('',#4790,#1113);
#711=LINE('',#4796,#1114);
#712=LINE('',#4799,#1115);
#713=LINE('',#4802,#1116);
#714=LINE('',#4803,#1117);
#715=LINE('',#4805,#1118);
#716=LINE('',#4806,#1119);
#717=LINE('',#4809,#1120);
#718=LINE('',#4811,#1121);
#719=LINE('',#4812,#1122);
#720=LINE('',#4818,#1123);
#721=LINE('',#4821,#1124);
#722=LINE('',#4824,#1125);
#723=LINE('',#4825,#1126);
#724=LINE('',#4827,#1127);
#725=LINE('',#4828,#1128);
#726=LINE('',#4831,#1129);
#727=LINE('',#4835,#1130);
#728=LINE('',#4837,#1131);
#729=LINE('',#4839,#1132);
#730=LINE('',#4841,#1133);
#731=LINE('',#4843,#1134);
#732=LINE('',#4845,#1135);
#733=LINE('',#4847,#1136);
#734=LINE('',#4849,#1137);
#735=LINE('',#4851,#1138);
#736=LINE('',#4853,#1139);
#737=LINE('',#4855,#1140);
#738=LINE('',#4857,#1141);
#739=LINE('',#4861,#1142);
#740=LINE('',#4864,#1143);
#741=LINE('',#4865,#1144);
#742=LINE('',#4868,#1145);
#743=LINE('',#4870,#1146);
#744=LINE('',#4872,#1147);
#745=LINE('',#4874,#1148);
#746=LINE('',#4876,#1149);
#747=LINE('',#4878,#1150);
#748=LINE('',#4880,#1151);
#749=LINE('',#4881,#1152);
#750=LINE('',#4883,#1153);
#751=LINE('',#4884,#1154);
#752=LINE('',#4886,#1155);
#753=LINE('',#4887,#1156);
#754=LINE('',#4889,#1157);
#755=LINE('',#4890,#1158);
#756=LINE('',#4892,#1159);
#757=LINE('',#4893,#1160);
#758=LINE('',#4895,#1161);
#759=LINE('',#4896,#1162);
#760=LINE('',#4898,#1163);
#761=LINE('',#4899,#1164);
#762=LINE('',#4901,#1165);
#763=LINE('',#4902,#1166);
#764=LINE('',#4904,#1167);
#765=LINE('',#4905,#1168);
#766=LINE('',#4907,#1169);
#767=LINE('',#4908,#1170);
#768=LINE('',#4910,#1171);
#769=LINE('',#4911,#1172);
#770=LINE('',#4913,#1173);
#771=LINE('',#4914,#1174);
#772=LINE('',#4916,#1175);
#773=LINE('',#4917,#1176);
#774=LINE('',#4919,#1177);
#775=LINE('',#4920,#1178);
#776=LINE('',#4922,#1179);
#777=LINE('',#4923,#1180);
#778=LINE('',#4925,#1181);
#779=LINE('',#4926,#1182);
#780=LINE('',#4928,#1183);
#781=LINE('',#4929,#1184);
#782=LINE('',#4931,#1185);
#783=LINE('',#4932,#1186);
#784=LINE('',#4934,#1187);
#785=LINE('',#4935,#1188);
#786=LINE('',#4937,#1189);
#787=LINE('',#4938,#1190);
#788=LINE('',#4940,#1191);
#789=LINE('',#4941,#1192);
#790=LINE('',#4947,#1193);
#791=LINE('',#4949,#1194);
#792=LINE('',#4950,#1195);
#793=LINE('',#4952,#1196);
#794=LINE('',#4953,#1197);
#795=LINE('',#4956,#1198);
#796=LINE('',#4957,#1199);
#797=LINE('',#4959,#1200);
#798=LINE('',#4961,#1201);
#799=LINE('',#4963,#1202);
#800=LINE('',#4968,#1203);
#801=LINE('',#4971,#1204);
#802=LINE('',#4973,#1205);
#803=LINE('',#4974,#1206);
#804=LINE('',#4977,#1207);
#805=LINE('',#4979,#1208);
#806=LINE('',#4981,#1209);
#807=LINE('',#4982,#1210);
#808=LINE('',#4985,#1211);
#809=LINE('',#4987,#1212);
#810=LINE('',#4988,#1213);
#811=LINE('',#4991,#1214);
#812=LINE('',#4992,#1215);
#813=LINE('',#4993,#1216);
#814=LINE('',#4997,#1217);
#815=LINE('',#4999,#1218);
#816=LINE('',#5001,#1219);
#817=LINE('',#5002,#1220);
#818=LINE('',#5006,#1221);
#819=LINE('',#5007,#1222);
#820=LINE('',#5009,#1223);
#821=LINE('',#5011,#1224);
#822=LINE('',#5012,#1225);
#823=LINE('',#5015,#1226);
#824=LINE('',#5017,#1227);
#825=LINE('',#5019,#1228);
#826=LINE('',#5020,#1229);
#827=LINE('',#5023,#1230);
#828=LINE('',#5025,#1231);
#829=LINE('',#5026,#1232);
#830=LINE('',#5028,#1233);
#831=LINE('',#5029,#1234);
#832=LINE('',#5031,#1235);
#833=LINE('',#5034,#1236);
#834=LINE('',#5036,#1237);
#835=LINE('',#5038,#1238);
#836=LINE('',#5039,#1239);
#837=LINE('',#5041,#1240);
#838=LINE('',#5043,#1241);
#839=LINE('',#5045,#1242);
#840=LINE('',#5047,#1243);
#841=LINE('',#5049,#1244);
#842=LINE('',#5050,#1245);
#843=LINE('',#5052,#1246);
#844=LINE('',#5054,#1247);
#845=LINE('',#5056,#1248);
#846=LINE('',#5058,#1249);
#847=LINE('',#5060,#1250);
#848=LINE('',#5062,#1251);
#849=LINE('',#5064,#1252);
#850=LINE('',#5065,#1253);
#851=LINE('',#5067,#1254);
#852=LINE('',#5069,#1255);
#853=LINE('',#5071,#1256);
#854=LINE('',#5072,#1257);
#855=LINE('',#5073,#1258);
#856=LINE('',#5074,#1259);
#857=LINE('',#5076,#1260);
#858=LINE('',#5077,#1261);
#859=LINE('',#5079,#1262);
#860=LINE('',#5080,#1263);
#861=LINE('',#5082,#1264);
#862=LINE('',#5083,#1265);
#863=LINE('',#5085,#1266);
#864=LINE('',#5086,#1267);
#865=LINE('',#5088,#1268);
#866=LINE('',#5091,#1269);
#867=LINE('',#5094,#1270);
#868=LINE('',#5097,#1271);
#869=LINE('',#5100,#1272);
#870=LINE('',#5103,#1273);
#871=LINE('',#5106,#1274);
#872=LINE('',#5109,#1275);
#873=LINE('',#5112,#1276);
#874=LINE('',#5115,#1277);
#875=LINE('',#5118,#1278);
#876=LINE('',#5121,#1279);
#877=LINE('',#5124,#1280);
#878=LINE('',#5127,#1281);
#879=LINE('',#5130,#1282);
#880=LINE('',#5133,#1283);
#881=LINE('',#5136,#1284);
#882=LINE('',#5139,#1285);
#883=LINE('',#5142,#1286);
#884=LINE('',#5145,#1287);
#885=LINE('',#5151,#1288);
#886=LINE('',#5153,#1289);
#887=LINE('',#5154,#1290);
#888=LINE('',#5156,#1291);
#889=LINE('',#5158,#1292);
#890=LINE('',#5160,#1293);
#891=LINE('',#5161,#1294);
#892=LINE('',#5163,#1295);
#893=LINE('',#5165,#1296);
#894=LINE('',#5169,#1297);
#895=LINE('',#5172,#1298);
#896=LINE('',#5180,#1299);
#897=VECTOR('',#3443,10.);
#898=VECTOR('',#3446,10.);
#899=VECTOR('',#3449,10.);
#900=VECTOR('',#3450,10.);
#901=VECTOR('',#3451,10.);
#902=VECTOR('',#3454,10.);
#903=VECTOR('',#3455,10.);
#904=VECTOR('',#3458,10.);
#905=VECTOR('',#3459,10.);
#906=VECTOR('',#3460,10.);
#907=VECTOR('',#3461,10.);
#908=VECTOR('',#3464,10.);
#909=VECTOR('',#3467,10.);
#910=VECTOR('',#3470,10.);
#911=VECTOR('',#3471,10.);
#912=VECTOR('',#3474,10.);
#913=VECTOR('',#3477,10.);
#914=VECTOR('',#3478,1000.);
#915=VECTOR('',#3479,1000.);
#916=VECTOR('',#3480,1000.);
#917=VECTOR('',#3481,10.);
#918=VECTOR('',#3482,10.);
#919=VECTOR('',#3485,10.);
#920=VECTOR('',#3486,10.);
#921=VECTOR('',#3489,1000.);
#922=VECTOR('',#3490,1000.);
#923=VECTOR('',#3491,1000.);
#924=VECTOR('',#3494,1000.);
#925=VECTOR('',#3495,1000.);
#926=VECTOR('',#3496,1000.);
#927=VECTOR('',#3499,1000.);
#928=VECTOR('',#3500,1000.);
#929=VECTOR('',#3501,1000.);
#930=VECTOR('',#3504,1000.);
#931=VECTOR('',#3505,1000.);
#932=VECTOR('',#3506,1000.);
#933=VECTOR('',#3509,1000.);
#934=VECTOR('',#3510,1000.);
#935=VECTOR('',#3511,1000.);
#936=VECTOR('',#3514,1000.);
#937=VECTOR('',#3515,1000.);
#938=VECTOR('',#3516,1000.);
#939=VECTOR('',#3519,1000.);
#940=VECTOR('',#3520,1000.);
#941=VECTOR('',#3521,1000.);
#942=VECTOR('',#3524,1000.);
#943=VECTOR('',#3525,1000.);
#944=VECTOR('',#3526,1000.);
#945=VECTOR('',#3529,1000.);
#946=VECTOR('',#3530,1000.);
#947=VECTOR('',#3531,1000.);
#948=VECTOR('',#3534,1000.);
#949=VECTOR('',#3535,1000.);
#950=VECTOR('',#3536,1000.);
#951=VECTOR('',#3539,1000.);
#952=VECTOR('',#3540,1000.);
#953=VECTOR('',#3541,1000.);
#954=VECTOR('',#3544,1000.);
#955=VECTOR('',#3545,1000.);
#956=VECTOR('',#3546,1000.);
#957=VECTOR('',#3549,1000.);
#958=VECTOR('',#3550,1000.);
#959=VECTOR('',#3551,1000.);
#960=VECTOR('',#3554,1000.);
#961=VECTOR('',#3555,1000.);
#962=VECTOR('',#3556,1000.);
#963=VECTOR('',#3559,1000.);
#964=VECTOR('',#3560,1000.);
#965=VECTOR('',#3561,1000.);
#966=VECTOR('',#3564,1000.);
#967=VECTOR('',#3565,1000.);
#968=VECTOR('',#3566,1000.);
#969=VECTOR('',#3569,1000.);
#970=VECTOR('',#3570,1000.);
#971=VECTOR('',#3571,1000.);
#972=VECTOR('',#3574,1000.);
#973=VECTOR('',#3575,1000.);
#974=VECTOR('',#3576,1000.);
#975=VECTOR('',#3579,1000.);
#976=VECTOR('',#3580,1000.);
#977=VECTOR('',#3581,1000.);
#978=VECTOR('',#3584,1000.);
#979=VECTOR('',#3585,1000.);
#980=VECTOR('',#3586,1000.);
#981=VECTOR('',#3587,1000.);
#982=VECTOR('',#3588,1000.);
#983=VECTOR('',#3589,1000.);
#984=VECTOR('',#3590,1000.);
#985=VECTOR('',#3591,1000.);
#986=VECTOR('',#3592,1000.);
#987=VECTOR('',#3593,1000.);
#988=VECTOR('',#3594,1000.);
#989=VECTOR('',#3595,10.);
#990=VECTOR('',#3596,10.);
#991=VECTOR('',#3597,10.);
#992=VECTOR('',#3598,10.);
#993=VECTOR('',#3599,10.);
#994=VECTOR('',#3600,10.);
#995=VECTOR('',#3601,10.);
#996=VECTOR('',#3602,10.);
#997=VECTOR('',#3603,10.);
#998=VECTOR('',#3604,10.);
#999=VECTOR('',#3605,10.);
#1000=VECTOR('',#3606,10.);
#1001=VECTOR('',#3607,10.);
#1002=VECTOR('',#3608,10.);
#1003=VECTOR('',#3609,10.);
#1004=VECTOR('',#3612,10.);
#1005=VECTOR('',#3615,10.);
#1006=VECTOR('',#3618,10.);
#1007=VECTOR('',#3621,10.);
#1008=VECTOR('',#3624,10.);
#1009=VECTOR('',#3627,10.);
#1010=VECTOR('',#3630,10.);
#1011=VECTOR('',#3633,10.);
#1012=VECTOR('',#3636,10.);
#1013=VECTOR('',#3639,10.);
#1014=VECTOR('',#3642,10.);
#1015=VECTOR('',#3645,10.);
#1016=VECTOR('',#3648,10.);
#1017=VECTOR('',#3651,10.);
#1018=VECTOR('',#3654,10.);
#1019=VECTOR('',#3657,10.);
#1020=VECTOR('',#3660,10.);
#1021=VECTOR('',#3663,10.);
#1022=VECTOR('',#3666,10.);
#1023=VECTOR('',#3669,10.);
#1024=VECTOR('',#3672,10.);
#1025=VECTOR('',#3675,10.);
#1026=VECTOR('',#3678,10.);
#1027=VECTOR('',#3681,10.);
#1028=VECTOR('',#3684,10.);
#1029=VECTOR('',#3687,10.);
#1030=VECTOR('',#3690,10.);
#1031=VECTOR('',#3693,10.);
#1032=VECTOR('',#3696,10.);
#1033=VECTOR('',#3699,10.);
#1034=VECTOR('',#3702,10.);
#1035=VECTOR('',#3705,10.);
#1036=VECTOR('',#3708,10.);
#1037=VECTOR('',#3711,10.);
#1038=VECTOR('',#3714,10.);
#1039=VECTOR('',#3717,10.);
#1040=VECTOR('',#3720,10.);
#1041=VECTOR('',#3723,10.);
#1042=VECTOR('',#3726,10.);
#1043=VECTOR('',#3729,10.);
#1044=VECTOR('',#3732,10.);
#1045=VECTOR('',#3733,1000.);
#1046=VECTOR('',#3736,10.);
#1047=VECTOR('',#3737,1000.);
#1048=VECTOR('',#3740,10.);
#1049=VECTOR('',#3741,1000.);
#1050=VECTOR('',#3744,10.);
#1051=VECTOR('',#3745,1000.);
#1052=VECTOR('',#3748,10.);
#1053=VECTOR('',#3749,1000.);
#1054=VECTOR('',#3752,10.);
#1055=VECTOR('',#3753,1000.);
#1056=VECTOR('',#3756,10.);
#1057=VECTOR('',#3757,1000.);
#1058=VECTOR('',#3760,10.);
#1059=VECTOR('',#3761,1000.);
#1060=VECTOR('',#3764,10.);
#1061=VECTOR('',#3765,1000.);
#1062=VECTOR('',#3768,10.);
#1063=VECTOR('',#3769,1000.);
#1064=VECTOR('',#3772,10.);
#1065=VECTOR('',#3773,1000.);
#1066=VECTOR('',#3776,10.);
#1067=VECTOR('',#3777,1000.);
#1068=VECTOR('',#3780,10.);
#1069=VECTOR('',#3781,1000.);
#1070=VECTOR('',#3784,10.);
#1071=VECTOR('',#3785,1000.);
#1072=VECTOR('',#3788,10.);
#1073=VECTOR('',#3789,1000.);
#1074=VECTOR('',#3792,10.);
#1075=VECTOR('',#3793,1000.);
#1076=VECTOR('',#3796,10.);
#1077=VECTOR('',#3797,1000.);
#1078=VECTOR('',#3800,10.);
#1079=VECTOR('',#3801,1000.);
#1080=VECTOR('',#3804,10.);
#1081=VECTOR('',#3805,1000.);
#1082=VECTOR('',#3808,10.);
#1083=VECTOR('',#3809,1000.);
#1084=VECTOR('',#3812,10.);
#1085=VECTOR('',#3813,10.);
#1086=VECTOR('',#3814,10.);
#1087=VECTOR('',#3817,10.);
#1088=VECTOR('',#3818,10.);
#1089=VECTOR('',#3821,10.);
#1090=VECTOR('',#3824,10.);
#1091=VECTOR('',#3825,10.);
#1092=VECTOR('',#3826,10.);
#1093=VECTOR('',#3829,10.);
#1094=VECTOR('',#3830,10.);
#1095=VECTOR('',#3833,10.);
#1096=VECTOR('',#3836,10.);
#1097=VECTOR('',#3837,10.);
#1098=VECTOR('',#3838,10.);
#1099=VECTOR('',#3841,10.);
#1100=VECTOR('',#3842,10.);
#1101=VECTOR('',#3845,10.);
#1102=VECTOR('',#3848,10.);
#1103=VECTOR('',#3849,10.);
#1104=VECTOR('',#3850,10.);
#1105=VECTOR('',#3853,10.);
#1106=VECTOR('',#3854,10.);
#1107=VECTOR('',#3857,10.);
#1108=VECTOR('',#3860,10.);
#1109=VECTOR('',#3861,10.);
#1110=VECTOR('',#3862,10.);
#1111=VECTOR('',#3865,10.);
#1112=VECTOR('',#3866,10.);
#1113=VECTOR('',#3869,10.);
#1114=VECTOR('',#3874,10.);
#1115=VECTOR('',#3877,10.);
#1116=VECTOR('',#3880,10.);
#1117=VECTOR('',#3881,10.);
#1118=VECTOR('',#3882,10.);
#1119=VECTOR('',#3883,10.);
#1120=VECTOR('',#3886,10.);
#1121=VECTOR('',#3887,10.);
#1122=VECTOR('',#3888,10.);
#1123=VECTOR('',#3893,10.);
#1124=VECTOR('',#3896,10.);
#1125=VECTOR('',#3899,10.);
#1126=VECTOR('',#3900,10.);
#1127=VECTOR('',#3901,10.);
#1128=VECTOR('',#3902,10.);
#1129=VECTOR('',#3905,10.);
#1130=VECTOR('',#3908,10.);
#1131=VECTOR('',#3909,10.);
#1132=VECTOR('',#3910,1000.);
#1133=VECTOR('',#3911,1000.);
#1134=VECTOR('',#3912,1000.);
#1135=VECTOR('',#3913,1000.);
#1136=VECTOR('',#3914,1000.);
#1137=VECTOR('',#3915,1000.);
#1138=VECTOR('',#3916,1000.);
#1139=VECTOR('',#3917,1000.);
#1140=VECTOR('',#3918,1000.);
#1141=VECTOR('',#3919,10.);
#1142=VECTOR('',#3922,10.);
#1143=VECTOR('',#3925,10.);
#1144=VECTOR('',#3926,10.);
#1145=VECTOR('',#3927,1000.);
#1146=VECTOR('',#3928,1000.);
#1147=VECTOR('',#3929,1000.);
#1148=VECTOR('',#3930,1000.);
#1149=VECTOR('',#3931,1000.);
#1150=VECTOR('',#3932,1000.);
#1151=VECTOR('',#3933,1000.);
#1152=VECTOR('',#3934,1000.);
#1153=VECTOR('',#3935,1000.);
#1154=VECTOR('',#3936,1000.);
#1155=VECTOR('',#3937,1000.);
#1156=VECTOR('',#3938,1000.);
#1157=VECTOR('',#3939,1000.);
#1158=VECTOR('',#3940,1000.);
#1159=VECTOR('',#3941,1000.);
#1160=VECTOR('',#3942,1000.);
#1161=VECTOR('',#3943,1000.);
#1162=VECTOR('',#3944,1000.);
#1163=VECTOR('',#3945,1000.);
#1164=VECTOR('',#3946,1000.);
#1165=VECTOR('',#3947,1000.);
#1166=VECTOR('',#3948,1000.);
#1167=VECTOR('',#3949,1000.);
#1168=VECTOR('',#3950,1000.);
#1169=VECTOR('',#3951,1000.);
#1170=VECTOR('',#3952,1000.);
#1171=VECTOR('',#3953,1000.);
#1172=VECTOR('',#3954,1000.);
#1173=VECTOR('',#3955,1000.);
#1174=VECTOR('',#3956,1000.);
#1175=VECTOR('',#3957,1000.);
#1176=VECTOR('',#3958,1000.);
#1177=VECTOR('',#3959,1000.);
#1178=VECTOR('',#3960,1000.);
#1179=VECTOR('',#3961,1000.);
#1180=VECTOR('',#3962,1000.);
#1181=VECTOR('',#3963,1000.);
#1182=VECTOR('',#3964,1000.);
#1183=VECTOR('',#3965,1000.);
#1184=VECTOR('',#3966,1000.);
#1185=VECTOR('',#3967,1000.);
#1186=VECTOR('',#3968,1000.);
#1187=VECTOR('',#3969,1000.);
#1188=VECTOR('',#3970,1000.);
#1189=VECTOR('',#3971,1000.);
#1190=VECTOR('',#3972,1000.);
#1191=VECTOR('',#3973,1000.);
#1192=VECTOR('',#3974,1000.);
#1193=VECTOR('',#3981,10.);
#1194=VECTOR('',#3984,10.);
#1195=VECTOR('',#3985,10.);
#1196=VECTOR('',#3988,10.);
#1197=VECTOR('',#3989,10.);
#1198=VECTOR('',#3994,10.);
#1199=VECTOR('',#3995,10.);
#1200=VECTOR('',#3998,10.);
#1201=VECTOR('',#4001,10.);
#1202=VECTOR('',#4004,10.);
#1203=VECTOR('',#4013,10.);
#1204=VECTOR('',#4016,10.);
#1205=VECTOR('',#4017,10.);
#1206=VECTOR('',#4018,10.);
#1207=VECTOR('',#4021,1000.);
#1208=VECTOR('',#4022,1000.);
#1209=VECTOR('',#4023,1000.);
#1210=VECTOR('',#4024,1000.);
#1211=VECTOR('',#4027,1000.);
#1212=VECTOR('',#4028,1000.);
#1213=VECTOR('',#4029,1000.);
#1214=VECTOR('',#4032,1000.);
#1215=VECTOR('',#4033,1000.);
#1216=VECTOR('',#4034,1000.);
#1217=VECTOR('',#4037,1000.);
#1218=VECTOR('',#4038,1000.);
#1219=VECTOR('',#4039,1000.);
#1220=VECTOR('',#4040,1000.);
#1221=VECTOR('',#4043,1000.);
#1222=VECTOR('',#4044,1000.);
#1223=VECTOR('',#4045,1000.);
#1224=VECTOR('',#4046,1000.);
#1225=VECTOR('',#4047,1000.);
#1226=VECTOR('',#4050,1000.);
#1227=VECTOR('',#4051,1000.);
#1228=VECTOR('',#4052,1000.);
#1229=VECTOR('',#4053,1000.);
#1230=VECTOR('',#4056,1000.);
#1231=VECTOR('',#4057,1000.);
#1232=VECTOR('',#4058,1000.);
#1233=VECTOR('',#4061,1000.);
#1234=VECTOR('',#4062,1000.);
#1235=VECTOR('',#4065,1000.);
#1236=VECTOR('',#4068,1000.);
#1237=VECTOR('',#4069,1000.);
#1238=VECTOR('',#4070,1000.);
#1239=VECTOR('',#4071,10.);
#1240=VECTOR('',#4074,1000.);
#1241=VECTOR('',#4075,1000.);
#1242=VECTOR('',#4076,1000.);
#1243=VECTOR('',#4077,1000.);
#1244=VECTOR('',#4078,1000.);
#1245=VECTOR('',#4079,1000.);
#1246=VECTOR('',#4080,1000.);
#1247=VECTOR('',#4081,1000.);
#1248=VECTOR('',#4082,1000.);
#1249=VECTOR('',#4083,1000.);
#1250=VECTOR('',#4084,1000.);
#1251=VECTOR('',#4085,1000.);
#1252=VECTOR('',#4086,1000.);
#1253=VECTOR('',#4087,1000.);
#1254=VECTOR('',#4090,1000.);
#1255=VECTOR('',#4091,1000.);
#1256=VECTOR('',#4092,1000.);
#1257=VECTOR('',#4093,1000.);
#1258=VECTOR('',#4094,1000.);
#1259=VECTOR('',#4095,1000.);
#1260=VECTOR('',#4098,10.);
#1261=VECTOR('',#4099,10.);
#1262=VECTOR('',#4102,1000.);
#1263=VECTOR('',#4103,10.);
#1264=VECTOR('',#4106,10.);
#1265=VECTOR('',#4107,10.);
#1266=VECTOR('',#4110,10.);
#1267=VECTOR('',#4111,10.);
#1268=VECTOR('',#4114,10.);
#1269=VECTOR('',#4119,10.);
#1270=VECTOR('',#4124,10.);
#1271=VECTOR('',#4129,10.);
#1272=VECTOR('',#4134,10.);
#1273=VECTOR('',#4139,10.);
#1274=VECTOR('',#4144,10.);
#1275=VECTOR('',#4149,10.);
#1276=VECTOR('',#4154,10.);
#1277=VECTOR('',#4159,10.);
#1278=VECTOR('',#4164,10.);
#1279=VECTOR('',#4169,10.);
#1280=VECTOR('',#4174,10.);
#1281=VECTOR('',#4179,10.);
#1282=VECTOR('',#4184,10.);
#1283=VECTOR('',#4189,10.);
#1284=VECTOR('',#4194,10.);
#1285=VECTOR('',#4199,10.);
#1286=VECTOR('',#4204,10.);
#1287=VECTOR('',#4209,10.);
#1288=VECTOR('',#4218,1000.);
#1289=VECTOR('',#4219,1000.);
#1290=VECTOR('',#4220,1000.);
#1291=VECTOR('',#4223,1000.);
#1292=VECTOR('',#4224,1000.);
#1293=VECTOR('',#4225,1000.);
#1294=VECTOR('',#4226,1000.);
#1295=VECTOR('',#4229,1000.);
#1296=VECTOR('',#4232,1000.);
#1297=VECTOR('',#4239,1000.);
#1298=VECTOR('',#4244,1000.);
#1299=VECTOR('',#4259,1000.);
#1300=CIRCLE('',#3225,0.5);
#1301=CIRCLE('',#3226,0.5);
#1302=CIRCLE('',#3233,13.);
#1303=CIRCLE('',#3234,23.);
#1304=CIRCLE('',#3235,13.);
#1305=CIRCLE('',#3236,3.1);
#1306=CIRCLE('',#3237,3.1);
#1307=CIRCLE('',#3238,3.1);
#1308=CIRCLE('',#3239,3.1);
#1309=CIRCLE('',#3240,3.1);
#1310=CIRCLE('',#3241,3.1);
#1311=CIRCLE('',#3242,3.1);
#1312=CIRCLE('',#3243,3.1);
#1313=CIRCLE('',#3244,3.1);
#1314=CIRCLE('',#3245,3.1);
#1315=CIRCLE('',#3246,3.1);
#1316=CIRCLE('',#3247,3.1);
#1317=CIRCLE('',#3248,3.1);
#1318=CIRCLE('',#3249,3.1);
#1319=CIRCLE('',#3250,3.1);
#1320=CIRCLE('',#3251,3.1);
#1321=CIRCLE('',#3252,3.1);
#1322=CIRCLE('',#3253,3.1);
#1323=CIRCLE('',#3254,3.1);
#1324=CIRCLE('',#3255,3.1);
#1325=CIRCLE('',#3257,3.1);
#1326=CIRCLE('',#3259,3.1);
#1327=CIRCLE('',#3261,3.1);
#1328=CIRCLE('',#3263,3.1);
#1329=CIRCLE('',#3265,3.1);
#1330=CIRCLE('',#3267,3.1);
#1331=CIRCLE('',#3269,3.1);
#1332=CIRCLE('',#3271,3.1);
#1333=CIRCLE('',#3273,3.1);
#1334=CIRCLE('',#3275,3.1);
#1335=CIRCLE('',#3277,3.1);
#1336=CIRCLE('',#3279,3.1);
#1337=CIRCLE('',#3281,3.1);
#1338=CIRCLE('',#3283,3.1);
#1339=CIRCLE('',#3285,3.1);
#1340=CIRCLE('',#3287,3.1);
#1341=CIRCLE('',#3289,3.1);
#1342=CIRCLE('',#3291,3.1);
#1343=CIRCLE('',#3293,3.1);
#1344=CIRCLE('',#3295,3.1);
#1345=CIRCLE('',#3332,1.);
#1346=CIRCLE('',#3338,1.);
#1347=CIRCLE('',#3341,13.);
#1348=CIRCLE('',#3342,23.);
#1349=CIRCLE('',#3343,13.);
#1350=CIRCLE('',#3345,0.5);
#1351=CIRCLE('',#3346,0.5);
#1352=VERTEX_POINT('',#4267);
#1353=VERTEX_POINT('',#4268);
#1354=VERTEX_POINT('',#4270);
#1355=VERTEX_POINT('',#4272);
#1356=VERTEX_POINT('',#4276);
#1357=VERTEX_POINT('',#4278);
#1358=VERTEX_POINT('',#4282);
#1359=VERTEX_POINT('',#4286);
#1360=VERTEX_POINT('',#4287);
#1361=VERTEX_POINT('',#4290);
#1362=VERTEX_POINT('',#4298);
#1363=VERTEX_POINT('',#4300);
#1364=VERTEX_POINT('',#4302);
#1365=VERTEX_POINT('',#4304);
#1366=VERTEX_POINT('',#4306);
#1367=VERTEX_POINT('',#4308);
#1368=VERTEX_POINT('',#4310);
#1369=VERTEX_POINT('',#4312);
#1370=VERTEX_POINT('',#4314);
#1371=VERTEX_POINT('',#4316);
#1372=VERTEX_POINT('',#4318);
#1373=VERTEX_POINT('',#4320);
#1374=VERTEX_POINT('',#4322);
#1375=VERTEX_POINT('',#4325);
#1376=VERTEX_POINT('',#4326);
#1377=VERTEX_POINT('',#4328);
#1378=VERTEX_POINT('',#4330);
#1379=VERTEX_POINT('',#4332);
#1380=VERTEX_POINT('',#4334);
#1381=VERTEX_POINT('',#4336);
#1382=VERTEX_POINT('',#4338);
#1383=VERTEX_POINT('',#4340);
#1384=VERTEX_POINT('',#4342);
#1385=VERTEX_POINT('',#4344);
#1386=VERTEX_POINT('',#4346);
#1387=VERTEX_POINT('',#4348);
#1388=VERTEX_POINT('',#4350);
#1389=VERTEX_POINT('',#4352);
#1390=VERTEX_POINT('',#4354);
#1391=VERTEX_POINT('',#4356);
#1392=VERTEX_POINT('',#4358);
#1393=VERTEX_POINT('',#4360);
#1394=VERTEX_POINT('',#4362);
#1395=VERTEX_POINT('',#4364);
#1396=VERTEX_POINT('',#4366);
#1397=VERTEX_POINT('',#4368);
#1398=VERTEX_POINT('',#4370);
#1399=VERTEX_POINT('',#4372);
#1400=VERTEX_POINT('',#4374);
#1401=VERTEX_POINT('',#4376);
#1402=VERTEX_POINT('',#4378);
#1403=VERTEX_POINT('',#4380);
#1404=VERTEX_POINT('',#4382);
#1405=VERTEX_POINT('',#4384);
#1406=VERTEX_POINT('',#4386);
#1407=VERTEX_POINT('',#4388);
#1408=VERTEX_POINT('',#4390);
#1409=VERTEX_POINT('',#4392);
#1410=VERTEX_POINT('',#4394);
#1411=VERTEX_POINT('',#4396);
#1412=VERTEX_POINT('',#4398);
#1413=VERTEX_POINT('',#4400);
#1414=VERTEX_POINT('',#4402);
#1415=VERTEX_POINT('',#4405);
#1416=VERTEX_POINT('',#4406);
#1417=VERTEX_POINT('',#4408);
#1418=VERTEX_POINT('',#4410);
#1419=VERTEX_POINT('',#4412);
#1420=VERTEX_POINT('',#4414);
#1421=VERTEX_POINT('',#4416);
#1422=VERTEX_POINT('',#4418);
#1423=VERTEX_POINT('',#4420);
#1424=VERTEX_POINT('',#4422);
#1425=VERTEX_POINT('',#4424);
#1426=VERTEX_POINT('',#4426);
#1427=VERTEX_POINT('',#4428);
#1428=VERTEX_POINT('',#4430);
#1429=VERTEX_POINT('',#4432);
#1430=VERTEX_POINT('',#4434);
#1431=VERTEX_POINT('',#4436);
#1432=VERTEX_POINT('',#4438);
#1433=VERTEX_POINT('',#4440);
#1434=VERTEX_POINT('',#4442);
#1435=VERTEX_POINT('',#4444);
#1436=VERTEX_POINT('',#4446);
#1437=VERTEX_POINT('',#4448);
#1438=VERTEX_POINT('',#4450);
#1439=VERTEX_POINT('',#4452);
#1440=VERTEX_POINT('',#4454);
#1441=VERTEX_POINT('',#4456);
#1442=VERTEX_POINT('',#4458);
#1443=VERTEX_POINT('',#4460);
#1444=VERTEX_POINT('',#4462);
#1445=VERTEX_POINT('',#4464);
#1446=VERTEX_POINT('',#4466);
#1447=VERTEX_POINT('',#4468);
#1448=VERTEX_POINT('',#4470);
#1449=VERTEX_POINT('',#4472);
#1450=VERTEX_POINT('',#4474);
#1451=VERTEX_POINT('',#4476);
#1452=VERTEX_POINT('',#4478);
#1453=VERTEX_POINT('',#4480);
#1454=VERTEX_POINT('',#4482);
#1455=VERTEX_POINT('',#4485);
#1456=VERTEX_POINT('',#4486);
#1457=VERTEX_POINT('',#4488);
#1458=VERTEX_POINT('',#4490);
#1459=VERTEX_POINT('',#4492);
#1460=VERTEX_POINT('',#4494);
#1461=VERTEX_POINT('',#4496);
#1462=VERTEX_POINT('',#4498);
#1463=VERTEX_POINT('',#4501);
#1464=VERTEX_POINT('',#4502);
#1465=VERTEX_POINT('',#4504);
#1466=VERTEX_POINT('',#4507);
#1467=VERTEX_POINT('',#4508);
#1468=VERTEX_POINT('',#4510);
#1469=VERTEX_POINT('',#4513);
#1470=VERTEX_POINT('',#4514);
#1471=VERTEX_POINT('',#4516);
#1472=VERTEX_POINT('',#4519);
#1473=VERTEX_POINT('',#4520);
#1474=VERTEX_POINT('',#4522);
#1475=VERTEX_POINT('',#4525);
#1476=VERTEX_POINT('',#4526);
#1477=VERTEX_POINT('',#4528);
#1478=VERTEX_POINT('',#4532);
#1479=VERTEX_POINT('',#4534);
#1480=VERTEX_POINT('',#4538);
#1481=VERTEX_POINT('',#4540);
#1482=VERTEX_POINT('',#4544);
#1483=VERTEX_POINT('',#4546);
#1484=VERTEX_POINT('',#4550);
#1485=VERTEX_POINT('',#4552);
#1486=VERTEX_POINT('',#4556);
#1487=VERTEX_POINT('',#4558);
#1488=VERTEX_POINT('',#4562);
#1489=VERTEX_POINT('',#4564);
#1490=VERTEX_POINT('',#4568);
#1491=VERTEX_POINT('',#4570);
#1492=VERTEX_POINT('',#4574);
#1493=VERTEX_POINT('',#4576);
#1494=VERTEX_POINT('',#4580);
#1495=VERTEX_POINT('',#4582);
#1496=VERTEX_POINT('',#4586);
#1497=VERTEX_POINT('',#4588);
#1498=VERTEX_POINT('',#4592);
#1499=VERTEX_POINT('',#4594);
#1500=VERTEX_POINT('',#4598);
#1501=VERTEX_POINT('',#4600);
#1502=VERTEX_POINT('',#4604);
#1503=VERTEX_POINT('',#4606);
#1504=VERTEX_POINT('',#4610);
#1505=VERTEX_POINT('',#4612);
#1506=VERTEX_POINT('',#4616);
#1507=VERTEX_POINT('',#4618);
#1508=VERTEX_POINT('',#4622);
#1509=VERTEX_POINT('',#4624);
#1510=VERTEX_POINT('',#4628);
#1511=VERTEX_POINT('',#4630);
#1512=VERTEX_POINT('',#4634);
#1513=VERTEX_POINT('',#4636);
#1514=VERTEX_POINT('',#4640);
#1515=VERTEX_POINT('',#4642);
#1516=VERTEX_POINT('',#4646);
#1517=VERTEX_POINT('',#4648);
#1518=VERTEX_POINT('',#4652);
#1519=VERTEX_POINT('',#4656);
#1520=VERTEX_POINT('',#4660);
#1521=VERTEX_POINT('',#4664);
#1522=VERTEX_POINT('',#4668);
#1523=VERTEX_POINT('',#4672);
#1524=VERTEX_POINT('',#4676);
#1525=VERTEX_POINT('',#4680);
#1526=VERTEX_POINT('',#4684);
#1527=VERTEX_POINT('',#4688);
#1528=VERTEX_POINT('',#4692);
#1529=VERTEX_POINT('',#4696);
#1530=VERTEX_POINT('',#4700);
#1531=VERTEX_POINT('',#4704);
#1532=VERTEX_POINT('',#4708);
#1533=VERTEX_POINT('',#4712);
#1534=VERTEX_POINT('',#4716);
#1535=VERTEX_POINT('',#4720);
#1536=VERTEX_POINT('',#4724);
#1537=VERTEX_POINT('',#4728);
#1538=VERTEX_POINT('',#4732);
#1539=VERTEX_POINT('',#4733);
#1540=VERTEX_POINT('',#4738);
#1541=VERTEX_POINT('',#4744);
#1542=VERTEX_POINT('',#4745);
#1543=VERTEX_POINT('',#4750);
#1544=VERTEX_POINT('',#4756);
#1545=VERTEX_POINT('',#4757);
#1546=VERTEX_POINT('',#4762);
#1547=VERTEX_POINT('',#4768);
#1548=VERTEX_POINT('',#4769);
#1549=VERTEX_POINT('',#4774);
#1550=VERTEX_POINT('',#4780);
#1551=VERTEX_POINT('',#4781);
#1552=VERTEX_POINT('',#4786);
#1553=VERTEX_POINT('',#4792);
#1554=VERTEX_POINT('',#4793);
#1555=VERTEX_POINT('',#4795);
#1556=VERTEX_POINT('',#4797);
#1557=VERTEX_POINT('',#4801);
#1558=VERTEX_POINT('',#4804);
#1559=VERTEX_POINT('',#4808);
#1560=VERTEX_POINT('',#4810);
#1561=VERTEX_POINT('',#4814);
#1562=VERTEX_POINT('',#4815);
#1563=VERTEX_POINT('',#4817);
#1564=VERTEX_POINT('',#4819);
#1565=VERTEX_POINT('',#4823);
#1566=VERTEX_POINT('',#4826);
#1567=VERTEX_POINT('',#4830);
#1568=VERTEX_POINT('',#4832);
#1569=VERTEX_POINT('',#4834);
#1570=VERTEX_POINT('',#4836);
#1571=VERTEX_POINT('',#4838);
#1572=VERTEX_POINT('',#4840);
#1573=VERTEX_POINT('',#4842);
#1574=VERTEX_POINT('',#4844);
#1575=VERTEX_POINT('',#4846);
#1576=VERTEX_POINT('',#4848);
#1577=VERTEX_POINT('',#4850);
#1578=VERTEX_POINT('',#4852);
#1579=VERTEX_POINT('',#4854);
#1580=VERTEX_POINT('',#4856);
#1581=VERTEX_POINT('',#4858);
#1582=VERTEX_POINT('',#4860);
#1583=VERTEX_POINT('',#4862);
#1584=VERTEX_POINT('',#4866);
#1585=VERTEX_POINT('',#4867);
#1586=VERTEX_POINT('',#4869);
#1587=VERTEX_POINT('',#4871);
#1588=VERTEX_POINT('',#4873);
#1589=VERTEX_POINT('',#4875);
#1590=VERTEX_POINT('',#4877);
#1591=VERTEX_POINT('',#4879);
#1592=VERTEX_POINT('',#4882);
#1593=VERTEX_POINT('',#4885);
#1594=VERTEX_POINT('',#4888);
#1595=VERTEX_POINT('',#4891);
#1596=VERTEX_POINT('',#4894);
#1597=VERTEX_POINT('',#4897);
#1598=VERTEX_POINT('',#4900);
#1599=VERTEX_POINT('',#4903);
#1600=VERTEX_POINT('',#4906);
#1601=VERTEX_POINT('',#4909);
#1602=VERTEX_POINT('',#4912);
#1603=VERTEX_POINT('',#4915);
#1604=VERTEX_POINT('',#4918);
#1605=VERTEX_POINT('',#4921);
#1606=VERTEX_POINT('',#4924);
#1607=VERTEX_POINT('',#4927);
#1608=VERTEX_POINT('',#4930);
#1609=VERTEX_POINT('',#4933);
#1610=VERTEX_POINT('',#4936);
#1611=VERTEX_POINT('',#4939);
#1612=VERTEX_POINT('',#4943);
#1613=VERTEX_POINT('',#4945);
#1614=VERTEX_POINT('',#4970);
#1615=VERTEX_POINT('',#4972);
#1616=VERTEX_POINT('',#4976);
#1617=VERTEX_POINT('',#4978);
#1618=VERTEX_POINT('',#4980);
#1619=VERTEX_POINT('',#4984);
#1620=VERTEX_POINT('',#4986);
#1621=VERTEX_POINT('',#4990);
#1622=VERTEX_POINT('',#4995);
#1623=VERTEX_POINT('',#4996);
#1624=VERTEX_POINT('',#4998);
#1625=VERTEX_POINT('',#5000);
#1626=VERTEX_POINT('',#5004);
#1627=VERTEX_POINT('',#5005);
#1628=VERTEX_POINT('',#5008);
#1629=VERTEX_POINT('',#5010);
#1630=VERTEX_POINT('',#5014);
#1631=VERTEX_POINT('',#5016);
#1632=VERTEX_POINT('',#5018);
#1633=VERTEX_POINT('',#5022);
#1634=VERTEX_POINT('',#5024);
#1635=VERTEX_POINT('',#5033);
#1636=VERTEX_POINT('',#5035);
#1637=VERTEX_POINT('',#5037);
#1638=VERTEX_POINT('',#5042);
#1639=VERTEX_POINT('',#5044);
#1640=VERTEX_POINT('',#5046);
#1641=VERTEX_POINT('',#5048);
#1642=VERTEX_POINT('',#5051);
#1643=VERTEX_POINT('',#5053);
#1644=VERTEX_POINT('',#5055);
#1645=VERTEX_POINT('',#5057);
#1646=VERTEX_POINT('',#5059);
#1647=VERTEX_POINT('',#5061);
#1648=VERTEX_POINT('',#5063);
#1649=VERTEX_POINT('',#5068);
#1650=VERTEX_POINT('',#5070);
#1651=VERTEX_POINT('',#5150);
#1652=VERTEX_POINT('',#5152);
#1653=VERTEX_POINT('',#5157);
#1654=VERTEX_POINT('',#5159);
#1655=EDGE_CURVE('',#1352,#1353,#1300,.T.);
#1656=EDGE_CURVE('',#1352,#1354,#494,.T.);
#1657=EDGE_CURVE('',#1355,#1354,#1301,.T.);
#1658=EDGE_CURVE('',#1355,#1353,#495,.T.);
#1659=EDGE_CURVE('',#1356,#1353,#496,.T.);
#1660=EDGE_CURVE('',#1357,#1356,#497,.T.);
#1661=EDGE_CURVE('',#1352,#1357,#498,.T.);
#1662=EDGE_CURVE('',#1355,#1358,#499,.T.);
#1663=EDGE_CURVE('',#1358,#1356,#500,.T.);
#1664=EDGE_CURVE('',#1359,#1360,#501,.T.);
#1665=EDGE_CURVE('',#1359,#1358,#502,.T.);
#1666=EDGE_CURVE('',#1361,#1358,#503,.T.);
#1667=EDGE_CURVE('',#1361,#1360,#504,.T.);
#1668=EDGE_CURVE('',#1361,#1354,#505,.T.);
#1669=EDGE_CURVE('',#1357,#1361,#506,.T.);
#1670=EDGE_CURVE('',#1356,#1362,#507,.T.);
#1671=EDGE_CURVE('',#1362,#1363,#508,.T.);
#1672=EDGE_CURVE('',#1363,#1364,#1302,.T.);
#1673=EDGE_CURVE('',#1364,#1365,#509,.T.);
#1674=EDGE_CURVE('',#1365,#1366,#1303,.T.);
#1675=EDGE_CURVE('',#1366,#1367,#510,.T.);
#1676=EDGE_CURVE('',#1367,#1368,#511,.T.);
#1677=EDGE_CURVE('',#1368,#1369,#512,.T.);
#1678=EDGE_CURVE('',#1369,#1370,#513,.T.);
#1679=EDGE_CURVE('',#1370,#1371,#514,.T.);
#1680=EDGE_CURVE('',#1371,#1372,#515,.T.);
#1681=EDGE_CURVE('',#1372,#1373,#1304,.T.);
#1682=EDGE_CURVE('',#1373,#1374,#516,.T.);
#1683=EDGE_CURVE('',#1374,#1357,#517,.T.);
#1684=EDGE_CURVE('',#1375,#1376,#1305,.T.);
#1685=EDGE_CURVE('',#1376,#1377,#518,.T.);
#1686=EDGE_CURVE('',#1377,#1378,#519,.T.);
#1687=EDGE_CURVE('',#1378,#1379,#520,.T.);
#1688=EDGE_CURVE('',#1379,#1380,#1306,.T.);
#1689=EDGE_CURVE('',#1380,#1381,#521,.T.);
#1690=EDGE_CURVE('',#1381,#1382,#522,.T.);
#1691=EDGE_CURVE('',#1382,#1383,#523,.T.);
#1692=EDGE_CURVE('',#1383,#1384,#1307,.T.);
#1693=EDGE_CURVE('',#1384,#1385,#524,.T.);
#1694=EDGE_CURVE('',#1385,#1386,#525,.T.);
#1695=EDGE_CURVE('',#1386,#1387,#526,.T.);
#1696=EDGE_CURVE('',#1387,#1388,#1308,.T.);
#1697=EDGE_CURVE('',#1388,#1389,#527,.T.);
#1698=EDGE_CURVE('',#1389,#1390,#528,.T.);
#1699=EDGE_CURVE('',#1390,#1391,#529,.T.);
#1700=EDGE_CURVE('',#1391,#1392,#1309,.T.);
#1701=EDGE_CURVE('',#1392,#1393,#530,.T.);
#1702=EDGE_CURVE('',#1393,#1394,#531,.T.);
#1703=EDGE_CURVE('',#1394,#1395,#532,.T.);
#1704=EDGE_CURVE('',#1395,#1396,#1310,.T.);
#1705=EDGE_CURVE('',#1396,#1397,#533,.T.);
#1706=EDGE_CURVE('',#1397,#1398,#534,.T.);
#1707=EDGE_CURVE('',#1398,#1399,#535,.T.);
#1708=EDGE_CURVE('',#1399,#1400,#1311,.T.);
#1709=EDGE_CURVE('',#1400,#1401,#536,.T.);
#1710=EDGE_CURVE('',#1401,#1402,#537,.T.);
#1711=EDGE_CURVE('',#1402,#1403,#538,.T.);
#1712=EDGE_CURVE('',#1403,#1404,#1312,.T.);
#1713=EDGE_CURVE('',#1404,#1405,#539,.T.);
#1714=EDGE_CURVE('',#1405,#1406,#540,.T.);
#1715=EDGE_CURVE('',#1406,#1407,#541,.T.);
#1716=EDGE_CURVE('',#1407,#1408,#1313,.T.);
#1717=EDGE_CURVE('',#1408,#1409,#542,.T.);
#1718=EDGE_CURVE('',#1409,#1410,#543,.T.);
#1719=EDGE_CURVE('',#1410,#1411,#544,.T.);
#1720=EDGE_CURVE('',#1411,#1412,#1314,.T.);
#1721=EDGE_CURVE('',#1412,#1413,#545,.T.);
#1722=EDGE_CURVE('',#1413,#1414,#546,.T.);
#1723=EDGE_CURVE('',#1414,#1375,#547,.T.);
#1724=EDGE_CURVE('',#1415,#1416,#1315,.T.);
#1725=EDGE_CURVE('',#1416,#1417,#548,.T.);
#1726=EDGE_CURVE('',#1417,#1418,#549,.T.);
#1727=EDGE_CURVE('',#1418,#1419,#550,.T.);
#1728=EDGE_CURVE('',#1419,#1420,#1316,.T.);
#1729=EDGE_CURVE('',#1420,#1421,#551,.T.);
#1730=EDGE_CURVE('',#1421,#1422,#552,.T.);
#1731=EDGE_CURVE('',#1422,#1423,#553,.T.);
#1732=EDGE_CURVE('',#1423,#1424,#1317,.T.);
#1733=EDGE_CURVE('',#1424,#1425,#554,.T.);
#1734=EDGE_CURVE('',#1425,#1426,#555,.T.);
#1735=EDGE_CURVE('',#1426,#1427,#556,.T.);
#1736=EDGE_CURVE('',#1427,#1428,#1318,.T.);
#1737=EDGE_CURVE('',#1428,#1429,#557,.T.);
#1738=EDGE_CURVE('',#1429,#1430,#558,.T.);
#1739=EDGE_CURVE('',#1430,#1431,#559,.T.);
#1740=EDGE_CURVE('',#1431,#1432,#1319,.T.);
#1741=EDGE_CURVE('',#1432,#1433,#560,.T.);
#1742=EDGE_CURVE('',#1433,#1434,#561,.T.);
#1743=EDGE_CURVE('',#1434,#1435,#562,.T.);
#1744=EDGE_CURVE('',#1435,#1436,#1320,.T.);
#1745=EDGE_CURVE('',#1436,#1437,#563,.T.);
#1746=EDGE_CURVE('',#1437,#1438,#564,.T.);
#1747=EDGE_CURVE('',#1438,#1439,#565,.T.);
#1748=EDGE_CURVE('',#1439,#1440,#1321,.T.);
#1749=EDGE_CURVE('',#1440,#1441,#566,.T.);
#1750=EDGE_CURVE('',#1441,#1442,#567,.T.);
#1751=EDGE_CURVE('',#1442,#1443,#568,.T.);
#1752=EDGE_CURVE('',#1443,#1444,#1322,.T.);
#1753=EDGE_CURVE('',#1444,#1445,#569,.T.);
#1754=EDGE_CURVE('',#1445,#1446,#570,.T.);
#1755=EDGE_CURVE('',#1446,#1447,#571,.T.);
#1756=EDGE_CURVE('',#1447,#1448,#1323,.T.);
#1757=EDGE_CURVE('',#1448,#1449,#572,.T.);
#1758=EDGE_CURVE('',#1449,#1450,#573,.T.);
#1759=EDGE_CURVE('',#1450,#1451,#574,.T.);
#1760=EDGE_CURVE('',#1451,#1452,#1324,.T.);
#1761=EDGE_CURVE('',#1452,#1453,#575,.T.);
#1762=EDGE_CURVE('',#1453,#1454,#576,.T.);
#1763=EDGE_CURVE('',#1454,#1415,#577,.T.);
#1764=EDGE_CURVE('',#1455,#1456,#578,.T.);
#1765=EDGE_CURVE('',#1456,#1457,#579,.T.);
#1766=EDGE_CURVE('',#1457,#1458,#580,.T.);
#1767=EDGE_CURVE('',#1458,#1459,#581,.T.);
#1768=EDGE_CURVE('',#1459,#1460,#582,.T.);
#1769=EDGE_CURVE('',#1460,#1461,#583,.T.);
#1770=EDGE_CURVE('',#1461,#1462,#584,.T.);
#1771=EDGE_CURVE('',#1462,#1455,#585,.T.);
#1772=EDGE_CURVE('',#1463,#1464,#586,.T.);
#1773=EDGE_CURVE('',#1464,#1465,#587,.T.);
#1774=EDGE_CURVE('',#1465,#1463,#588,.T.);
#1775=EDGE_CURVE('',#1466,#1467,#589,.T.);
#1776=EDGE_CURVE('',#1467,#1468,#590,.T.);
#1777=EDGE_CURVE('',#1468,#1466,#591,.T.);
#1778=EDGE_CURVE('',#1469,#1470,#592,.T.);
#1779=EDGE_CURVE('',#1470,#1471,#593,.T.);
#1780=EDGE_CURVE('',#1471,#1469,#594,.T.);
#1781=EDGE_CURVE('',#1472,#1473,#595,.T.);
#1782=EDGE_CURVE('',#1473,#1474,#596,.T.);
#1783=EDGE_CURVE('',#1474,#1472,#597,.T.);
#1784=EDGE_CURVE('',#1475,#1476,#598,.T.);
#1785=EDGE_CURVE('',#1476,#1477,#599,.T.);
#1786=EDGE_CURVE('',#1477,#1475,#600,.T.);
#1787=EDGE_CURVE('',#1478,#1411,#601,.T.);
#1788=EDGE_CURVE('',#1479,#1478,#1325,.T.);
#1789=EDGE_CURVE('',#1412,#1479,#602,.T.);
#1790=EDGE_CURVE('',#1480,#1407,#603,.T.);
#1791=EDGE_CURVE('',#1481,#1480,#1326,.T.);
#1792=EDGE_CURVE('',#1408,#1481,#604,.T.);
#1793=EDGE_CURVE('',#1482,#1403,#605,.T.);
#1794=EDGE_CURVE('',#1483,#1482,#1327,.T.);
#1795=EDGE_CURVE('',#1404,#1483,#606,.T.);
#1796=EDGE_CURVE('',#1484,#1399,#607,.T.);
#1797=EDGE_CURVE('',#1485,#1484,#1328,.T.);
#1798=EDGE_CURVE('',#1400,#1485,#608,.T.);
#1799=EDGE_CURVE('',#1486,#1395,#609,.T.);
#1800=EDGE_CURVE('',#1487,#1486,#1329,.T.);
#1801=EDGE_CURVE('',#1396,#1487,#610,.T.);
#1802=EDGE_CURVE('',#1488,#1391,#611,.T.);
#1803=EDGE_CURVE('',#1489,#1488,#1330,.T.);
#1804=EDGE_CURVE('',#1392,#1489,#612,.T.);
#1805=EDGE_CURVE('',#1490,#1387,#613,.T.);
#1806=EDGE_CURVE('',#1491,#1490,#1331,.T.);
#1807=EDGE_CURVE('',#1388,#1491,#614,.T.);
#1808=EDGE_CURVE('',#1492,#1383,#615,.T.);
#1809=EDGE_CURVE('',#1493,#1492,#1332,.T.);
#1810=EDGE_CURVE('',#1384,#1493,#616,.T.);
#1811=EDGE_CURVE('',#1494,#1379,#617,.T.);
#1812=EDGE_CURVE('',#1495,#1494,#1333,.T.);
#1813=EDGE_CURVE('',#1380,#1495,#618,.T.);
#1814=EDGE_CURVE('',#1496,#1375,#619,.T.);
#1815=EDGE_CURVE('',#1497,#1496,#1334,.T.);
#1816=EDGE_CURVE('',#1376,#1497,#620,.T.);
#1817=EDGE_CURVE('',#1498,#1451,#621,.T.);
#1818=EDGE_CURVE('',#1499,#1498,#1335,.T.);
#1819=EDGE_CURVE('',#1452,#1499,#622,.T.);
#1820=EDGE_CURVE('',#1500,#1447,#623,.T.);
#1821=EDGE_CURVE('',#1501,#1500,#1336,.T.);
#1822=EDGE_CURVE('',#1448,#1501,#624,.T.);
#1823=EDGE_CURVE('',#1502,#1443,#625,.T.);
#1824=EDGE_CURVE('',#1503,#1502,#1337,.T.);
#1825=EDGE_CURVE('',#1444,#1503,#626,.T.);
#1826=EDGE_CURVE('',#1504,#1439,#627,.T.);
#1827=EDGE_CURVE('',#1505,#1504,#1338,.T.);
#1828=EDGE_CURVE('',#1440,#1505,#628,.T.);
#1829=EDGE_CURVE('',#1506,#1435,#629,.T.);
#1830=EDGE_CURVE('',#1507,#1506,#1339,.T.);
#1831=EDGE_CURVE('',#1436,#1507,#630,.T.);
#1832=EDGE_CURVE('',#1508,#1431,#631,.T.);
#1833=EDGE_CURVE('',#1509,#1508,#1340,.T.);
#1834=EDGE_CURVE('',#1432,#1509,#632,.T.);
#1835=EDGE_CURVE('',#1510,#1427,#633,.T.);
#1836=EDGE_CURVE('',#1511,#1510,#1341,.T.);
#1837=EDGE_CURVE('',#1428,#1511,#634,.T.);
#1838=EDGE_CURVE('',#1512,#1423,#635,.T.);
#1839=EDGE_CURVE('',#1513,#1512,#1342,.T.);
#1840=EDGE_CURVE('',#1424,#1513,#636,.T.);
#1841=EDGE_CURVE('',#1514,#1419,#637,.T.);
#1842=EDGE_CURVE('',#1515,#1514,#1343,.T.);
#1843=EDGE_CURVE('',#1420,#1515,#638,.T.);
#1844=EDGE_CURVE('',#1516,#1415,#639,.T.);
#1845=EDGE_CURVE('',#1517,#1516,#1344,.T.);
#1846=EDGE_CURVE('',#1416,#1517,#640,.T.);
#1847=EDGE_CURVE('',#1518,#1414,#641,.T.);
#1848=EDGE_CURVE('',#1518,#1496,#642,.T.);
#1849=EDGE_CURVE('',#1519,#1378,#643,.T.);
#1850=EDGE_CURVE('',#1519,#1494,#644,.T.);
#1851=EDGE_CURVE('',#1520,#1382,#645,.T.);
#1852=EDGE_CURVE('',#1520,#1492,#646,.T.);
#1853=EDGE_CURVE('',#1521,#1386,#647,.T.);
#1854=EDGE_CURVE('',#1521,#1490,#648,.T.);
#1855=EDGE_CURVE('',#1522,#1390,#649,.T.);
#1856=EDGE_CURVE('',#1522,#1488,#650,.T.);
#1857=EDGE_CURVE('',#1523,#1394,#651,.T.);
#1858=EDGE_CURVE('',#1523,#1486,#652,.T.);
#1859=EDGE_CURVE('',#1524,#1398,#653,.T.);
#1860=EDGE_CURVE('',#1524,#1484,#654,.T.);
#1861=EDGE_CURVE('',#1525,#1402,#655,.T.);
#1862=EDGE_CURVE('',#1525,#1482,#656,.T.);
#1863=EDGE_CURVE('',#1526,#1406,#657,.T.);
#1864=EDGE_CURVE('',#1526,#1480,#658,.T.);
#1865=EDGE_CURVE('',#1527,#1410,#659,.T.);
#1866=EDGE_CURVE('',#1527,#1478,#660,.T.);
#1867=EDGE_CURVE('',#1528,#1454,#661,.T.);
#1868=EDGE_CURVE('',#1528,#1516,#662,.T.);
#1869=EDGE_CURVE('',#1529,#1418,#663,.T.);
#1870=EDGE_CURVE('',#1529,#1514,#664,.T.);
#1871=EDGE_CURVE('',#1530,#1422,#665,.T.);
#1872=EDGE_CURVE('',#1530,#1512,#666,.T.);
#1873=EDGE_CURVE('',#1531,#1426,#667,.T.);
#1874=EDGE_CURVE('',#1531,#1510,#668,.T.);
#1875=EDGE_CURVE('',#1532,#1430,#669,.T.);
#1876=EDGE_CURVE('',#1532,#1508,#670,.T.);
#1877=EDGE_CURVE('',#1533,#1434,#671,.T.);
#1878=EDGE_CURVE('',#1533,#1506,#672,.T.);
#1879=EDGE_CURVE('',#1534,#1438,#673,.T.);
#1880=EDGE_CURVE('',#1534,#1504,#674,.T.);
#1881=EDGE_CURVE('',#1535,#1442,#675,.T.);
#1882=EDGE_CURVE('',#1535,#1502,#676,.T.);
#1883=EDGE_CURVE('',#1536,#1446,#677,.T.);
#1884=EDGE_CURVE('',#1536,#1500,#678,.T.);
#1885=EDGE_CURVE('',#1537,#1450,#679,.T.);
#1886=EDGE_CURVE('',#1537,#1498,#680,.T.);
#1887=EDGE_CURVE('',#1538,#1539,#681,.T.);
#1888=EDGE_CURVE('',#1477,#1538,#682,.T.);
#1889=EDGE_CURVE('',#1539,#1476,#683,.T.);
#1890=EDGE_CURVE('',#1539,#1540,#684,.T.);
#1891=EDGE_CURVE('',#1475,#1540,#685,.T.);
#1892=EDGE_CURVE('',#1540,#1538,#686,.T.);
#1893=EDGE_CURVE('',#1541,#1542,#687,.T.);
#1894=EDGE_CURVE('',#1474,#1541,#688,.T.);
#1895=EDGE_CURVE('',#1542,#1473,#689,.T.);
#1896=EDGE_CURVE('',#1542,#1543,#690,.T.);
#1897=EDGE_CURVE('',#1472,#1543,#691,.T.);
#1898=EDGE_CURVE('',#1543,#1541,#692,.T.);
#1899=EDGE_CURVE('',#1544,#1545,#693,.T.);
#1900=EDGE_CURVE('',#1471,#1544,#694,.T.);
#1901=EDGE_CURVE('',#1545,#1470,#695,.T.);
#1902=EDGE_CURVE('',#1545,#1546,#696,.T.);
#1903=EDGE_CURVE('',#1469,#1546,#697,.T.);
#1904=EDGE_CURVE('',#1546,#1544,#698,.T.);
#1905=EDGE_CURVE('',#1547,#1548,#699,.T.);
#1906=EDGE_CURVE('',#1468,#1547,#700,.T.);
#1907=EDGE_CURVE('',#1548,#1467,#701,.T.);
#1908=EDGE_CURVE('',#1548,#1549,#702,.T.);
#1909=EDGE_CURVE('',#1466,#1549,#703,.T.);
#1910=EDGE_CURVE('',#1549,#1547,#704,.T.);
#1911=EDGE_CURVE('',#1550,#1551,#705,.T.);
#1912=EDGE_CURVE('',#1465,#1550,#706,.T.);
#1913=EDGE_CURVE('',#1551,#1464,#707,.T.);
#1914=EDGE_CURVE('',#1551,#1552,#708,.T.);
#1915=EDGE_CURVE('',#1463,#1552,#709,.T.);
#1916=EDGE_CURVE('',#1552,#1550,#710,.T.);
#1917=EDGE_CURVE('',#1553,#1554,#1345,.T.);
#1918=EDGE_CURVE('',#1554,#1555,#711,.T.);
#1919=EDGE_CURVE('',#1555,#1556,#19,.T.);
#1920=EDGE_CURVE('',#1556,#1553,#712,.T.);
#1921=EDGE_CURVE('',#1557,#1556,#713,.T.);
#1922=EDGE_CURVE('',#1557,#1360,#714,.T.);
#1923=EDGE_CURVE('',#1558,#1374,#715,.T.);
#1924=EDGE_CURVE('',#1553,#1558,#716,.T.);
#1925=EDGE_CURVE('',#1559,#1555,#717,.T.);
#1926=EDGE_CURVE('',#1560,#1559,#718,.T.);
#1927=EDGE_CURVE('',#1560,#1557,#719,.T.);
#1928=EDGE_CURVE('',#1561,#1562,#20,.T.);
#1929=EDGE_CURVE('',#1562,#1563,#720,.T.);
#1930=EDGE_CURVE('',#1563,#1564,#1346,.T.);
#1931=EDGE_CURVE('',#1564,#1561,#721,.T.);
#1932=EDGE_CURVE('',#1565,#1564,#722,.T.);
#1933=EDGE_CURVE('',#1565,#1362,#723,.T.);
#1934=EDGE_CURVE('',#1566,#1359,#724,.T.);
#1935=EDGE_CURVE('',#1561,#1566,#725,.T.);
#1936=EDGE_CURVE('',#1567,#1558,#726,.T.);
#1937=EDGE_CURVE('',#1568,#1567,#1347,.T.);
#1938=EDGE_CURVE('',#1568,#1569,#727,.T.);
#1939=EDGE_CURVE('',#1569,#1570,#728,.T.);
#1940=EDGE_CURVE('',#1570,#1571,#729,.T.);
#1941=EDGE_CURVE('',#1571,#1572,#730,.T.);
#1942=EDGE_CURVE('',#1572,#1573,#731,.T.);
#1943=EDGE_CURVE('',#1573,#1574,#732,.T.);
#1944=EDGE_CURVE('',#1574,#1575,#733,.T.);
#1945=EDGE_CURVE('',#1575,#1576,#734,.T.);
#1946=EDGE_CURVE('',#1577,#1576,#735,.T.);
#1947=EDGE_CURVE('',#1578,#1577,#736,.T.);
#1948=EDGE_CURVE('',#1578,#1579,#737,.T.);
#1949=EDGE_CURVE('',#1579,#1580,#738,.T.);
#1950=EDGE_CURVE('',#1581,#1580,#1348,.T.);
#1951=EDGE_CURVE('',#1582,#1581,#739,.T.);
#1952=EDGE_CURVE('',#1583,#1582,#1349,.T.);
#1953=EDGE_CURVE('',#1565,#1583,#740,.T.);
#1954=EDGE_CURVE('',#1554,#1563,#741,.T.);
#1955=EDGE_CURVE('',#1584,#1585,#742,.T.);
#1956=EDGE_CURVE('',#1584,#1586,#743,.T.);
#1957=EDGE_CURVE('',#1587,#1586,#744,.T.);
#1958=EDGE_CURVE('',#1587,#1588,#745,.T.);
#1959=EDGE_CURVE('',#1589,#1588,#746,.T.);
#1960=EDGE_CURVE('',#1589,#1590,#747,.T.);
#1961=EDGE_CURVE('',#1591,#1590,#748,.T.);
#1962=EDGE_CURVE('',#1591,#1585,#749,.T.);
#1963=EDGE_CURVE('',#1592,#1528,#750,.T.);
#1964=EDGE_CURVE('',#1499,#1592,#751,.T.);
#1965=EDGE_CURVE('',#1593,#1537,#752,.T.);
#1966=EDGE_CURVE('',#1501,#1593,#753,.T.);
#1967=EDGE_CURVE('',#1594,#1536,#754,.T.);
#1968=EDGE_CURVE('',#1503,#1594,#755,.T.);
#1969=EDGE_CURVE('',#1595,#1535,#756,.T.);
#1970=EDGE_CURVE('',#1505,#1595,#757,.T.);
#1971=EDGE_CURVE('',#1596,#1534,#758,.T.);
#1972=EDGE_CURVE('',#1507,#1596,#759,.T.);
#1973=EDGE_CURVE('',#1597,#1533,#760,.T.);
#1974=EDGE_CURVE('',#1509,#1597,#761,.T.);
#1975=EDGE_CURVE('',#1598,#1532,#762,.T.);
#1976=EDGE_CURVE('',#1511,#1598,#763,.T.);
#1977=EDGE_CURVE('',#1599,#1531,#764,.T.);
#1978=EDGE_CURVE('',#1513,#1599,#765,.T.);
#1979=EDGE_CURVE('',#1600,#1530,#766,.T.);
#1980=EDGE_CURVE('',#1515,#1600,#767,.T.);
#1981=EDGE_CURVE('',#1601,#1529,#768,.T.);
#1982=EDGE_CURVE('',#1517,#1601,#769,.T.);
#1983=EDGE_CURVE('',#1602,#1518,#770,.T.);
#1984=EDGE_CURVE('',#1479,#1602,#771,.T.);
#1985=EDGE_CURVE('',#1603,#1527,#772,.T.);
#1986=EDGE_CURVE('',#1481,#1603,#773,.T.);
#1987=EDGE_CURVE('',#1604,#1526,#774,.T.);
#1988=EDGE_CURVE('',#1483,#1604,#775,.T.);
#1989=EDGE_CURVE('',#1605,#1525,#776,.T.);
#1990=EDGE_CURVE('',#1485,#1605,#777,.T.);
#1991=EDGE_CURVE('',#1606,#1524,#778,.T.);
#1992=EDGE_CURVE('',#1487,#1606,#779,.T.);
#1993=EDGE_CURVE('',#1607,#1523,#780,.T.);
#1994=EDGE_CURVE('',#1489,#1607,#781,.T.);
#1995=EDGE_CURVE('',#1608,#1522,#782,.T.);
#1996=EDGE_CURVE('',#1491,#1608,#783,.T.);
#1997=EDGE_CURVE('',#1609,#1521,#784,.T.);
#1998=EDGE_CURVE('',#1493,#1609,#785,.T.);
#1999=EDGE_CURVE('',#1610,#1520,#786,.T.);
#2000=EDGE_CURVE('',#1495,#1610,#787,.T.);
#2001=EDGE_CURVE('',#1611,#1519,#788,.T.);
#2002=EDGE_CURVE('',#1497,#1611,#789,.T.);
#2003=EDGE_CURVE('',#1560,#1612,#1350,.T.);
#2004=EDGE_CURVE('',#1559,#1613,#1351,.T.);
#2005=EDGE_CURVE('',#1613,#1612,#790,.T.);
#2006=EDGE_CURVE('',#1566,#1612,#791,.T.);
#2007=EDGE_CURVE('',#1562,#1613,#792,.T.);
#2008=EDGE_CURVE('',#1567,#1373,#793,.T.);
#2009=EDGE_CURVE('',#1568,#1372,#794,.T.);
#2010=EDGE_CURVE('',#1583,#1363,#795,.T.);
#2011=EDGE_CURVE('',#1582,#1364,#796,.T.);
#2012=EDGE_CURVE('',#1365,#1581,#797,.T.);
#2013=EDGE_CURVE('',#1580,#1366,#798,.T.);
#2014=EDGE_CURVE('',#1367,#1579,#799,.T.);
#2015=EDGE_CURVE('',#1569,#1371,#800,.T.);
#2016=EDGE_CURVE('',#1614,#1370,#801,.T.);
#2017=EDGE_CURVE('',#1615,#1614,#802,.T.);
#2018=EDGE_CURVE('',#1570,#1615,#803,.T.);
#2019=EDGE_CURVE('',#1616,#1574,#804,.T.);
#2020=EDGE_CURVE('',#1617,#1616,#805,.T.);
#2021=EDGE_CURVE('',#1617,#1618,#806,.T.);
#2022=EDGE_CURVE('',#1575,#1618,#807,.T.);
#2023=EDGE_CURVE('',#1619,#1617,#808,.T.);
#2024=EDGE_CURVE('',#1619,#1620,#809,.T.);
#2025=EDGE_CURVE('',#1620,#1618,#810,.T.);
#2026=EDGE_CURVE('',#1621,#1619,#811,.T.);
#2027=EDGE_CURVE('',#1621,#1577,#812,.T.);
#2028=EDGE_CURVE('',#1576,#1620,#813,.T.);
#2029=EDGE_CURVE('',#1622,#1623,#814,.T.);
#2030=EDGE_CURVE('',#1622,#1624,#815,.T.);
#2031=EDGE_CURVE('',#1624,#1625,#816,.T.);
#2032=EDGE_CURVE('',#1625,#1623,#817,.T.);
#2033=EDGE_CURVE('',#1626,#1627,#818,.T.);
#2034=EDGE_CURVE('',#1627,#1623,#819,.T.);
#2035=EDGE_CURVE('',#1625,#1628,#820,.T.);
#2036=EDGE_CURVE('',#1628,#1629,#821,.T.);
#2037=EDGE_CURVE('',#1629,#1626,#822,.T.);
#2038=EDGE_CURVE('',#1630,#1572,#823,.T.);
#2039=EDGE_CURVE('',#1631,#1630,#824,.T.);
#2040=EDGE_CURVE('',#1632,#1631,#825,.T.);
#2041=EDGE_CURVE('',#1632,#1573,#826,.T.);
#2042=EDGE_CURVE('',#1630,#1633,#827,.T.);
#2043=EDGE_CURVE('',#1633,#1634,#828,.T.);
#2044=EDGE_CURVE('',#1631,#1634,#829,.T.);
#2045=EDGE_CURVE('',#1634,#1615,#830,.T.);
#2046=EDGE_CURVE('',#1571,#1633,#831,.T.);
#2047=EDGE_CURVE('',#1578,#1368,#832,.T.);
#2048=EDGE_CURVE('',#1635,#1621,#833,.T.);
#2049=EDGE_CURVE('',#1635,#1636,#834,.T.);
#2050=EDGE_CURVE('',#1637,#1636,#835,.T.);
#2051=EDGE_CURVE('',#1637,#1369,#836,.T.);
#2052=EDGE_CURVE('',#1614,#1637,#837,.T.);
#2053=EDGE_CURVE('',#1636,#1638,#838,.T.);
#2054=EDGE_CURVE('',#1639,#1638,#839,.T.);
#2055=EDGE_CURVE('',#1640,#1639,#840,.T.);
#2056=EDGE_CURVE('',#1641,#1640,#841,.T.);
#2057=EDGE_CURVE('',#1624,#1641,#842,.T.);
#2058=EDGE_CURVE('',#1642,#1622,#843,.T.);
#2059=EDGE_CURVE('',#1642,#1643,#844,.T.);
#2060=EDGE_CURVE('',#1643,#1644,#845,.T.);
#2061=EDGE_CURVE('',#1645,#1644,#846,.T.);
#2062=EDGE_CURVE('',#1646,#1645,#847,.T.);
#2063=EDGE_CURVE('',#1647,#1646,#848,.T.);
#2064=EDGE_CURVE('',#1647,#1648,#849,.T.);
#2065=EDGE_CURVE('',#1648,#1632,#850,.T.);
#2066=EDGE_CURVE('',#1638,#1616,#851,.T.);
#2067=EDGE_CURVE('',#1649,#1648,#852,.T.);
#2068=EDGE_CURVE('',#1650,#1649,#853,.T.);
#2069=EDGE_CURVE('',#1643,#1650,#854,.T.);
#2070=EDGE_CURVE('',#1627,#1642,#855,.T.);
#2071=EDGE_CURVE('',#1639,#1626,#856,.T.);
#2072=EDGE_CURVE('',#1590,#1458,#857,.T.);
#2073=EDGE_CURVE('',#1591,#1457,#858,.T.);
#2074=EDGE_CURVE('',#1455,#1584,#859,.T.);
#2075=EDGE_CURVE('',#1585,#1456,#860,.T.);
#2076=EDGE_CURVE('',#1587,#1461,#861,.T.);
#2077=EDGE_CURVE('',#1586,#1462,#862,.T.);
#2078=EDGE_CURVE('',#1588,#1460,#863,.T.);
#2079=EDGE_CURVE('',#1589,#1459,#864,.T.);
#2080=EDGE_CURVE('',#1592,#1453,#865,.T.);
#2081=EDGE_CURVE('',#1601,#1417,#866,.T.);
#2082=EDGE_CURVE('',#1600,#1421,#867,.T.);
#2083=EDGE_CURVE('',#1599,#1425,#868,.T.);
#2084=EDGE_CURVE('',#1598,#1429,#869,.T.);
#2085=EDGE_CURVE('',#1597,#1433,#870,.T.);
#2086=EDGE_CURVE('',#1596,#1437,#871,.T.);
#2087=EDGE_CURVE('',#1595,#1441,#872,.T.);
#2088=EDGE_CURVE('',#1594,#1445,#873,.T.);
#2089=EDGE_CURVE('',#1593,#1449,#874,.T.);
#2090=EDGE_CURVE('',#1611,#1377,#875,.T.);
#2091=EDGE_CURVE('',#1610,#1381,#876,.T.);
#2092=EDGE_CURVE('',#1609,#1385,#877,.T.);
#2093=EDGE_CURVE('',#1608,#1389,#878,.T.);
#2094=EDGE_CURVE('',#1607,#1393,#879,.T.);
#2095=EDGE_CURVE('',#1606,#1397,#880,.T.);
#2096=EDGE_CURVE('',#1605,#1401,#881,.T.);
#2097=EDGE_CURVE('',#1604,#1405,#882,.T.);
#2098=EDGE_CURVE('',#1603,#1409,#883,.T.);
#2099=EDGE_CURVE('',#1602,#1413,#884,.T.);
#2100=EDGE_CURVE('',#1651,#1644,#885,.T.);
#2101=EDGE_CURVE('',#1651,#1652,#886,.T.);
#2102=EDGE_CURVE('',#1645,#1652,#887,.T.);
#2103=EDGE_CURVE('',#1650,#1651,#888,.T.);
#2104=EDGE_CURVE('',#1653,#1649,#889,.T.);
#2105=EDGE_CURVE('',#1653,#1654,#890,.T.);
#2106=EDGE_CURVE('',#1654,#1652,#891,.T.);
#2107=EDGE_CURVE('',#1640,#1629,#892,.T.);
#2108=EDGE_CURVE('',#1647,#1653,#893,.T.);
#2109=EDGE_CURVE('',#1646,#1654,#894,.T.);
#2110=EDGE_CURVE('',#1641,#1628,#895,.T.);
#2111=EDGE_CURVE('',#1616,#1635,#896,.T.);
#2112=ORIENTED_EDGE('',*,*,#1655,.F.);
#2113=ORIENTED_EDGE('',*,*,#1656,.T.);
#2114=ORIENTED_EDGE('',*,*,#1657,.F.);
#2115=ORIENTED_EDGE('',*,*,#1658,.T.);
#2116=ORIENTED_EDGE('',*,*,#1655,.T.);
#2117=ORIENTED_EDGE('',*,*,#1659,.F.);
#2118=ORIENTED_EDGE('',*,*,#1660,.F.);
#2119=ORIENTED_EDGE('',*,*,#1661,.F.);
#2120=ORIENTED_EDGE('',*,*,#1658,.F.);
#2121=ORIENTED_EDGE('',*,*,#1662,.T.);
#2122=ORIENTED_EDGE('',*,*,#1663,.T.);
#2123=ORIENTED_EDGE('',*,*,#1659,.T.);
#2124=ORIENTED_EDGE('',*,*,#1664,.F.);
#2125=ORIENTED_EDGE('',*,*,#1665,.T.);
#2126=ORIENTED_EDGE('',*,*,#1666,.F.);
#2127=ORIENTED_EDGE('',*,*,#1667,.T.);
#2128=ORIENTED_EDGE('',*,*,#1657,.T.);
#2129=ORIENTED_EDGE('',*,*,#1668,.F.);
#2130=ORIENTED_EDGE('',*,*,#1666,.T.);
#2131=ORIENTED_EDGE('',*,*,#1662,.F.);
#2132=ORIENTED_EDGE('',*,*,#1656,.F.);
#2133=ORIENTED_EDGE('',*,*,#1661,.T.);
#2134=ORIENTED_EDGE('',*,*,#1669,.T.);
#2135=ORIENTED_EDGE('',*,*,#1668,.T.);
#2136=ORIENTED_EDGE('',*,*,#1660,.T.);
#2137=ORIENTED_EDGE('',*,*,#1670,.T.);
#2138=ORIENTED_EDGE('',*,*,#1671,.T.);
#2139=ORIENTED_EDGE('',*,*,#1672,.T.);
#2140=ORIENTED_EDGE('',*,*,#1673,.T.);
#2141=ORIENTED_EDGE('',*,*,#1674,.T.);
#2142=ORIENTED_EDGE('',*,*,#1675,.T.);
#2143=ORIENTED_EDGE('',*,*,#1676,.T.);
#2144=ORIENTED_EDGE('',*,*,#1677,.T.);
#2145=ORIENTED_EDGE('',*,*,#1678,.T.);
#2146=ORIENTED_EDGE('',*,*,#1679,.T.);
#2147=ORIENTED_EDGE('',*,*,#1680,.T.);
#2148=ORIENTED_EDGE('',*,*,#1681,.T.);
#2149=ORIENTED_EDGE('',*,*,#1682,.T.);
#2150=ORIENTED_EDGE('',*,*,#1683,.T.);
#2151=ORIENTED_EDGE('',*,*,#1684,.T.);
#2152=ORIENTED_EDGE('',*,*,#1685,.T.);
#2153=ORIENTED_EDGE('',*,*,#1686,.T.);
#2154=ORIENTED_EDGE('',*,*,#1687,.T.);
#2155=ORIENTED_EDGE('',*,*,#1688,.T.);
#2156=ORIENTED_EDGE('',*,*,#1689,.T.);
#2157=ORIENTED_EDGE('',*,*,#1690,.T.);
#2158=ORIENTED_EDGE('',*,*,#1691,.T.);
#2159=ORIENTED_EDGE('',*,*,#1692,.T.);
#2160=ORIENTED_EDGE('',*,*,#1693,.T.);
#2161=ORIENTED_EDGE('',*,*,#1694,.T.);
#2162=ORIENTED_EDGE('',*,*,#1695,.T.);
#2163=ORIENTED_EDGE('',*,*,#1696,.T.);
#2164=ORIENTED_EDGE('',*,*,#1697,.T.);
#2165=ORIENTED_EDGE('',*,*,#1698,.T.);
#2166=ORIENTED_EDGE('',*,*,#1699,.T.);
#2167=ORIENTED_EDGE('',*,*,#1700,.T.);
#2168=ORIENTED_EDGE('',*,*,#1701,.T.);
#2169=ORIENTED_EDGE('',*,*,#1702,.T.);
#2170=ORIENTED_EDGE('',*,*,#1703,.T.);
#2171=ORIENTED_EDGE('',*,*,#1704,.T.);
#2172=ORIENTED_EDGE('',*,*,#1705,.T.);
#2173=ORIENTED_EDGE('',*,*,#1706,.T.);
#2174=ORIENTED_EDGE('',*,*,#1707,.T.);
#2175=ORIENTED_EDGE('',*,*,#1708,.T.);
#2176=ORIENTED_EDGE('',*,*,#1709,.T.);
#2177=ORIENTED_EDGE('',*,*,#1710,.T.);
#2178=ORIENTED_EDGE('',*,*,#1711,.T.);
#2179=ORIENTED_EDGE('',*,*,#1712,.T.);
#2180=ORIENTED_EDGE('',*,*,#1713,.T.);
#2181=ORIENTED_EDGE('',*,*,#1714,.T.);
#2182=ORIENTED_EDGE('',*,*,#1715,.T.);
#2183=ORIENTED_EDGE('',*,*,#1716,.T.);
#2184=ORIENTED_EDGE('',*,*,#1717,.T.);
#2185=ORIENTED_EDGE('',*,*,#1718,.T.);
#2186=ORIENTED_EDGE('',*,*,#1719,.T.);
#2187=ORIENTED_EDGE('',*,*,#1720,.T.);
#2188=ORIENTED_EDGE('',*,*,#1721,.T.);
#2189=ORIENTED_EDGE('',*,*,#1722,.T.);
#2190=ORIENTED_EDGE('',*,*,#1723,.T.);
#2191=ORIENTED_EDGE('',*,*,#1724,.T.);
#2192=ORIENTED_EDGE('',*,*,#1725,.T.);
#2193=ORIENTED_EDGE('',*,*,#1726,.T.);
#2194=ORIENTED_EDGE('',*,*,#1727,.T.);
#2195=ORIENTED_EDGE('',*,*,#1728,.T.);
#2196=ORIENTED_EDGE('',*,*,#1729,.T.);
#2197=ORIENTED_EDGE('',*,*,#1730,.T.);
#2198=ORIENTED_EDGE('',*,*,#1731,.T.);
#2199=ORIENTED_EDGE('',*,*,#1732,.T.);
#2200=ORIENTED_EDGE('',*,*,#1733,.T.);
#2201=ORIENTED_EDGE('',*,*,#1734,.T.);
#2202=ORIENTED_EDGE('',*,*,#1735,.T.);
#2203=ORIENTED_EDGE('',*,*,#1736,.T.);
#2204=ORIENTED_EDGE('',*,*,#1737,.T.);
#2205=ORIENTED_EDGE('',*,*,#1738,.T.);
#2206=ORIENTED_EDGE('',*,*,#1739,.T.);
#2207=ORIENTED_EDGE('',*,*,#1740,.T.);
#2208=ORIENTED_EDGE('',*,*,#1741,.T.);
#2209=ORIENTED_EDGE('',*,*,#1742,.T.);
#2210=ORIENTED_EDGE('',*,*,#1743,.T.);
#2211=ORIENTED_EDGE('',*,*,#1744,.T.);
#2212=ORIENTED_EDGE('',*,*,#1745,.T.);
#2213=ORIENTED_EDGE('',*,*,#1746,.T.);
#2214=ORIENTED_EDGE('',*,*,#1747,.T.);
#2215=ORIENTED_EDGE('',*,*,#1748,.T.);
#2216=ORIENTED_EDGE('',*,*,#1749,.T.);
#2217=ORIENTED_EDGE('',*,*,#1750,.T.);
#2218=ORIENTED_EDGE('',*,*,#1751,.T.);
#2219=ORIENTED_EDGE('',*,*,#1752,.T.);
#2220=ORIENTED_EDGE('',*,*,#1753,.T.);
#2221=ORIENTED_EDGE('',*,*,#1754,.T.);
#2222=ORIENTED_EDGE('',*,*,#1755,.T.);
#2223=ORIENTED_EDGE('',*,*,#1756,.T.);
#2224=ORIENTED_EDGE('',*,*,#1757,.T.);
#2225=ORIENTED_EDGE('',*,*,#1758,.T.);
#2226=ORIENTED_EDGE('',*,*,#1759,.T.);
#2227=ORIENTED_EDGE('',*,*,#1760,.T.);
#2228=ORIENTED_EDGE('',*,*,#1761,.T.);
#2229=ORIENTED_EDGE('',*,*,#1762,.T.);
#2230=ORIENTED_EDGE('',*,*,#1763,.T.);
#2231=ORIENTED_EDGE('',*,*,#1764,.T.);
#2232=ORIENTED_EDGE('',*,*,#1765,.T.);
#2233=ORIENTED_EDGE('',*,*,#1766,.T.);
#2234=ORIENTED_EDGE('',*,*,#1767,.T.);
#2235=ORIENTED_EDGE('',*,*,#1768,.T.);
#2236=ORIENTED_EDGE('',*,*,#1769,.T.);
#2237=ORIENTED_EDGE('',*,*,#1770,.T.);
#2238=ORIENTED_EDGE('',*,*,#1771,.T.);
#2239=ORIENTED_EDGE('',*,*,#1772,.T.);
#2240=ORIENTED_EDGE('',*,*,#1773,.T.);
#2241=ORIENTED_EDGE('',*,*,#1774,.T.);
#2242=ORIENTED_EDGE('',*,*,#1775,.T.);
#2243=ORIENTED_EDGE('',*,*,#1776,.T.);
#2244=ORIENTED_EDGE('',*,*,#1777,.T.);
#2245=ORIENTED_EDGE('',*,*,#1778,.T.);
#2246=ORIENTED_EDGE('',*,*,#1779,.T.);
#2247=ORIENTED_EDGE('',*,*,#1780,.T.);
#2248=ORIENTED_EDGE('',*,*,#1781,.T.);
#2249=ORIENTED_EDGE('',*,*,#1782,.T.);
#2250=ORIENTED_EDGE('',*,*,#1783,.T.);
#2251=ORIENTED_EDGE('',*,*,#1784,.T.);
#2252=ORIENTED_EDGE('',*,*,#1785,.T.);
#2253=ORIENTED_EDGE('',*,*,#1786,.T.);
#2254=ORIENTED_EDGE('',*,*,#1787,.F.);
#2255=ORIENTED_EDGE('',*,*,#1788,.F.);
#2256=ORIENTED_EDGE('',*,*,#1789,.F.);
#2257=ORIENTED_EDGE('',*,*,#1720,.F.);
#2258=ORIENTED_EDGE('',*,*,#1790,.F.);
#2259=ORIENTED_EDGE('',*,*,#1791,.F.);
#2260=ORIENTED_EDGE('',*,*,#1792,.F.);
#2261=ORIENTED_EDGE('',*,*,#1716,.F.);
#2262=ORIENTED_EDGE('',*,*,#1793,.F.);
#2263=ORIENTED_EDGE('',*,*,#1794,.F.);
#2264=ORIENTED_EDGE('',*,*,#1795,.F.);
#2265=ORIENTED_EDGE('',*,*,#1712,.F.);
#2266=ORIENTED_EDGE('',*,*,#1796,.F.);
#2267=ORIENTED_EDGE('',*,*,#1797,.F.);
#2268=ORIENTED_EDGE('',*,*,#1798,.F.);
#2269=ORIENTED_EDGE('',*,*,#1708,.F.);
#2270=ORIENTED_EDGE('',*,*,#1799,.F.);
#2271=ORIENTED_EDGE('',*,*,#1800,.F.);
#2272=ORIENTED_EDGE('',*,*,#1801,.F.);
#2273=ORIENTED_EDGE('',*,*,#1704,.F.);
#2274=ORIENTED_EDGE('',*,*,#1802,.F.);
#2275=ORIENTED_EDGE('',*,*,#1803,.F.);
#2276=ORIENTED_EDGE('',*,*,#1804,.F.);
#2277=ORIENTED_EDGE('',*,*,#1700,.F.);
#2278=ORIENTED_EDGE('',*,*,#1805,.F.);
#2279=ORIENTED_EDGE('',*,*,#1806,.F.);
#2280=ORIENTED_EDGE('',*,*,#1807,.F.);
#2281=ORIENTED_EDGE('',*,*,#1696,.F.);
#2282=ORIENTED_EDGE('',*,*,#1808,.F.);
#2283=ORIENTED_EDGE('',*,*,#1809,.F.);
#2284=ORIENTED_EDGE('',*,*,#1810,.F.);
#2285=ORIENTED_EDGE('',*,*,#1692,.F.);
#2286=ORIENTED_EDGE('',*,*,#1811,.F.);
#2287=ORIENTED_EDGE('',*,*,#1812,.F.);
#2288=ORIENTED_EDGE('',*,*,#1813,.F.);
#2289=ORIENTED_EDGE('',*,*,#1688,.F.);
#2290=ORIENTED_EDGE('',*,*,#1814,.F.);
#2291=ORIENTED_EDGE('',*,*,#1815,.F.);
#2292=ORIENTED_EDGE('',*,*,#1816,.F.);
#2293=ORIENTED_EDGE('',*,*,#1684,.F.);
#2294=ORIENTED_EDGE('',*,*,#1817,.F.);
#2295=ORIENTED_EDGE('',*,*,#1818,.F.);
#2296=ORIENTED_EDGE('',*,*,#1819,.F.);
#2297=ORIENTED_EDGE('',*,*,#1760,.F.);
#2298=ORIENTED_EDGE('',*,*,#1820,.F.);
#2299=ORIENTED_EDGE('',*,*,#1821,.F.);
#2300=ORIENTED_EDGE('',*,*,#1822,.F.);
#2301=ORIENTED_EDGE('',*,*,#1756,.F.);
#2302=ORIENTED_EDGE('',*,*,#1823,.F.);
#2303=ORIENTED_EDGE('',*,*,#1824,.F.);
#2304=ORIENTED_EDGE('',*,*,#1825,.F.);
#2305=ORIENTED_EDGE('',*,*,#1752,.F.);
#2306=ORIENTED_EDGE('',*,*,#1826,.F.);
#2307=ORIENTED_EDGE('',*,*,#1827,.F.);
#2308=ORIENTED_EDGE('',*,*,#1828,.F.);
#2309=ORIENTED_EDGE('',*,*,#1748,.F.);
#2310=ORIENTED_EDGE('',*,*,#1829,.F.);
#2311=ORIENTED_EDGE('',*,*,#1830,.F.);
#2312=ORIENTED_EDGE('',*,*,#1831,.F.);
#2313=ORIENTED_EDGE('',*,*,#1744,.F.);
#2314=ORIENTED_EDGE('',*,*,#1832,.F.);
#2315=ORIENTED_EDGE('',*,*,#1833,.F.);
#2316=ORIENTED_EDGE('',*,*,#1834,.F.);
#2317=ORIENTED_EDGE('',*,*,#1740,.F.);
#2318=ORIENTED_EDGE('',*,*,#1835,.F.);
#2319=ORIENTED_EDGE('',*,*,#1836,.F.);
#2320=ORIENTED_EDGE('',*,*,#1837,.F.);
#2321=ORIENTED_EDGE('',*,*,#1736,.F.);
#2322=ORIENTED_EDGE('',*,*,#1838,.F.);
#2323=ORIENTED_EDGE('',*,*,#1839,.F.);
#2324=ORIENTED_EDGE('',*,*,#1840,.F.);
#2325=ORIENTED_EDGE('',*,*,#1732,.F.);
#2326=ORIENTED_EDGE('',*,*,#1841,.F.);
#2327=ORIENTED_EDGE('',*,*,#1842,.F.);
#2328=ORIENTED_EDGE('',*,*,#1843,.F.);
#2329=ORIENTED_EDGE('',*,*,#1728,.F.);
#2330=ORIENTED_EDGE('',*,*,#1844,.F.);
#2331=ORIENTED_EDGE('',*,*,#1845,.F.);
#2332=ORIENTED_EDGE('',*,*,#1846,.F.);
#2333=ORIENTED_EDGE('',*,*,#1724,.F.);
#2334=ORIENTED_EDGE('',*,*,#1814,.T.);
#2335=ORIENTED_EDGE('',*,*,#1723,.F.);
#2336=ORIENTED_EDGE('',*,*,#1847,.F.);
#2337=ORIENTED_EDGE('',*,*,#1848,.T.);
#2338=ORIENTED_EDGE('',*,*,#1811,.T.);
#2339=ORIENTED_EDGE('',*,*,#1687,.F.);
#2340=ORIENTED_EDGE('',*,*,#1849,.F.);
#2341=ORIENTED_EDGE('',*,*,#1850,.T.);
#2342=ORIENTED_EDGE('',*,*,#1808,.T.);
#2343=ORIENTED_EDGE('',*,*,#1691,.F.);
#2344=ORIENTED_EDGE('',*,*,#1851,.F.);
#2345=ORIENTED_EDGE('',*,*,#1852,.T.);
#2346=ORIENTED_EDGE('',*,*,#1805,.T.);
#2347=ORIENTED_EDGE('',*,*,#1695,.F.);
#2348=ORIENTED_EDGE('',*,*,#1853,.F.);
#2349=ORIENTED_EDGE('',*,*,#1854,.T.);
#2350=ORIENTED_EDGE('',*,*,#1802,.T.);
#2351=ORIENTED_EDGE('',*,*,#1699,.F.);
#2352=ORIENTED_EDGE('',*,*,#1855,.F.);
#2353=ORIENTED_EDGE('',*,*,#1856,.T.);
#2354=ORIENTED_EDGE('',*,*,#1799,.T.);
#2355=ORIENTED_EDGE('',*,*,#1703,.F.);
#2356=ORIENTED_EDGE('',*,*,#1857,.F.);
#2357=ORIENTED_EDGE('',*,*,#1858,.T.);
#2358=ORIENTED_EDGE('',*,*,#1796,.T.);
#2359=ORIENTED_EDGE('',*,*,#1707,.F.);
#2360=ORIENTED_EDGE('',*,*,#1859,.F.);
#2361=ORIENTED_EDGE('',*,*,#1860,.T.);
#2362=ORIENTED_EDGE('',*,*,#1793,.T.);
#2363=ORIENTED_EDGE('',*,*,#1711,.F.);
#2364=ORIENTED_EDGE('',*,*,#1861,.F.);
#2365=ORIENTED_EDGE('',*,*,#1862,.T.);
#2366=ORIENTED_EDGE('',*,*,#1790,.T.);
#2367=ORIENTED_EDGE('',*,*,#1715,.F.);
#2368=ORIENTED_EDGE('',*,*,#1863,.F.);
#2369=ORIENTED_EDGE('',*,*,#1864,.T.);
#2370=ORIENTED_EDGE('',*,*,#1787,.T.);
#2371=ORIENTED_EDGE('',*,*,#1719,.F.);
#2372=ORIENTED_EDGE('',*,*,#1865,.F.);
#2373=ORIENTED_EDGE('',*,*,#1866,.T.);
#2374=ORIENTED_EDGE('',*,*,#1844,.T.);
#2375=ORIENTED_EDGE('',*,*,#1763,.F.);
#2376=ORIENTED_EDGE('',*,*,#1867,.F.);
#2377=ORIENTED_EDGE('',*,*,#1868,.T.);
#2378=ORIENTED_EDGE('',*,*,#1841,.T.);
#2379=ORIENTED_EDGE('',*,*,#1727,.F.);
#2380=ORIENTED_EDGE('',*,*,#1869,.F.);
#2381=ORIENTED_EDGE('',*,*,#1870,.T.);
#2382=ORIENTED_EDGE('',*,*,#1838,.T.);
#2383=ORIENTED_EDGE('',*,*,#1731,.F.);
#2384=ORIENTED_EDGE('',*,*,#1871,.F.);
#2385=ORIENTED_EDGE('',*,*,#1872,.T.);
#2386=ORIENTED_EDGE('',*,*,#1835,.T.);
#2387=ORIENTED_EDGE('',*,*,#1735,.F.);
#2388=ORIENTED_EDGE('',*,*,#1873,.F.);
#2389=ORIENTED_EDGE('',*,*,#1874,.T.);
#2390=ORIENTED_EDGE('',*,*,#1832,.T.);
#2391=ORIENTED_EDGE('',*,*,#1739,.F.);
#2392=ORIENTED_EDGE('',*,*,#1875,.F.);
#2393=ORIENTED_EDGE('',*,*,#1876,.T.);
#2394=ORIENTED_EDGE('',*,*,#1829,.T.);
#2395=ORIENTED_EDGE('',*,*,#1743,.F.);
#2396=ORIENTED_EDGE('',*,*,#1877,.F.);
#2397=ORIENTED_EDGE('',*,*,#1878,.T.);
#2398=ORIENTED_EDGE('',*,*,#1826,.T.);
#2399=ORIENTED_EDGE('',*,*,#1747,.F.);
#2400=ORIENTED_EDGE('',*,*,#1879,.F.);
#2401=ORIENTED_EDGE('',*,*,#1880,.T.);
#2402=ORIENTED_EDGE('',*,*,#1823,.T.);
#2403=ORIENTED_EDGE('',*,*,#1751,.F.);
#2404=ORIENTED_EDGE('',*,*,#1881,.F.);
#2405=ORIENTED_EDGE('',*,*,#1882,.T.);
#2406=ORIENTED_EDGE('',*,*,#1820,.T.);
#2407=ORIENTED_EDGE('',*,*,#1755,.F.);
#2408=ORIENTED_EDGE('',*,*,#1883,.F.);
#2409=ORIENTED_EDGE('',*,*,#1884,.T.);
#2410=ORIENTED_EDGE('',*,*,#1817,.T.);
#2411=ORIENTED_EDGE('',*,*,#1759,.F.);
#2412=ORIENTED_EDGE('',*,*,#1885,.F.);
#2413=ORIENTED_EDGE('',*,*,#1886,.T.);
#2414=ORIENTED_EDGE('',*,*,#1887,.F.);
#2415=ORIENTED_EDGE('',*,*,#1888,.F.);
#2416=ORIENTED_EDGE('',*,*,#1785,.F.);
#2417=ORIENTED_EDGE('',*,*,#1889,.F.);
#2418=ORIENTED_EDGE('',*,*,#1890,.F.);
#2419=ORIENTED_EDGE('',*,*,#1889,.T.);
#2420=ORIENTED_EDGE('',*,*,#1784,.F.);
#2421=ORIENTED_EDGE('',*,*,#1891,.T.);
#2422=ORIENTED_EDGE('',*,*,#1892,.F.);
#2423=ORIENTED_EDGE('',*,*,#1891,.F.);
#2424=ORIENTED_EDGE('',*,*,#1786,.F.);
#2425=ORIENTED_EDGE('',*,*,#1888,.T.);
#2426=ORIENTED_EDGE('',*,*,#1893,.F.);
#2427=ORIENTED_EDGE('',*,*,#1894,.F.);
#2428=ORIENTED_EDGE('',*,*,#1782,.F.);
#2429=ORIENTED_EDGE('',*,*,#1895,.F.);
#2430=ORIENTED_EDGE('',*,*,#1896,.F.);
#2431=ORIENTED_EDGE('',*,*,#1895,.T.);
#2432=ORIENTED_EDGE('',*,*,#1781,.F.);
#2433=ORIENTED_EDGE('',*,*,#1897,.T.);
#2434=ORIENTED_EDGE('',*,*,#1898,.F.);
#2435=ORIENTED_EDGE('',*,*,#1897,.F.);
#2436=ORIENTED_EDGE('',*,*,#1783,.F.);
#2437=ORIENTED_EDGE('',*,*,#1894,.T.);
#2438=ORIENTED_EDGE('',*,*,#1899,.F.);
#2439=ORIENTED_EDGE('',*,*,#1900,.F.);
#2440=ORIENTED_EDGE('',*,*,#1779,.F.);
#2441=ORIENTED_EDGE('',*,*,#1901,.F.);
#2442=ORIENTED_EDGE('',*,*,#1902,.F.);
#2443=ORIENTED_EDGE('',*,*,#1901,.T.);
#2444=ORIENTED_EDGE('',*,*,#1778,.F.);
#2445=ORIENTED_EDGE('',*,*,#1903,.T.);
#2446=ORIENTED_EDGE('',*,*,#1904,.F.);
#2447=ORIENTED_EDGE('',*,*,#1903,.F.);
#2448=ORIENTED_EDGE('',*,*,#1780,.F.);
#2449=ORIENTED_EDGE('',*,*,#1900,.T.);
#2450=ORIENTED_EDGE('',*,*,#1905,.F.);
#2451=ORIENTED_EDGE('',*,*,#1906,.F.);
#2452=ORIENTED_EDGE('',*,*,#1776,.F.);
#2453=ORIENTED_EDGE('',*,*,#1907,.F.);
#2454=ORIENTED_EDGE('',*,*,#1908,.F.);
#2455=ORIENTED_EDGE('',*,*,#1907,.T.);
#2456=ORIENTED_EDGE('',*,*,#1775,.F.);
#2457=ORIENTED_EDGE('',*,*,#1909,.T.);
#2458=ORIENTED_EDGE('',*,*,#1910,.F.);
#2459=ORIENTED_EDGE('',*,*,#1909,.F.);
#2460=ORIENTED_EDGE('',*,*,#1777,.F.);
#2461=ORIENTED_EDGE('',*,*,#1906,.T.);
#2462=ORIENTED_EDGE('',*,*,#1911,.F.);
#2463=ORIENTED_EDGE('',*,*,#1912,.F.);
#2464=ORIENTED_EDGE('',*,*,#1773,.F.);
#2465=ORIENTED_EDGE('',*,*,#1913,.F.);
#2466=ORIENTED_EDGE('',*,*,#1914,.F.);
#2467=ORIENTED_EDGE('',*,*,#1913,.T.);
#2468=ORIENTED_EDGE('',*,*,#1772,.F.);
#2469=ORIENTED_EDGE('',*,*,#1915,.T.);
#2470=ORIENTED_EDGE('',*,*,#1916,.F.);
#2471=ORIENTED_EDGE('',*,*,#1915,.F.);
#2472=ORIENTED_EDGE('',*,*,#1774,.F.);
#2473=ORIENTED_EDGE('',*,*,#1912,.T.);
#2474=ORIENTED_EDGE('',*,*,#1917,.T.);
#2475=ORIENTED_EDGE('',*,*,#1918,.T.);
#2476=ORIENTED_EDGE('',*,*,#1919,.T.);
#2477=ORIENTED_EDGE('',*,*,#1920,.T.);
#2478=ORIENTED_EDGE('',*,*,#1920,.F.);
#2479=ORIENTED_EDGE('',*,*,#1921,.F.);
#2480=ORIENTED_EDGE('',*,*,#1922,.T.);
#2481=ORIENTED_EDGE('',*,*,#1667,.F.);
#2482=ORIENTED_EDGE('',*,*,#1669,.F.);
#2483=ORIENTED_EDGE('',*,*,#1683,.F.);
#2484=ORIENTED_EDGE('',*,*,#1923,.F.);
#2485=ORIENTED_EDGE('',*,*,#1924,.F.);
#2486=ORIENTED_EDGE('',*,*,#1919,.F.);
#2487=ORIENTED_EDGE('',*,*,#1925,.F.);
#2488=ORIENTED_EDGE('',*,*,#1926,.F.);
#2489=ORIENTED_EDGE('',*,*,#1927,.T.);
#2490=ORIENTED_EDGE('',*,*,#1921,.T.);
#2491=ORIENTED_EDGE('',*,*,#1928,.T.);
#2492=ORIENTED_EDGE('',*,*,#1929,.T.);
#2493=ORIENTED_EDGE('',*,*,#1930,.T.);
#2494=ORIENTED_EDGE('',*,*,#1931,.T.);
#2495=ORIENTED_EDGE('',*,*,#1931,.F.);
#2496=ORIENTED_EDGE('',*,*,#1932,.F.);
#2497=ORIENTED_EDGE('',*,*,#1933,.T.);
#2498=ORIENTED_EDGE('',*,*,#1670,.F.);
#2499=ORIENTED_EDGE('',*,*,#1663,.F.);
#2500=ORIENTED_EDGE('',*,*,#1665,.F.);
#2501=ORIENTED_EDGE('',*,*,#1934,.F.);
#2502=ORIENTED_EDGE('',*,*,#1935,.F.);
#2503=ORIENTED_EDGE('',*,*,#1917,.F.);
#2504=ORIENTED_EDGE('',*,*,#1924,.T.);
#2505=ORIENTED_EDGE('',*,*,#1936,.F.);
#2506=ORIENTED_EDGE('',*,*,#1937,.F.);
#2507=ORIENTED_EDGE('',*,*,#1938,.T.);
#2508=ORIENTED_EDGE('',*,*,#1939,.T.);
#2509=ORIENTED_EDGE('',*,*,#1940,.T.);
#2510=ORIENTED_EDGE('',*,*,#1941,.T.);
#2511=ORIENTED_EDGE('',*,*,#1942,.T.);
#2512=ORIENTED_EDGE('',*,*,#1943,.T.);
#2513=ORIENTED_EDGE('',*,*,#1944,.T.);
#2514=ORIENTED_EDGE('',*,*,#1945,.T.);
#2515=ORIENTED_EDGE('',*,*,#1946,.F.);
#2516=ORIENTED_EDGE('',*,*,#1947,.F.);
#2517=ORIENTED_EDGE('',*,*,#1948,.T.);
#2518=ORIENTED_EDGE('',*,*,#1949,.T.);
#2519=ORIENTED_EDGE('',*,*,#1950,.F.);
#2520=ORIENTED_EDGE('',*,*,#1951,.F.);
#2521=ORIENTED_EDGE('',*,*,#1952,.F.);
#2522=ORIENTED_EDGE('',*,*,#1953,.F.);
#2523=ORIENTED_EDGE('',*,*,#1932,.T.);
#2524=ORIENTED_EDGE('',*,*,#1930,.F.);
#2525=ORIENTED_EDGE('',*,*,#1954,.F.);
#2526=ORIENTED_EDGE('',*,*,#1890,.T.);
#2527=ORIENTED_EDGE('',*,*,#1892,.T.);
#2528=ORIENTED_EDGE('',*,*,#1887,.T.);
#2529=ORIENTED_EDGE('',*,*,#1896,.T.);
#2530=ORIENTED_EDGE('',*,*,#1898,.T.);
#2531=ORIENTED_EDGE('',*,*,#1893,.T.);
#2532=ORIENTED_EDGE('',*,*,#1902,.T.);
#2533=ORIENTED_EDGE('',*,*,#1904,.T.);
#2534=ORIENTED_EDGE('',*,*,#1899,.T.);
#2535=ORIENTED_EDGE('',*,*,#1908,.T.);
#2536=ORIENTED_EDGE('',*,*,#1910,.T.);
#2537=ORIENTED_EDGE('',*,*,#1905,.T.);
#2538=ORIENTED_EDGE('',*,*,#1914,.T.);
#2539=ORIENTED_EDGE('',*,*,#1916,.T.);
#2540=ORIENTED_EDGE('',*,*,#1911,.T.);
#2541=ORIENTED_EDGE('',*,*,#1955,.F.);
#2542=ORIENTED_EDGE('',*,*,#1956,.T.);
#2543=ORIENTED_EDGE('',*,*,#1957,.F.);
#2544=ORIENTED_EDGE('',*,*,#1958,.T.);
#2545=ORIENTED_EDGE('',*,*,#1959,.F.);
#2546=ORIENTED_EDGE('',*,*,#1960,.T.);
#2547=ORIENTED_EDGE('',*,*,#1961,.F.);
#2548=ORIENTED_EDGE('',*,*,#1962,.T.);
#2549=ORIENTED_EDGE('',*,*,#1845,.T.);
#2550=ORIENTED_EDGE('',*,*,#1868,.F.);
#2551=ORIENTED_EDGE('',*,*,#1963,.F.);
#2552=ORIENTED_EDGE('',*,*,#1964,.F.);
#2553=ORIENTED_EDGE('',*,*,#1818,.T.);
#2554=ORIENTED_EDGE('',*,*,#1886,.F.);
#2555=ORIENTED_EDGE('',*,*,#1965,.F.);
#2556=ORIENTED_EDGE('',*,*,#1966,.F.);
#2557=ORIENTED_EDGE('',*,*,#1821,.T.);
#2558=ORIENTED_EDGE('',*,*,#1884,.F.);
#2559=ORIENTED_EDGE('',*,*,#1967,.F.);
#2560=ORIENTED_EDGE('',*,*,#1968,.F.);
#2561=ORIENTED_EDGE('',*,*,#1824,.T.);
#2562=ORIENTED_EDGE('',*,*,#1882,.F.);
#2563=ORIENTED_EDGE('',*,*,#1969,.F.);
#2564=ORIENTED_EDGE('',*,*,#1970,.F.);
#2565=ORIENTED_EDGE('',*,*,#1827,.T.);
#2566=ORIENTED_EDGE('',*,*,#1880,.F.);
#2567=ORIENTED_EDGE('',*,*,#1971,.F.);
#2568=ORIENTED_EDGE('',*,*,#1972,.F.);
#2569=ORIENTED_EDGE('',*,*,#1830,.T.);
#2570=ORIENTED_EDGE('',*,*,#1878,.F.);
#2571=ORIENTED_EDGE('',*,*,#1973,.F.);
#2572=ORIENTED_EDGE('',*,*,#1974,.F.);
#2573=ORIENTED_EDGE('',*,*,#1833,.T.);
#2574=ORIENTED_EDGE('',*,*,#1876,.F.);
#2575=ORIENTED_EDGE('',*,*,#1975,.F.);
#2576=ORIENTED_EDGE('',*,*,#1976,.F.);
#2577=ORIENTED_EDGE('',*,*,#1836,.T.);
#2578=ORIENTED_EDGE('',*,*,#1874,.F.);
#2579=ORIENTED_EDGE('',*,*,#1977,.F.);
#2580=ORIENTED_EDGE('',*,*,#1978,.F.);
#2581=ORIENTED_EDGE('',*,*,#1839,.T.);
#2582=ORIENTED_EDGE('',*,*,#1872,.F.);
#2583=ORIENTED_EDGE('',*,*,#1979,.F.);
#2584=ORIENTED_EDGE('',*,*,#1980,.F.);
#2585=ORIENTED_EDGE('',*,*,#1842,.T.);
#2586=ORIENTED_EDGE('',*,*,#1870,.F.);
#2587=ORIENTED_EDGE('',*,*,#1981,.F.);
#2588=ORIENTED_EDGE('',*,*,#1982,.F.);
#2589=ORIENTED_EDGE('',*,*,#1815,.T.);
#2590=ORIENTED_EDGE('',*,*,#1848,.F.);
#2591=ORIENTED_EDGE('',*,*,#1983,.F.);
#2592=ORIENTED_EDGE('',*,*,#1984,.F.);
#2593=ORIENTED_EDGE('',*,*,#1788,.T.);
#2594=ORIENTED_EDGE('',*,*,#1866,.F.);
#2595=ORIENTED_EDGE('',*,*,#1985,.F.);
#2596=ORIENTED_EDGE('',*,*,#1986,.F.);
#2597=ORIENTED_EDGE('',*,*,#1791,.T.);
#2598=ORIENTED_EDGE('',*,*,#1864,.F.);
#2599=ORIENTED_EDGE('',*,*,#1987,.F.);
#2600=ORIENTED_EDGE('',*,*,#1988,.F.);
#2601=ORIENTED_EDGE('',*,*,#1794,.T.);
#2602=ORIENTED_EDGE('',*,*,#1862,.F.);
#2603=ORIENTED_EDGE('',*,*,#1989,.F.);
#2604=ORIENTED_EDGE('',*,*,#1990,.F.);
#2605=ORIENTED_EDGE('',*,*,#1797,.T.);
#2606=ORIENTED_EDGE('',*,*,#1860,.F.);
#2607=ORIENTED_EDGE('',*,*,#1991,.F.);
#2608=ORIENTED_EDGE('',*,*,#1992,.F.);
#2609=ORIENTED_EDGE('',*,*,#1800,.T.);
#2610=ORIENTED_EDGE('',*,*,#1858,.F.);
#2611=ORIENTED_EDGE('',*,*,#1993,.F.);
#2612=ORIENTED_EDGE('',*,*,#1994,.F.);
#2613=ORIENTED_EDGE('',*,*,#1803,.T.);
#2614=ORIENTED_EDGE('',*,*,#1856,.F.);
#2615=ORIENTED_EDGE('',*,*,#1995,.F.);
#2616=ORIENTED_EDGE('',*,*,#1996,.F.);
#2617=ORIENTED_EDGE('',*,*,#1806,.T.);
#2618=ORIENTED_EDGE('',*,*,#1854,.F.);
#2619=ORIENTED_EDGE('',*,*,#1997,.F.);
#2620=ORIENTED_EDGE('',*,*,#1998,.F.);
#2621=ORIENTED_EDGE('',*,*,#1809,.T.);
#2622=ORIENTED_EDGE('',*,*,#1852,.F.);
#2623=ORIENTED_EDGE('',*,*,#1999,.F.);
#2624=ORIENTED_EDGE('',*,*,#2000,.F.);
#2625=ORIENTED_EDGE('',*,*,#1812,.T.);
#2626=ORIENTED_EDGE('',*,*,#1850,.F.);
#2627=ORIENTED_EDGE('',*,*,#2001,.F.);
#2628=ORIENTED_EDGE('',*,*,#2002,.F.);
#2629=ORIENTED_EDGE('',*,*,#2003,.F.);
#2630=ORIENTED_EDGE('',*,*,#1926,.T.);
#2631=ORIENTED_EDGE('',*,*,#2004,.T.);
#2632=ORIENTED_EDGE('',*,*,#2005,.T.);
#2633=ORIENTED_EDGE('',*,*,#1928,.F.);
#2634=ORIENTED_EDGE('',*,*,#1935,.T.);
#2635=ORIENTED_EDGE('',*,*,#2006,.T.);
#2636=ORIENTED_EDGE('',*,*,#2005,.F.);
#2637=ORIENTED_EDGE('',*,*,#2007,.F.);
#2638=ORIENTED_EDGE('',*,*,#1937,.T.);
#2639=ORIENTED_EDGE('',*,*,#2008,.T.);
#2640=ORIENTED_EDGE('',*,*,#1681,.F.);
#2641=ORIENTED_EDGE('',*,*,#2009,.F.);
#2642=ORIENTED_EDGE('',*,*,#2008,.F.);
#2643=ORIENTED_EDGE('',*,*,#1936,.T.);
#2644=ORIENTED_EDGE('',*,*,#1923,.T.);
#2645=ORIENTED_EDGE('',*,*,#1682,.F.);
#2646=ORIENTED_EDGE('',*,*,#2010,.F.);
#2647=ORIENTED_EDGE('',*,*,#1952,.T.);
#2648=ORIENTED_EDGE('',*,*,#2011,.T.);
#2649=ORIENTED_EDGE('',*,*,#1672,.F.);
#2650=ORIENTED_EDGE('',*,*,#2011,.F.);
#2651=ORIENTED_EDGE('',*,*,#1951,.T.);
#2652=ORIENTED_EDGE('',*,*,#2012,.F.);
#2653=ORIENTED_EDGE('',*,*,#1673,.F.);
#2654=ORIENTED_EDGE('',*,*,#2012,.T.);
#2655=ORIENTED_EDGE('',*,*,#1950,.T.);
#2656=ORIENTED_EDGE('',*,*,#2013,.T.);
#2657=ORIENTED_EDGE('',*,*,#1674,.F.);
#2658=ORIENTED_EDGE('',*,*,#2013,.F.);
#2659=ORIENTED_EDGE('',*,*,#1949,.F.);
#2660=ORIENTED_EDGE('',*,*,#2014,.F.);
#2661=ORIENTED_EDGE('',*,*,#1675,.F.);
#2662=ORIENTED_EDGE('',*,*,#1922,.F.);
#2663=ORIENTED_EDGE('',*,*,#1927,.F.);
#2664=ORIENTED_EDGE('',*,*,#2003,.T.);
#2665=ORIENTED_EDGE('',*,*,#2006,.F.);
#2666=ORIENTED_EDGE('',*,*,#1934,.T.);
#2667=ORIENTED_EDGE('',*,*,#1664,.T.);
#2668=ORIENTED_EDGE('',*,*,#1918,.F.);
#2669=ORIENTED_EDGE('',*,*,#1954,.T.);
#2670=ORIENTED_EDGE('',*,*,#1929,.F.);
#2671=ORIENTED_EDGE('',*,*,#2007,.T.);
#2672=ORIENTED_EDGE('',*,*,#2004,.F.);
#2673=ORIENTED_EDGE('',*,*,#1925,.T.);
#2674=ORIENTED_EDGE('',*,*,#2010,.T.);
#2675=ORIENTED_EDGE('',*,*,#1671,.F.);
#2676=ORIENTED_EDGE('',*,*,#1933,.F.);
#2677=ORIENTED_EDGE('',*,*,#1953,.T.);
#2678=ORIENTED_EDGE('',*,*,#2009,.T.);
#2679=ORIENTED_EDGE('',*,*,#1680,.F.);
#2680=ORIENTED_EDGE('',*,*,#2015,.F.);
#2681=ORIENTED_EDGE('',*,*,#1938,.F.);
#2682=ORIENTED_EDGE('',*,*,#2015,.T.);
#2683=ORIENTED_EDGE('',*,*,#1679,.F.);
#2684=ORIENTED_EDGE('',*,*,#2016,.F.);
#2685=ORIENTED_EDGE('',*,*,#2017,.F.);
#2686=ORIENTED_EDGE('',*,*,#2018,.F.);
#2687=ORIENTED_EDGE('',*,*,#1939,.F.);
#2688=ORIENTED_EDGE('',*,*,#2019,.F.);
#2689=ORIENTED_EDGE('',*,*,#2020,.F.);
#2690=ORIENTED_EDGE('',*,*,#2021,.T.);
#2691=ORIENTED_EDGE('',*,*,#2022,.F.);
#2692=ORIENTED_EDGE('',*,*,#1944,.F.);
#2693=ORIENTED_EDGE('',*,*,#2021,.F.);
#2694=ORIENTED_EDGE('',*,*,#2023,.F.);
#2695=ORIENTED_EDGE('',*,*,#2024,.T.);
#2696=ORIENTED_EDGE('',*,*,#2025,.T.);
#2697=ORIENTED_EDGE('',*,*,#2026,.F.);
#2698=ORIENTED_EDGE('',*,*,#2027,.T.);
#2699=ORIENTED_EDGE('',*,*,#1946,.T.);
#2700=ORIENTED_EDGE('',*,*,#2028,.T.);
#2701=ORIENTED_EDGE('',*,*,#2024,.F.);
#2702=ORIENTED_EDGE('',*,*,#2029,.F.);
#2703=ORIENTED_EDGE('',*,*,#2030,.T.);
#2704=ORIENTED_EDGE('',*,*,#2031,.T.);
#2705=ORIENTED_EDGE('',*,*,#2032,.T.);
#2706=ORIENTED_EDGE('',*,*,#2033,.T.);
#2707=ORIENTED_EDGE('',*,*,#2034,.T.);
#2708=ORIENTED_EDGE('',*,*,#2032,.F.);
#2709=ORIENTED_EDGE('',*,*,#2035,.T.);
#2710=ORIENTED_EDGE('',*,*,#2036,.T.);
#2711=ORIENTED_EDGE('',*,*,#2037,.T.);
#2712=ORIENTED_EDGE('',*,*,#2038,.F.);
#2713=ORIENTED_EDGE('',*,*,#2039,.F.);
#2714=ORIENTED_EDGE('',*,*,#2040,.F.);
#2715=ORIENTED_EDGE('',*,*,#2041,.T.);
#2716=ORIENTED_EDGE('',*,*,#1942,.F.);
#2717=ORIENTED_EDGE('',*,*,#2042,.T.);
#2718=ORIENTED_EDGE('',*,*,#2043,.T.);
#2719=ORIENTED_EDGE('',*,*,#2044,.F.);
#2720=ORIENTED_EDGE('',*,*,#2039,.T.);
#2721=ORIENTED_EDGE('',*,*,#2018,.T.);
#2722=ORIENTED_EDGE('',*,*,#2045,.F.);
#2723=ORIENTED_EDGE('',*,*,#2043,.F.);
#2724=ORIENTED_EDGE('',*,*,#2046,.F.);
#2725=ORIENTED_EDGE('',*,*,#1940,.F.);
#2726=ORIENTED_EDGE('',*,*,#2014,.T.);
#2727=ORIENTED_EDGE('',*,*,#1948,.F.);
#2728=ORIENTED_EDGE('',*,*,#2047,.T.);
#2729=ORIENTED_EDGE('',*,*,#1676,.F.);
#2730=ORIENTED_EDGE('',*,*,#2027,.F.);
#2731=ORIENTED_EDGE('',*,*,#2048,.F.);
#2732=ORIENTED_EDGE('',*,*,#2049,.T.);
#2733=ORIENTED_EDGE('',*,*,#2050,.F.);
#2734=ORIENTED_EDGE('',*,*,#2051,.T.);
#2735=ORIENTED_EDGE('',*,*,#1677,.F.);
#2736=ORIENTED_EDGE('',*,*,#2047,.F.);
#2737=ORIENTED_EDGE('',*,*,#1947,.T.);
#2738=ORIENTED_EDGE('',*,*,#2017,.T.);
#2739=ORIENTED_EDGE('',*,*,#2052,.T.);
#2740=ORIENTED_EDGE('',*,*,#2050,.T.);
#2741=ORIENTED_EDGE('',*,*,#2053,.T.);
#2742=ORIENTED_EDGE('',*,*,#2054,.F.);
#2743=ORIENTED_EDGE('',*,*,#2055,.F.);
#2744=ORIENTED_EDGE('',*,*,#2056,.F.);
#2745=ORIENTED_EDGE('',*,*,#2057,.F.);
#2746=ORIENTED_EDGE('',*,*,#2030,.F.);
#2747=ORIENTED_EDGE('',*,*,#2058,.F.);
#2748=ORIENTED_EDGE('',*,*,#2059,.T.);
#2749=ORIENTED_EDGE('',*,*,#2060,.T.);
#2750=ORIENTED_EDGE('',*,*,#2061,.F.);
#2751=ORIENTED_EDGE('',*,*,#2062,.F.);
#2752=ORIENTED_EDGE('',*,*,#2063,.F.);
#2753=ORIENTED_EDGE('',*,*,#2064,.T.);
#2754=ORIENTED_EDGE('',*,*,#2065,.T.);
#2755=ORIENTED_EDGE('',*,*,#2040,.T.);
#2756=ORIENTED_EDGE('',*,*,#2044,.T.);
#2757=ORIENTED_EDGE('',*,*,#2045,.T.);
#2758=ORIENTED_EDGE('',*,*,#2054,.T.);
#2759=ORIENTED_EDGE('',*,*,#2066,.T.);
#2760=ORIENTED_EDGE('',*,*,#2019,.T.);
#2761=ORIENTED_EDGE('',*,*,#1943,.F.);
#2762=ORIENTED_EDGE('',*,*,#2041,.F.);
#2763=ORIENTED_EDGE('',*,*,#2065,.F.);
#2764=ORIENTED_EDGE('',*,*,#2067,.F.);
#2765=ORIENTED_EDGE('',*,*,#2068,.F.);
#2766=ORIENTED_EDGE('',*,*,#2069,.F.);
#2767=ORIENTED_EDGE('',*,*,#2059,.F.);
#2768=ORIENTED_EDGE('',*,*,#2070,.F.);
#2769=ORIENTED_EDGE('',*,*,#2033,.F.);
#2770=ORIENTED_EDGE('',*,*,#2071,.F.);
#2771=ORIENTED_EDGE('',*,*,#1961,.T.);
#2772=ORIENTED_EDGE('',*,*,#2072,.T.);
#2773=ORIENTED_EDGE('',*,*,#1766,.F.);
#2774=ORIENTED_EDGE('',*,*,#2073,.F.);
#2775=ORIENTED_EDGE('',*,*,#2074,.T.);
#2776=ORIENTED_EDGE('',*,*,#1955,.T.);
#2777=ORIENTED_EDGE('',*,*,#2075,.T.);
#2778=ORIENTED_EDGE('',*,*,#1764,.F.);
#2779=ORIENTED_EDGE('',*,*,#2076,.F.);
#2780=ORIENTED_EDGE('',*,*,#1957,.T.);
#2781=ORIENTED_EDGE('',*,*,#2077,.T.);
#2782=ORIENTED_EDGE('',*,*,#1770,.F.);
#2783=ORIENTED_EDGE('',*,*,#1959,.T.);
#2784=ORIENTED_EDGE('',*,*,#2078,.T.);
#2785=ORIENTED_EDGE('',*,*,#1768,.F.);
#2786=ORIENTED_EDGE('',*,*,#2079,.F.);
#2787=ORIENTED_EDGE('',*,*,#1819,.T.);
#2788=ORIENTED_EDGE('',*,*,#1964,.T.);
#2789=ORIENTED_EDGE('',*,*,#2080,.T.);
#2790=ORIENTED_EDGE('',*,*,#1761,.F.);
#2791=ORIENTED_EDGE('',*,*,#2080,.F.);
#2792=ORIENTED_EDGE('',*,*,#1963,.T.);
#2793=ORIENTED_EDGE('',*,*,#1867,.T.);
#2794=ORIENTED_EDGE('',*,*,#1762,.F.);
#2795=ORIENTED_EDGE('',*,*,#1846,.T.);
#2796=ORIENTED_EDGE('',*,*,#1982,.T.);
#2797=ORIENTED_EDGE('',*,*,#2081,.T.);
#2798=ORIENTED_EDGE('',*,*,#1725,.F.);
#2799=ORIENTED_EDGE('',*,*,#2081,.F.);
#2800=ORIENTED_EDGE('',*,*,#1981,.T.);
#2801=ORIENTED_EDGE('',*,*,#1869,.T.);
#2802=ORIENTED_EDGE('',*,*,#1726,.F.);
#2803=ORIENTED_EDGE('',*,*,#1843,.T.);
#2804=ORIENTED_EDGE('',*,*,#1980,.T.);
#2805=ORIENTED_EDGE('',*,*,#2082,.T.);
#2806=ORIENTED_EDGE('',*,*,#1729,.F.);
#2807=ORIENTED_EDGE('',*,*,#2082,.F.);
#2808=ORIENTED_EDGE('',*,*,#1979,.T.);
#2809=ORIENTED_EDGE('',*,*,#1871,.T.);
#2810=ORIENTED_EDGE('',*,*,#1730,.F.);
#2811=ORIENTED_EDGE('',*,*,#1840,.T.);
#2812=ORIENTED_EDGE('',*,*,#1978,.T.);
#2813=ORIENTED_EDGE('',*,*,#2083,.T.);
#2814=ORIENTED_EDGE('',*,*,#1733,.F.);
#2815=ORIENTED_EDGE('',*,*,#2083,.F.);
#2816=ORIENTED_EDGE('',*,*,#1977,.T.);
#2817=ORIENTED_EDGE('',*,*,#1873,.T.);
#2818=ORIENTED_EDGE('',*,*,#1734,.F.);
#2819=ORIENTED_EDGE('',*,*,#1837,.T.);
#2820=ORIENTED_EDGE('',*,*,#1976,.T.);
#2821=ORIENTED_EDGE('',*,*,#2084,.T.);
#2822=ORIENTED_EDGE('',*,*,#1737,.F.);
#2823=ORIENTED_EDGE('',*,*,#2084,.F.);
#2824=ORIENTED_EDGE('',*,*,#1975,.T.);
#2825=ORIENTED_EDGE('',*,*,#1875,.T.);
#2826=ORIENTED_EDGE('',*,*,#1738,.F.);
#2827=ORIENTED_EDGE('',*,*,#1834,.T.);
#2828=ORIENTED_EDGE('',*,*,#1974,.T.);
#2829=ORIENTED_EDGE('',*,*,#2085,.T.);
#2830=ORIENTED_EDGE('',*,*,#1741,.F.);
#2831=ORIENTED_EDGE('',*,*,#2085,.F.);
#2832=ORIENTED_EDGE('',*,*,#1973,.T.);
#2833=ORIENTED_EDGE('',*,*,#1877,.T.);
#2834=ORIENTED_EDGE('',*,*,#1742,.F.);
#2835=ORIENTED_EDGE('',*,*,#1831,.T.);
#2836=ORIENTED_EDGE('',*,*,#1972,.T.);
#2837=ORIENTED_EDGE('',*,*,#2086,.T.);
#2838=ORIENTED_EDGE('',*,*,#1745,.F.);
#2839=ORIENTED_EDGE('',*,*,#2086,.F.);
#2840=ORIENTED_EDGE('',*,*,#1971,.T.);
#2841=ORIENTED_EDGE('',*,*,#1879,.T.);
#2842=ORIENTED_EDGE('',*,*,#1746,.F.);
#2843=ORIENTED_EDGE('',*,*,#1828,.T.);
#2844=ORIENTED_EDGE('',*,*,#1970,.T.);
#2845=ORIENTED_EDGE('',*,*,#2087,.T.);
#2846=ORIENTED_EDGE('',*,*,#1749,.F.);
#2847=ORIENTED_EDGE('',*,*,#2087,.F.);
#2848=ORIENTED_EDGE('',*,*,#1969,.T.);
#2849=ORIENTED_EDGE('',*,*,#1881,.T.);
#2850=ORIENTED_EDGE('',*,*,#1750,.F.);
#2851=ORIENTED_EDGE('',*,*,#1825,.T.);
#2852=ORIENTED_EDGE('',*,*,#1968,.T.);
#2853=ORIENTED_EDGE('',*,*,#2088,.T.);
#2854=ORIENTED_EDGE('',*,*,#1753,.F.);
#2855=ORIENTED_EDGE('',*,*,#2088,.F.);
#2856=ORIENTED_EDGE('',*,*,#1967,.T.);
#2857=ORIENTED_EDGE('',*,*,#1883,.T.);
#2858=ORIENTED_EDGE('',*,*,#1754,.F.);
#2859=ORIENTED_EDGE('',*,*,#1822,.T.);
#2860=ORIENTED_EDGE('',*,*,#1966,.T.);
#2861=ORIENTED_EDGE('',*,*,#2089,.T.);
#2862=ORIENTED_EDGE('',*,*,#1757,.F.);
#2863=ORIENTED_EDGE('',*,*,#2089,.F.);
#2864=ORIENTED_EDGE('',*,*,#1965,.T.);
#2865=ORIENTED_EDGE('',*,*,#1885,.T.);
#2866=ORIENTED_EDGE('',*,*,#1758,.F.);
#2867=ORIENTED_EDGE('',*,*,#1816,.T.);
#2868=ORIENTED_EDGE('',*,*,#2002,.T.);
#2869=ORIENTED_EDGE('',*,*,#2090,.T.);
#2870=ORIENTED_EDGE('',*,*,#1685,.F.);
#2871=ORIENTED_EDGE('',*,*,#2090,.F.);
#2872=ORIENTED_EDGE('',*,*,#2001,.T.);
#2873=ORIENTED_EDGE('',*,*,#1849,.T.);
#2874=ORIENTED_EDGE('',*,*,#1686,.F.);
#2875=ORIENTED_EDGE('',*,*,#1813,.T.);
#2876=ORIENTED_EDGE('',*,*,#2000,.T.);
#2877=ORIENTED_EDGE('',*,*,#2091,.T.);
#2878=ORIENTED_EDGE('',*,*,#1689,.F.);
#2879=ORIENTED_EDGE('',*,*,#2091,.F.);
#2880=ORIENTED_EDGE('',*,*,#1999,.T.);
#2881=ORIENTED_EDGE('',*,*,#1851,.T.);
#2882=ORIENTED_EDGE('',*,*,#1690,.F.);
#2883=ORIENTED_EDGE('',*,*,#1810,.T.);
#2884=ORIENTED_EDGE('',*,*,#1998,.T.);
#2885=ORIENTED_EDGE('',*,*,#2092,.T.);
#2886=ORIENTED_EDGE('',*,*,#1693,.F.);
#2887=ORIENTED_EDGE('',*,*,#2092,.F.);
#2888=ORIENTED_EDGE('',*,*,#1997,.T.);
#2889=ORIENTED_EDGE('',*,*,#1853,.T.);
#2890=ORIENTED_EDGE('',*,*,#1694,.F.);
#2891=ORIENTED_EDGE('',*,*,#1807,.T.);
#2892=ORIENTED_EDGE('',*,*,#1996,.T.);
#2893=ORIENTED_EDGE('',*,*,#2093,.T.);
#2894=ORIENTED_EDGE('',*,*,#1697,.F.);
#2895=ORIENTED_EDGE('',*,*,#2093,.F.);
#2896=ORIENTED_EDGE('',*,*,#1995,.T.);
#2897=ORIENTED_EDGE('',*,*,#1855,.T.);
#2898=ORIENTED_EDGE('',*,*,#1698,.F.);
#2899=ORIENTED_EDGE('',*,*,#1804,.T.);
#2900=ORIENTED_EDGE('',*,*,#1994,.T.);
#2901=ORIENTED_EDGE('',*,*,#2094,.T.);
#2902=ORIENTED_EDGE('',*,*,#1701,.F.);
#2903=ORIENTED_EDGE('',*,*,#2094,.F.);
#2904=ORIENTED_EDGE('',*,*,#1993,.T.);
#2905=ORIENTED_EDGE('',*,*,#1857,.T.);
#2906=ORIENTED_EDGE('',*,*,#1702,.F.);
#2907=ORIENTED_EDGE('',*,*,#1801,.T.);
#2908=ORIENTED_EDGE('',*,*,#1992,.T.);
#2909=ORIENTED_EDGE('',*,*,#2095,.T.);
#2910=ORIENTED_EDGE('',*,*,#1705,.F.);
#2911=ORIENTED_EDGE('',*,*,#2095,.F.);
#2912=ORIENTED_EDGE('',*,*,#1991,.T.);
#2913=ORIENTED_EDGE('',*,*,#1859,.T.);
#2914=ORIENTED_EDGE('',*,*,#1706,.F.);
#2915=ORIENTED_EDGE('',*,*,#1798,.T.);
#2916=ORIENTED_EDGE('',*,*,#1990,.T.);
#2917=ORIENTED_EDGE('',*,*,#2096,.T.);
#2918=ORIENTED_EDGE('',*,*,#1709,.F.);
#2919=ORIENTED_EDGE('',*,*,#2096,.F.);
#2920=ORIENTED_EDGE('',*,*,#1989,.T.);
#2921=ORIENTED_EDGE('',*,*,#1861,.T.);
#2922=ORIENTED_EDGE('',*,*,#1710,.F.);
#2923=ORIENTED_EDGE('',*,*,#1795,.T.);
#2924=ORIENTED_EDGE('',*,*,#1988,.T.);
#2925=ORIENTED_EDGE('',*,*,#2097,.T.);
#2926=ORIENTED_EDGE('',*,*,#1713,.F.);
#2927=ORIENTED_EDGE('',*,*,#2097,.F.);
#2928=ORIENTED_EDGE('',*,*,#1987,.T.);
#2929=ORIENTED_EDGE('',*,*,#1863,.T.);
#2930=ORIENTED_EDGE('',*,*,#1714,.F.);
#2931=ORIENTED_EDGE('',*,*,#1792,.T.);
#2932=ORIENTED_EDGE('',*,*,#1986,.T.);
#2933=ORIENTED_EDGE('',*,*,#2098,.T.);
#2934=ORIENTED_EDGE('',*,*,#1717,.F.);
#2935=ORIENTED_EDGE('',*,*,#2098,.F.);
#2936=ORIENTED_EDGE('',*,*,#1985,.T.);
#2937=ORIENTED_EDGE('',*,*,#1865,.T.);
#2938=ORIENTED_EDGE('',*,*,#1718,.F.);
#2939=ORIENTED_EDGE('',*,*,#1789,.T.);
#2940=ORIENTED_EDGE('',*,*,#1984,.T.);
#2941=ORIENTED_EDGE('',*,*,#2099,.T.);
#2942=ORIENTED_EDGE('',*,*,#1721,.F.);
#2943=ORIENTED_EDGE('',*,*,#2099,.F.);
#2944=ORIENTED_EDGE('',*,*,#1983,.T.);
#2945=ORIENTED_EDGE('',*,*,#1847,.T.);
#2946=ORIENTED_EDGE('',*,*,#1722,.F.);
#2947=ORIENTED_EDGE('',*,*,#2022,.T.);
#2948=ORIENTED_EDGE('',*,*,#2025,.F.);
#2949=ORIENTED_EDGE('',*,*,#2028,.F.);
#2950=ORIENTED_EDGE('',*,*,#1945,.F.);
#2951=ORIENTED_EDGE('',*,*,#2038,.T.);
#2952=ORIENTED_EDGE('',*,*,#1941,.F.);
#2953=ORIENTED_EDGE('',*,*,#2046,.T.);
#2954=ORIENTED_EDGE('',*,*,#2042,.F.);
#2955=ORIENTED_EDGE('',*,*,#2100,.F.);
#2956=ORIENTED_EDGE('',*,*,#2101,.T.);
#2957=ORIENTED_EDGE('',*,*,#2102,.F.);
#2958=ORIENTED_EDGE('',*,*,#2061,.T.);
#2959=ORIENTED_EDGE('',*,*,#2101,.F.);
#2960=ORIENTED_EDGE('',*,*,#2103,.F.);
#2961=ORIENTED_EDGE('',*,*,#2068,.T.);
#2962=ORIENTED_EDGE('',*,*,#2104,.F.);
#2963=ORIENTED_EDGE('',*,*,#2105,.T.);
#2964=ORIENTED_EDGE('',*,*,#2106,.T.);
#2965=ORIENTED_EDGE('',*,*,#2037,.F.);
#2966=ORIENTED_EDGE('',*,*,#2107,.F.);
#2967=ORIENTED_EDGE('',*,*,#2055,.T.);
#2968=ORIENTED_EDGE('',*,*,#2071,.T.);
#2969=ORIENTED_EDGE('',*,*,#2064,.F.);
#2970=ORIENTED_EDGE('',*,*,#2108,.T.);
#2971=ORIENTED_EDGE('',*,*,#2104,.T.);
#2972=ORIENTED_EDGE('',*,*,#2067,.T.);
#2973=ORIENTED_EDGE('',*,*,#2034,.F.);
#2974=ORIENTED_EDGE('',*,*,#2070,.T.);
#2975=ORIENTED_EDGE('',*,*,#2058,.T.);
#2976=ORIENTED_EDGE('',*,*,#2029,.T.);
#2977=ORIENTED_EDGE('',*,*,#2069,.T.);
#2978=ORIENTED_EDGE('',*,*,#2103,.T.);
#2979=ORIENTED_EDGE('',*,*,#2100,.T.);
#2980=ORIENTED_EDGE('',*,*,#2060,.F.);
#2981=ORIENTED_EDGE('',*,*,#2108,.F.);
#2982=ORIENTED_EDGE('',*,*,#2063,.T.);
#2983=ORIENTED_EDGE('',*,*,#2109,.T.);
#2984=ORIENTED_EDGE('',*,*,#2105,.F.);
#2985=ORIENTED_EDGE('',*,*,#2109,.F.);
#2986=ORIENTED_EDGE('',*,*,#2062,.T.);
#2987=ORIENTED_EDGE('',*,*,#2102,.T.);
#2988=ORIENTED_EDGE('',*,*,#2106,.F.);
#2989=ORIENTED_EDGE('',*,*,#2031,.F.);
#2990=ORIENTED_EDGE('',*,*,#2057,.T.);
#2991=ORIENTED_EDGE('',*,*,#2110,.T.);
#2992=ORIENTED_EDGE('',*,*,#2035,.F.);
#2993=ORIENTED_EDGE('',*,*,#2110,.F.);
#2994=ORIENTED_EDGE('',*,*,#2056,.T.);
#2995=ORIENTED_EDGE('',*,*,#2107,.T.);
#2996=ORIENTED_EDGE('',*,*,#2036,.F.);
#2997=ORIENTED_EDGE('',*,*,#2078,.F.);
#2998=ORIENTED_EDGE('',*,*,#1958,.F.);
#2999=ORIENTED_EDGE('',*,*,#2076,.T.);
#3000=ORIENTED_EDGE('',*,*,#1769,.F.);
#3001=ORIENTED_EDGE('',*,*,#2077,.F.);
#3002=ORIENTED_EDGE('',*,*,#1956,.F.);
#3003=ORIENTED_EDGE('',*,*,#2074,.F.);
#3004=ORIENTED_EDGE('',*,*,#1771,.F.);
#3005=ORIENTED_EDGE('',*,*,#2072,.F.);
#3006=ORIENTED_EDGE('',*,*,#1960,.F.);
#3007=ORIENTED_EDGE('',*,*,#2079,.T.);
#3008=ORIENTED_EDGE('',*,*,#1767,.F.);
#3009=ORIENTED_EDGE('',*,*,#2075,.F.);
#3010=ORIENTED_EDGE('',*,*,#1962,.F.);
#3011=ORIENTED_EDGE('',*,*,#2073,.T.);
#3012=ORIENTED_EDGE('',*,*,#1765,.F.);
#3013=ORIENTED_EDGE('',*,*,#2016,.T.);
#3014=ORIENTED_EDGE('',*,*,#1678,.F.);
#3015=ORIENTED_EDGE('',*,*,#2051,.F.);
#3016=ORIENTED_EDGE('',*,*,#2052,.F.);
#3017=ORIENTED_EDGE('',*,*,#2026,.T.);
#3018=ORIENTED_EDGE('',*,*,#2023,.T.);
#3019=ORIENTED_EDGE('',*,*,#2020,.T.);
#3020=ORIENTED_EDGE('',*,*,#2111,.T.);
#3021=ORIENTED_EDGE('',*,*,#2048,.T.);
#3022=ORIENTED_EDGE('',*,*,#2066,.F.);
#3023=ORIENTED_EDGE('',*,*,#2053,.F.);
#3024=ORIENTED_EDGE('',*,*,#2049,.F.);
#3025=ORIENTED_EDGE('',*,*,#2111,.F.);
#3026=CYLINDRICAL_SURFACE('',#3224,0.5);
#3027=CYLINDRICAL_SURFACE('',#3256,3.1);
#3028=CYLINDRICAL_SURFACE('',#3258,3.1);
#3029=CYLINDRICAL_SURFACE('',#3260,3.1);
#3030=CYLINDRICAL_SURFACE('',#3262,3.1);
#3031=CYLINDRICAL_SURFACE('',#3264,3.1);
#3032=CYLINDRICAL_SURFACE('',#3266,3.1);
#3033=CYLINDRICAL_SURFACE('',#3268,3.1);
#3034=CYLINDRICAL_SURFACE('',#3270,3.1);
#3035=CYLINDRICAL_SURFACE('',#3272,3.1);
#3036=CYLINDRICAL_SURFACE('',#3274,3.1);
#3037=CYLINDRICAL_SURFACE('',#3276,3.1);
#3038=CYLINDRICAL_SURFACE('',#3278,3.1);
#3039=CYLINDRICAL_SURFACE('',#3280,3.1);
#3040=CYLINDRICAL_SURFACE('',#3282,3.1);
#3041=CYLINDRICAL_SURFACE('',#3284,3.1);
#3042=CYLINDRICAL_SURFACE('',#3286,3.1);
#3043=CYLINDRICAL_SURFACE('',#3288,3.1);
#3044=CYLINDRICAL_SURFACE('',#3290,3.1);
#3045=CYLINDRICAL_SURFACE('',#3292,3.1);
#3046=CYLINDRICAL_SURFACE('',#3294,3.1);
#3047=CYLINDRICAL_SURFACE('',#3331,1.);
#3048=CYLINDRICAL_SURFACE('',#3336,1.);
#3049=CYLINDRICAL_SURFACE('',#3344,0.5);
#3050=CYLINDRICAL_SURFACE('',#3348,13.);
#3051=CYLINDRICAL_SURFACE('',#3350,13.);
#3052=CYLINDRICAL_SURFACE('',#3352,23.);
#3053=ADVANCED_FACE('',(#166),#3026,.F.);
#3054=ADVANCED_FACE('',(#167),#37,.F.);
#3055=ADVANCED_FACE('',(#168),#38,.F.);
#3056=ADVANCED_FACE('',(#169),#39,.T.);
#3057=ADVANCED_FACE('',(#170),#40,.T.);
#3058=ADVANCED_FACE('',(#171),#41,.F.);
#3059=ADVANCED_FACE('',(#172,#21,#22,#23,#24,#25,#26,#27,#28),#42,.T.);
#3060=ADVANCED_FACE('',(#173),#3027,.F.);
#3061=ADVANCED_FACE('',(#174),#3028,.F.);
#3062=ADVANCED_FACE('',(#175),#3029,.F.);
#3063=ADVANCED_FACE('',(#176),#3030,.F.);
#3064=ADVANCED_FACE('',(#177),#3031,.F.);
#3065=ADVANCED_FACE('',(#178),#3032,.F.);
#3066=ADVANCED_FACE('',(#179),#3033,.F.);
#3067=ADVANCED_FACE('',(#180),#3034,.F.);
#3068=ADVANCED_FACE('',(#181),#3035,.F.);
#3069=ADVANCED_FACE('',(#182),#3036,.F.);
#3070=ADVANCED_FACE('',(#183),#3037,.F.);
#3071=ADVANCED_FACE('',(#184),#3038,.F.);
#3072=ADVANCED_FACE('',(#185),#3039,.F.);
#3073=ADVANCED_FACE('',(#186),#3040,.F.);
#3074=ADVANCED_FACE('',(#187),#3041,.F.);
#3075=ADVANCED_FACE('',(#188),#3042,.F.);
#3076=ADVANCED_FACE('',(#189),#3043,.F.);
#3077=ADVANCED_FACE('',(#190),#3044,.F.);
#3078=ADVANCED_FACE('',(#191),#3045,.F.);
#3079=ADVANCED_FACE('',(#192),#3046,.F.);
#3080=ADVANCED_FACE('',(#193),#43,.F.);
#3081=ADVANCED_FACE('',(#194),#44,.F.);
#3082=ADVANCED_FACE('',(#195),#45,.F.);
#3083=ADVANCED_FACE('',(#196),#46,.F.);
#3084=ADVANCED_FACE('',(#197),#47,.F.);
#3085=ADVANCED_FACE('',(#198),#48,.F.);
#3086=ADVANCED_FACE('',(#199),#49,.F.);
#3087=ADVANCED_FACE('',(#200),#50,.F.);
#3088=ADVANCED_FACE('',(#201),#51,.F.);
#3089=ADVANCED_FACE('',(#202),#52,.F.);
#3090=ADVANCED_FACE('',(#203),#53,.F.);
#3091=ADVANCED_FACE('',(#204),#54,.F.);
#3092=ADVANCED_FACE('',(#205),#55,.F.);
#3093=ADVANCED_FACE('',(#206),#56,.F.);
#3094=ADVANCED_FACE('',(#207),#57,.F.);
#3095=ADVANCED_FACE('',(#208),#58,.F.);
#3096=ADVANCED_FACE('',(#209),#59,.F.);
#3097=ADVANCED_FACE('',(#210),#60,.F.);
#3098=ADVANCED_FACE('',(#211),#61,.F.);
#3099=ADVANCED_FACE('',(#212),#62,.F.);
#3100=ADVANCED_FACE('',(#213),#63,.F.);
#3101=ADVANCED_FACE('',(#214),#64,.F.);
#3102=ADVANCED_FACE('',(#215),#65,.F.);
#3103=ADVANCED_FACE('',(#216),#66,.F.);
#3104=ADVANCED_FACE('',(#217),#67,.F.);
#3105=ADVANCED_FACE('',(#218),#68,.F.);
#3106=ADVANCED_FACE('',(#219),#69,.F.);
#3107=ADVANCED_FACE('',(#220),#70,.F.);
#3108=ADVANCED_FACE('',(#221),#71,.F.);
#3109=ADVANCED_FACE('',(#222),#72,.F.);
#3110=ADVANCED_FACE('',(#223),#73,.F.);
#3111=ADVANCED_FACE('',(#224),#74,.F.);
#3112=ADVANCED_FACE('',(#225),#75,.F.);
#3113=ADVANCED_FACE('',(#226),#76,.F.);
#3114=ADVANCED_FACE('',(#227),#77,.F.);
#3115=ADVANCED_FACE('',(#228),#3047,.T.);
#3116=ADVANCED_FACE('',(#229),#78,.F.);
#3117=ADVANCED_FACE('',(#230),#79,.F.);
#3118=ADVANCED_FACE('',(#231),#3048,.T.);
#3119=ADVANCED_FACE('',(#232),#80,.F.);
#3120=ADVANCED_FACE('',(#233,#29,#30,#31,#32,#33,#34,#35,#36),#81,.F.);
#3121=ADVANCED_FACE('',(#234),#3049,.F.);
#3122=ADVANCED_FACE('',(#235),#82,.F.);
#3123=ADVANCED_FACE('',(#236),#3050,.T.);
#3124=ADVANCED_FACE('',(#237),#83,.T.);
#3125=ADVANCED_FACE('',(#238),#3051,.T.);
#3126=ADVANCED_FACE('',(#239),#84,.T.);
#3127=ADVANCED_FACE('',(#240),#3052,.T.);
#3128=ADVANCED_FACE('',(#241),#85,.T.);
#3129=ADVANCED_FACE('',(#242),#86,.F.);
#3130=ADVANCED_FACE('',(#243),#87,.T.);
#3131=ADVANCED_FACE('',(#244),#88,.T.);
#3132=ADVANCED_FACE('',(#245),#89,.F.);
#3133=ADVANCED_FACE('',(#246),#90,.T.);
#3134=ADVANCED_FACE('',(#247),#91,.T.);
#3135=ADVANCED_FACE('',(#248),#92,.T.);
#3136=ADVANCED_FACE('',(#249),#93,.T.);
#3137=ADVANCED_FACE('',(#250),#94,.T.);
#3138=ADVANCED_FACE('',(#251),#95,.F.);
#3139=ADVANCED_FACE('',(#252),#96,.T.);
#3140=ADVANCED_FACE('',(#253),#97,.T.);
#3141=ADVANCED_FACE('',(#254),#98,.F.);
#3142=ADVANCED_FACE('',(#255),#99,.F.);
#3143=ADVANCED_FACE('',(#256),#100,.F.);
#3144=ADVANCED_FACE('',(#257),#101,.T.);
#3145=ADVANCED_FACE('',(#258),#102,.T.);
#3146=ADVANCED_FACE('',(#259),#103,.F.);
#3147=ADVANCED_FACE('',(#260),#104,.F.);
#3148=ADVANCED_FACE('',(#261),#105,.F.);
#3149=ADVANCED_FACE('',(#262),#106,.F.);
#3150=ADVANCED_FACE('',(#263),#107,.F.);
#3151=ADVANCED_FACE('',(#264),#108,.F.);
#3152=ADVANCED_FACE('',(#265),#109,.F.);
#3153=ADVANCED_FACE('',(#266),#110,.F.);
#3154=ADVANCED_FACE('',(#267),#111,.F.);
#3155=ADVANCED_FACE('',(#268),#112,.F.);
#3156=ADVANCED_FACE('',(#269),#113,.F.);
#3157=ADVANCED_FACE('',(#270),#114,.F.);
#3158=ADVANCED_FACE('',(#271),#115,.F.);
#3159=ADVANCED_FACE('',(#272),#116,.F.);
#3160=ADVANCED_FACE('',(#273),#117,.F.);
#3161=ADVANCED_FACE('',(#274),#118,.F.);
#3162=ADVANCED_FACE('',(#275),#119,.F.);
#3163=ADVANCED_FACE('',(#276),#120,.F.);
#3164=ADVANCED_FACE('',(#277),#121,.F.);
#3165=ADVANCED_FACE('',(#278),#122,.F.);
#3166=ADVANCED_FACE('',(#279),#123,.F.);
#3167=ADVANCED_FACE('',(#280),#124,.F.);
#3168=ADVANCED_FACE('',(#281),#125,.F.);
#3169=ADVANCED_FACE('',(#282),#126,.F.);
#3170=ADVANCED_FACE('',(#283),#127,.F.);
#3171=ADVANCED_FACE('',(#284),#128,.F.);
#3172=ADVANCED_FACE('',(#285),#129,.F.);
#3173=ADVANCED_FACE('',(#286),#130,.F.);
#3174=ADVANCED_FACE('',(#287),#131,.F.);
#3175=ADVANCED_FACE('',(#288),#132,.F.);
#3176=ADVANCED_FACE('',(#289),#133,.F.);
#3177=ADVANCED_FACE('',(#290),#134,.F.);
#3178=ADVANCED_FACE('',(#291),#135,.F.);
#3179=ADVANCED_FACE('',(#292),#136,.F.);
#3180=ADVANCED_FACE('',(#293),#137,.F.);
#3181=ADVANCED_FACE('',(#294),#138,.F.);
#3182=ADVANCED_FACE('',(#295),#139,.F.);
#3183=ADVANCED_FACE('',(#296),#140,.F.);
#3184=ADVANCED_FACE('',(#297),#141,.F.);
#3185=ADVANCED_FACE('',(#298),#142,.F.);
#3186=ADVANCED_FACE('',(#299),#143,.F.);
#3187=ADVANCED_FACE('',(#300),#144,.F.);
#3188=ADVANCED_FACE('',(#301),#145,.F.);
#3189=ADVANCED_FACE('',(#302),#146,.F.);
#3190=ADVANCED_FACE('',(#303),#147,.F.);
#3191=ADVANCED_FACE('',(#304),#148,.F.);
#3192=ADVANCED_FACE('',(#305),#149,.T.);
#3193=ADVANCED_FACE('',(#306),#150,.F.);
#3194=ADVANCED_FACE('',(#307),#151,.F.);
#3195=ADVANCED_FACE('',(#308),#152,.F.);
#3196=ADVANCED_FACE('',(#309),#153,.F.);
#3197=ADVANCED_FACE('',(#310),#154,.F.);
#3198=ADVANCED_FACE('',(#311),#155,.T.);
#3199=ADVANCED_FACE('',(#312),#156,.T.);
#3200=ADVANCED_FACE('',(#313),#157,.T.);
#3201=ADVANCED_FACE('',(#314),#158,.T.);
#3202=ADVANCED_FACE('',(#315),#159,.T.);
#3203=ADVANCED_FACE('',(#316),#160,.T.);
#3204=ADVANCED_FACE('',(#317),#161,.T.);
#3205=ADVANCED_FACE('',(#318),#162,.T.);
#3206=ADVANCED_FACE('',(#319),#163,.T.);
#3207=ADVANCED_FACE('',(#320),#164,.T.);
#3208=ADVANCED_FACE('',(#321),#165,.T.);
#3209=CLOSED_SHELL('',(#3053,#3054,#3055,#3056,#3057,#3058,#3059,#3060,
#3061,#3062,#3063,#3064,#3065,#3066,#3067,#3068,#3069,#3070,#3071,#3072,
#3073,#3074,#3075,#3076,#3077,#3078,#3079,#3080,#3081,#3082,#3083,#3084,
#3085,#3086,#3087,#3088,#3089,#3090,#3091,#3092,#3093,#3094,#3095,#3096,
#3097,#3098,#3099,#3100,#3101,#3102,#3103,#3104,#3105,#3106,#3107,#3108,
#3109,#3110,#3111,#3112,#3113,#3114,#3115,#3116,#3117,#3118,#3119,#3120,
#3121,#3122,#3123,#3124,#3125,#3126,#3127,#3128,#3129,#3130,#3131,#3132,
#3133,#3134,#3135,#3136,#3137,#3138,#3139,#3140,#3141,#3142,#3143,#3144,
#3145,#3146,#3147,#3148,#3149,#3150,#3151,#3152,#3153,#3154,#3155,#3156,
#3157,#3158,#3159,#3160,#3161,#3162,#3163,#3164,#3165,#3166,#3167,#3168,
#3169,#3170,#3171,#3172,#3173,#3174,#3175,#3176,#3177,#3178,#3179,#3180,
#3181,#3182,#3183,#3184,#3185,#3186,#3187,#3188,#3189,#3190,#3191,#3192,
#3193,#3194,#3195,#3196,#3197,#3198,#3199,#3200,#3201,#3202,#3203,#3204,
#3205,#3206,#3207,#3208));
#3210=DERIVED_UNIT_ELEMENT(#3212,1.);
#3211=DERIVED_UNIT_ELEMENT(#5190,-3.);
#3212=(
MASS_UNIT()
NAMED_UNIT(*)
SI_UNIT(.KILO.,.GRAM.)
);
#3213=DERIVED_UNIT((#3210,#3211));
#3214=MEASURE_REPRESENTATION_ITEM('density measure',
POSITIVE_RATIO_MEASURE(7850.),#3213);
#3215=PROPERTY_DEFINITION_REPRESENTATION(#3220,#3217);
#3216=PROPERTY_DEFINITION_REPRESENTATION(#3221,#3218);
#3217=REPRESENTATION('material name',(#3219),#5187);
#3218=REPRESENTATION('density',(#3214),#5187);
#3219=DESCRIPTIVE_REPRESENTATION_ITEM('Steel','Steel');
#3220=PROPERTY_DEFINITION('material property','material name',#5202);
#3221=PROPERTY_DEFINITION('material property','density of part',#5202);
#3222=AXIS2_PLACEMENT_3D('',#4264,#3435,#3436);
#3223=AXIS2_PLACEMENT_3D('',#4265,#3437,#3438);
#3224=AXIS2_PLACEMENT_3D('',#4266,#3439,#3440);
#3225=AXIS2_PLACEMENT_3D('',#4269,#3441,#3442);
#3226=AXIS2_PLACEMENT_3D('',#4273,#3444,#3445);
#3227=AXIS2_PLACEMENT_3D('',#4275,#3447,#3448);
#3228=AXIS2_PLACEMENT_3D('',#4281,#3452,#3453);
#3229=AXIS2_PLACEMENT_3D('',#4285,#3456,#3457);
#3230=AXIS2_PLACEMENT_3D('',#4293,#3462,#3463);
#3231=AXIS2_PLACEMENT_3D('',#4295,#3465,#3466);
#3232=AXIS2_PLACEMENT_3D('',#4297,#3468,#3469);
#3233=AXIS2_PLACEMENT_3D('',#4303,#3472,#3473);
#3234=AXIS2_PLACEMENT_3D('',#4307,#3475,#3476);
#3235=AXIS2_PLACEMENT_3D('',#4321,#3483,#3484);
#3236=AXIS2_PLACEMENT_3D('',#4327,#3487,#3488);
#3237=AXIS2_PLACEMENT_3D('',#4335,#3492,#3493);
#3238=AXIS2_PLACEMENT_3D('',#4343,#3497,#3498);
#3239=AXIS2_PLACEMENT_3D('',#4351,#3502,#3503);
#3240=AXIS2_PLACEMENT_3D('',#4359,#3507,#3508);
#3241=AXIS2_PLACEMENT_3D('',#4367,#3512,#3513);
#3242=AXIS2_PLACEMENT_3D('',#4375,#3517,#3518);
#3243=AXIS2_PLACEMENT_3D('',#4383,#3522,#3523);
#3244=AXIS2_PLACEMENT_3D('',#4391,#3527,#3528);
#3245=AXIS2_PLACEMENT_3D('',#4399,#3532,#3533);
#3246=AXIS2_PLACEMENT_3D('',#4407,#3537,#3538);
#3247=AXIS2_PLACEMENT_3D('',#4415,#3542,#3543);
#3248=AXIS2_PLACEMENT_3D('',#4423,#3547,#3548);
#3249=AXIS2_PLACEMENT_3D('',#4431,#3552,#3553);
#3250=AXIS2_PLACEMENT_3D('',#4439,#3557,#3558);
#3251=AXIS2_PLACEMENT_3D('',#4447,#3562,#3563);
#3252=AXIS2_PLACEMENT_3D('',#4455,#3567,#3568);
#3253=AXIS2_PLACEMENT_3D('',#4463,#3572,#3573);
#3254=AXIS2_PLACEMENT_3D('',#4471,#3577,#3578);
#3255=AXIS2_PLACEMENT_3D('',#4479,#3582,#3583);
#3256=AXIS2_PLACEMENT_3D('',#4531,#3610,#3611);
#3257=AXIS2_PLACEMENT_3D('',#4535,#3613,#3614);
#3258=AXIS2_PLACEMENT_3D('',#4537,#3616,#3617);
#3259=AXIS2_PLACEMENT_3D('',#4541,#3619,#3620);
#3260=AXIS2_PLACEMENT_3D('',#4543,#3622,#3623);
#3261=AXIS2_PLACEMENT_3D('',#4547,#3625,#3626);
#3262=AXIS2_PLACEMENT_3D('',#4549,#3628,#3629);
#3263=AXIS2_PLACEMENT_3D('',#4553,#3631,#3632);
#3264=AXIS2_PLACEMENT_3D('',#4555,#3634,#3635);
#3265=AXIS2_PLACEMENT_3D('',#4559,#3637,#3638);
#3266=AXIS2_PLACEMENT_3D('',#4561,#3640,#3641);
#3267=AXIS2_PLACEMENT_3D('',#4565,#3643,#3644);
#3268=AXIS2_PLACEMENT_3D('',#4567,#3646,#3647);
#3269=AXIS2_PLACEMENT_3D('',#4571,#3649,#3650);
#3270=AXIS2_PLACEMENT_3D('',#4573,#3652,#3653);
#3271=AXIS2_PLACEMENT_3D('',#4577,#3655,#3656);
#3272=AXIS2_PLACEMENT_3D('',#4579,#3658,#3659);
#3273=AXIS2_PLACEMENT_3D('',#4583,#3661,#3662);
#3274=AXIS2_PLACEMENT_3D('',#4585,#3664,#3665);
#3275=AXIS2_PLACEMENT_3D('',#4589,#3667,#3668);
#3276=AXIS2_PLACEMENT_3D('',#4591,#3670,#3671);
#3277=AXIS2_PLACEMENT_3D('',#4595,#3673,#3674);
#3278=AXIS2_PLACEMENT_3D('',#4597,#3676,#3677);
#3279=AXIS2_PLACEMENT_3D('',#4601,#3679,#3680);
#3280=AXIS2_PLACEMENT_3D('',#4603,#3682,#3683);
#3281=AXIS2_PLACEMENT_3D('',#4607,#3685,#3686);
#3282=AXIS2_PLACEMENT_3D('',#4609,#3688,#3689);
#3283=AXIS2_PLACEMENT_3D('',#4613,#3691,#3692);
#3284=AXIS2_PLACEMENT_3D('',#4615,#3694,#3695);
#3285=AXIS2_PLACEMENT_3D('',#4619,#3697,#3698);
#3286=AXIS2_PLACEMENT_3D('',#4621,#3700,#3701);
#3287=AXIS2_PLACEMENT_3D('',#4625,#3703,#3704);
#3288=AXIS2_PLACEMENT_3D('',#4627,#3706,#3707);
#3289=AXIS2_PLACEMENT_3D('',#4631,#3709,#3710);
#3290=AXIS2_PLACEMENT_3D('',#4633,#3712,#3713);
#3291=AXIS2_PLACEMENT_3D('',#4637,#3715,#3716);
#3292=AXIS2_PLACEMENT_3D('',#4639,#3718,#3719);
#3293=AXIS2_PLACEMENT_3D('',#4643,#3721,#3722);
#3294=AXIS2_PLACEMENT_3D('',#4645,#3724,#3725);
#3295=AXIS2_PLACEMENT_3D('',#4649,#3727,#3728);
#3296=AXIS2_PLACEMENT_3D('',#4651,#3730,#3731);
#3297=AXIS2_PLACEMENT_3D('',#4655,#3734,#3735);
#3298=AXIS2_PLACEMENT_3D('',#4659,#3738,#3739);
#3299=AXIS2_PLACEMENT_3D('',#4663,#3742,#3743);
#3300=AXIS2_PLACEMENT_3D('',#4667,#3746,#3747);
#3301=AXIS2_PLACEMENT_3D('',#4671,#3750,#3751);
#3302=AXIS2_PLACEMENT_3D('',#4675,#3754,#3755);
#3303=AXIS2_PLACEMENT_3D('',#4679,#3758,#3759);
#3304=AXIS2_PLACEMENT_3D('',#4683,#3762,#3763);
#3305=AXIS2_PLACEMENT_3D('',#4687,#3766,#3767);
#3306=AXIS2_PLACEMENT_3D('',#4691,#3770,#3771);
#3307=AXIS2_PLACEMENT_3D('',#4695,#3774,#3775);
#3308=AXIS2_PLACEMENT_3D('',#4699,#3778,#3779);
#3309=AXIS2_PLACEMENT_3D('',#4703,#3782,#3783);
#3310=AXIS2_PLACEMENT_3D('',#4707,#3786,#3787);
#3311=AXIS2_PLACEMENT_3D('',#4711,#3790,#3791);
#3312=AXIS2_PLACEMENT_3D('',#4715,#3794,#3795);
#3313=AXIS2_PLACEMENT_3D('',#4719,#3798,#3799);
#3314=AXIS2_PLACEMENT_3D('',#4723,#3802,#3803);
#3315=AXIS2_PLACEMENT_3D('',#4727,#3806,#3807);
#3316=AXIS2_PLACEMENT_3D('',#4731,#3810,#3811);
#3317=AXIS2_PLACEMENT_3D('',#4737,#3815,#3816);
#3318=AXIS2_PLACEMENT_3D('',#4741,#3819,#3820);
#3319=AXIS2_PLACEMENT_3D('',#4743,#3822,#3823);
#3320=AXIS2_PLACEMENT_3D('',#4749,#3827,#3828);
#3321=AXIS2_PLACEMENT_3D('',#4753,#3831,#3832);
#3322=AXIS2_PLACEMENT_3D('',#4755,#3834,#3835);
#3323=AXIS2_PLACEMENT_3D('',#4761,#3839,#3840);
#3324=AXIS2_PLACEMENT_3D('',#4765,#3843,#3844);
#3325=AXIS2_PLACEMENT_3D('',#4767,#3846,#3847);
#3326=AXIS2_PLACEMENT_3D('',#4773,#3851,#3852);
#3327=AXIS2_PLACEMENT_3D('',#4777,#3855,#3856);
#3328=AXIS2_PLACEMENT_3D('',#4779,#3858,#3859);
#3329=AXIS2_PLACEMENT_3D('',#4785,#3863,#3864);
#3330=AXIS2_PLACEMENT_3D('',#4789,#3867,#3868);
#3331=AXIS2_PLACEMENT_3D('',#4791,#3870,#3871);
#3332=AXIS2_PLACEMENT_3D('',#4794,#3872,#3873);
#3333=AXIS2_PLACEMENT_3D('',#4798,#3875,#3876);
#3334=AXIS2_PLACEMENT_3D('',#4800,#3878,#3879);
#3335=AXIS2_PLACEMENT_3D('',#4807,#3884,#3885);
#3336=AXIS2_PLACEMENT_3D('',#4813,#3889,#3890);
#3337=AXIS2_PLACEMENT_3D('',#4816,#3891,#3892);
#3338=AXIS2_PLACEMENT_3D('',#4820,#3894,#3895);
#3339=AXIS2_PLACEMENT_3D('',#4822,#3897,#3898);
#3340=AXIS2_PLACEMENT_3D('',#4829,#3903,#3904);
#3341=AXIS2_PLACEMENT_3D('',#4833,#3906,#3907);
#3342=AXIS2_PLACEMENT_3D('',#4859,#3920,#3921);
#3343=AXIS2_PLACEMENT_3D('',#4863,#3923,#3924);
#3344=AXIS2_PLACEMENT_3D('',#4942,#3975,#3976);
#3345=AXIS2_PLACEMENT_3D('',#4944,#3977,#3978);
#3346=AXIS2_PLACEMENT_3D('',#4946,#3979,#3980);
#3347=AXIS2_PLACEMENT_3D('',#4948,#3982,#3983);
#3348=AXIS2_PLACEMENT_3D('',#4951,#3986,#3987);
#3349=AXIS2_PLACEMENT_3D('',#4954,#3990,#3991);
#3350=AXIS2_PLACEMENT_3D('',#4955,#3992,#3993);
#3351=AXIS2_PLACEMENT_3D('',#4958,#3996,#3997);
#3352=AXIS2_PLACEMENT_3D('',#4960,#3999,#4000);
#3353=AXIS2_PLACEMENT_3D('',#4962,#4002,#4003);
#3354=AXIS2_PLACEMENT_3D('',#4964,#4005,#4006);
#3355=AXIS2_PLACEMENT_3D('',#4965,#4007,#4008);
#3356=AXIS2_PLACEMENT_3D('',#4966,#4009,#4010);
#3357=AXIS2_PLACEMENT_3D('',#4967,#4011,#4012);
#3358=AXIS2_PLACEMENT_3D('',#4969,#4014,#4015);
#3359=AXIS2_PLACEMENT_3D('',#4975,#4019,#4020);
#3360=AXIS2_PLACEMENT_3D('',#4983,#4025,#4026);
#3361=AXIS2_PLACEMENT_3D('',#4989,#4030,#4031);
#3362=AXIS2_PLACEMENT_3D('',#4994,#4035,#4036);
#3363=AXIS2_PLACEMENT_3D('',#5003,#4041,#4042);
#3364=AXIS2_PLACEMENT_3D('',#5013,#4048,#4049);
#3365=AXIS2_PLACEMENT_3D('',#5021,#4054,#4055);
#3366=AXIS2_PLACEMENT_3D('',#5027,#4059,#4060);
#3367=AXIS2_PLACEMENT_3D('',#5030,#4063,#4064);
#3368=AXIS2_PLACEMENT_3D('',#5032,#4066,#4067);
#3369=AXIS2_PLACEMENT_3D('',#5040,#4072,#4073);
#3370=AXIS2_PLACEMENT_3D('',#5066,#4088,#4089);
#3371=AXIS2_PLACEMENT_3D('',#5075,#4096,#4097);
#3372=AXIS2_PLACEMENT_3D('',#5078,#4100,#4101);
#3373=AXIS2_PLACEMENT_3D('',#5081,#4104,#4105);
#3374=AXIS2_PLACEMENT_3D('',#5084,#4108,#4109);
#3375=AXIS2_PLACEMENT_3D('',#5087,#4112,#4113);
#3376=AXIS2_PLACEMENT_3D('',#5089,#4115,#4116);
#3377=AXIS2_PLACEMENT_3D('',#5090,#4117,#4118);
#3378=AXIS2_PLACEMENT_3D('',#5092,#4120,#4121);
#3379=AXIS2_PLACEMENT_3D('',#5093,#4122,#4123);
#3380=AXIS2_PLACEMENT_3D('',#5095,#4125,#4126);
#3381=AXIS2_PLACEMENT_3D('',#5096,#4127,#4128);
#3382=AXIS2_PLACEMENT_3D('',#5098,#4130,#4131);
#3383=AXIS2_PLACEMENT_3D('',#5099,#4132,#4133);
#3384=AXIS2_PLACEMENT_3D('',#5101,#4135,#4136);
#3385=AXIS2_PLACEMENT_3D('',#5102,#4137,#4138);
#3386=AXIS2_PLACEMENT_3D('',#5104,#4140,#4141);
#3387=AXIS2_PLACEMENT_3D('',#5105,#4142,#4143);
#3388=AXIS2_PLACEMENT_3D('',#5107,#4145,#4146);
#3389=AXIS2_PLACEMENT_3D('',#5108,#4147,#4148);
#3390=AXIS2_PLACEMENT_3D('',#5110,#4150,#4151);
#3391=AXIS2_PLACEMENT_3D('',#5111,#4152,#4153);
#3392=AXIS2_PLACEMENT_3D('',#5113,#4155,#4156);
#3393=AXIS2_PLACEMENT_3D('',#5114,#4157,#4158);
#3394=AXIS2_PLACEMENT_3D('',#5116,#4160,#4161);
#3395=AXIS2_PLACEMENT_3D('',#5117,#4162,#4163);
#3396=AXIS2_PLACEMENT_3D('',#5119,#4165,#4166);
#3397=AXIS2_PLACEMENT_3D('',#5120,#4167,#4168);
#3398=AXIS2_PLACEMENT_3D('',#5122,#4170,#4171);
#3399=AXIS2_PLACEMENT_3D('',#5123,#4172,#4173);
#3400=AXIS2_PLACEMENT_3D('',#5125,#4175,#4176);
#3401=AXIS2_PLACEMENT_3D('',#5126,#4177,#4178);
#3402=AXIS2_PLACEMENT_3D('',#5128,#4180,#4181);
#3403=AXIS2_PLACEMENT_3D('',#5129,#4182,#4183);
#3404=AXIS2_PLACEMENT_3D('',#5131,#4185,#4186);
#3405=AXIS2_PLACEMENT_3D('',#5132,#4187,#4188);
#3406=AXIS2_PLACEMENT_3D('',#5134,#4190,#4191);
#3407=AXIS2_PLACEMENT_3D('',#5135,#4192,#4193);
#3408=AXIS2_PLACEMENT_3D('',#5137,#4195,#4196);
#3409=AXIS2_PLACEMENT_3D('',#5138,#4197,#4198);
#3410=AXIS2_PLACEMENT_3D('',#5140,#4200,#4201);
#3411=AXIS2_PLACEMENT_3D('',#5141,#4202,#4203);
#3412=AXIS2_PLACEMENT_3D('',#5143,#4205,#4206);
#3413=AXIS2_PLACEMENT_3D('',#5144,#4207,#4208);
#3414=AXIS2_PLACEMENT_3D('',#5146,#4210,#4211);
#3415=AXIS2_PLACEMENT_3D('',#5147,#4212,#4213);
#3416=AXIS2_PLACEMENT_3D('',#5148,#4214,#4215);
#3417=AXIS2_PLACEMENT_3D('',#5149,#4216,#4217);
#3418=AXIS2_PLACEMENT_3D('',#5155,#4221,#4222);
#3419=AXIS2_PLACEMENT_3D('',#5162,#4227,#4228);
#3420=AXIS2_PLACEMENT_3D('',#5164,#4230,#4231);
#3421=AXIS2_PLACEMENT_3D('',#5166,#4233,#4234);
#3422=AXIS2_PLACEMENT_3D('',#5167,#4235,#4236);
#3423=AXIS2_PLACEMENT_3D('',#5168,#4237,#4238);
#3424=AXIS2_PLACEMENT_3D('',#5170,#4240,#4241);
#3425=AXIS2_PLACEMENT_3D('',#5171,#4242,#4243);
#3426=AXIS2_PLACEMENT_3D('',#5173,#4245,#4246);
#3427=AXIS2_PLACEMENT_3D('',#5174,#4247,#4248);
#3428=AXIS2_PLACEMENT_3D('',#5175,#4249,#4250);
#3429=AXIS2_PLACEMENT_3D('',#5176,#4251,#4252);
#3430=AXIS2_PLACEMENT_3D('',#5177,#4253,#4254);
#3431=AXIS2_PLACEMENT_3D('',#5178,#4255,#4256);
#3432=AXIS2_PLACEMENT_3D('',#5179,#4257,#4258);
#3433=AXIS2_PLACEMENT_3D('',#5181,#4260,#4261);
#3434=AXIS2_PLACEMENT_3D('',#5182,#4262,#4263);
#3435=DIRECTION('axis',(0.,0.,1.));
#3436=DIRECTION('refdir',(1.,0.,0.));
#3437=DIRECTION('axis',(0.,0.,1.));
#3438=DIRECTION('refdir',(1.,0.,0.));
#3439=DIRECTION('center_axis',(-1.,0.,0.));
#3440=DIRECTION('ref_axis',(0.,0.,-1.));
#3441=DIRECTION('center_axis',(1.,0.,0.));
#3442=DIRECTION('ref_axis',(0.,0.,-1.));
#3443=DIRECTION('',(1.,0.,0.));
#3444=DIRECTION('center_axis',(-1.,0.,0.));
#3445=DIRECTION('ref_axis',(0.,0.,-1.));
#3446=DIRECTION('',(-1.,0.,0.));
#3447=DIRECTION('center_axis',(-1.,0.,0.));
#3448=DIRECTION('ref_axis',(0.,0.,1.));
#3449=DIRECTION('',(-4.6000618305826E-24,-0.499999999999999,-0.866025403784439));
#3450=DIRECTION('',(0.,1.,0.));
#3451=DIRECTION('',(4.6000618552345E-24,-0.499999999999998,0.86602540378444));
#3452=DIRECTION('center_axis',(0.,0.866025403784439,-0.499999999999999));
#3453=DIRECTION('ref_axis',(-4.6000618305826E-24,-0.499999999999999,-0.866025403784439));
#3454=DIRECTION('',(0.,0.499999999999999,0.866025403784439));
#3455=DIRECTION('',(-1.,1.23259516440783E-32,0.));
#3456=DIRECTION('center_axis',(0.,4.43833309471412E-15,1.));
#3457=DIRECTION('ref_axis',(-2.46519032881566E-32,1.,-4.43833309471412E-15));
#3458=DIRECTION('',(2.46519032881566E-32,-1.,4.43833309471412E-15));
#3459=DIRECTION('',(-1.,1.23259516440783E-32,0.));
#3460=DIRECTION('',(-2.46519032881566E-32,1.,-4.43833309471412E-15));
#3461=DIRECTION('',(1.,5.55433936775935E-50,0.));
#3462=DIRECTION('center_axis',(-1.,0.,0.));
#3463=DIRECTION('ref_axis',(0.,0.,1.));
#3464=DIRECTION('',(0.,0.499999999999998,-0.86602540378444));
#3465=DIRECTION('center_axis',(0.,-0.86602540378444,-0.499999999999998));
#3466=DIRECTION('ref_axis',(4.6000618552345E-24,-0.499999999999998,0.86602540378444));
#3467=DIRECTION('',(1.,5.55433936775935E-50,0.));
#3468=DIRECTION('center_axis',(0.,0.,1.));
#3469=DIRECTION('ref_axis',(1.,0.,0.));
#3470=DIRECTION('',(-1.,1.23259516440783E-32,0.));
#3471=DIRECTION('',(-0.707106781186548,0.707106781186548,0.));
#3472=DIRECTION('center_axis',(0.,0.,1.));
#3473=DIRECTION('ref_axis',(0.38268343236509,0.923879532511287,0.));
#3474=DIRECTION('',(-1.,2.33282253445893E-48,5.96970179002697E-66));
#3475=DIRECTION('center_axis',(0.,0.,1.));
#3476=DIRECTION('ref_axis',(-0.707106781186548,0.707106781186548,0.));
#3477=DIRECTION('',(-2.46519032881566E-32,-1.,0.));
#3478=DIRECTION('',(0.707106781186547,-0.707106781186547,0.));
#3479=DIRECTION('',(1.,0.,0.));
#3480=DIRECTION('',(0.707106781186547,0.707106781186548,0.));
#3481=DIRECTION('',(0.,1.,0.));
#3482=DIRECTION('',(1.,-2.33282253445893E-48,-5.96970179002697E-66));
#3483=DIRECTION('center_axis',(0.,0.,1.));
#3484=DIRECTION('ref_axis',(0.38268343236509,-0.923879532511287,4.62191054784346E-17));
#3485=DIRECTION('',(0.707106781186548,0.707106781186548,0.));
#3486=DIRECTION('',(1.,5.55433936775935E-50,0.));
#3487=DIRECTION('center_axis',(0.,0.,-1.));
#3488=DIRECTION('ref_axis',(-1.,8.27954588425598E-9,-1.44811698824125E-16));
#3489=DIRECTION('',(0.809016994374955,-0.587785252292463,0.));
#3490=DIRECTION('',(-0.587785252292463,-0.809016994374955,0.));
#3491=DIRECTION('',(-0.809016994374955,0.587785252292463,0.));
#3492=DIRECTION('center_axis',(0.,0.,-1.));
#3493=DIRECTION('ref_axis',(-1.,8.27954588425598E-9,-1.44811698824125E-16));
#3494=DIRECTION('',(0.309016994374958,-0.95105651629515,0.));
#3495=DIRECTION('',(-0.95105651629515,-0.309016994374958,0.));
#3496=DIRECTION('',(-0.309016994374958,0.95105651629515,0.));
#3497=DIRECTION('center_axis',(0.,0.,-1.));
#3498=DIRECTION('ref_axis',(-1.,8.27954588425598E-9,-1.44811698824125E-16));
#3499=DIRECTION('',(-0.309016994374938,-0.951056516295156,0.));
#3500=DIRECTION('',(-0.951056516295157,0.309016994374938,0.));
#3501=DIRECTION('',(0.309016994374938,0.951056516295157,0.));
#3502=DIRECTION('center_axis',(0.,0.,-1.));
#3503=DIRECTION('ref_axis',(-1.,8.27954588425598E-9,-1.44811698824125E-16));
#3504=DIRECTION('',(-0.809016994374942,-0.58778525229248,0.));
#3505=DIRECTION('',(-0.58778525229248,0.809016994374942,0.));
#3506=DIRECTION('',(0.809016994374942,0.58778525229248,0.));
#3507=DIRECTION('center_axis',(0.,0.,-1.));
#3508=DIRECTION('ref_axis',(-1.,8.27954588425598E-9,-1.44811698824125E-16));
#3509=DIRECTION('',(-1.,2.16840434497101E-16,0.));
#3510=DIRECTION('',(0.,1.,0.));
#3511=DIRECTION('',(1.,-4.33680868994202E-17,0.));
#3512=DIRECTION('center_axis',(0.,0.,-1.));
#3513=DIRECTION('ref_axis',(-1.,8.27954588425598E-9,-1.44811698824125E-16));
#3514=DIRECTION('',(-0.809016994374951,0.587785252292469,0.));
#3515=DIRECTION('',(0.587785252292469,0.809016994374951,0.));
#3516=DIRECTION('',(0.809016994374951,-0.587785252292469,0.));
#3517=DIRECTION('center_axis',(0.,0.,-1.));
#3518=DIRECTION('ref_axis',(-1.,8.27954588425598E-9,-1.44811698824125E-16));
#3519=DIRECTION('',(-0.309016994374951,0.951056516295152,0.));
#3520=DIRECTION('',(0.951056516295152,0.309016994374952,0.));
#3521=DIRECTION('',(0.309016994374952,-0.951056516295152,0.));
#3522=DIRECTION('center_axis',(0.,0.,-1.));
#3523=DIRECTION('ref_axis',(-1.,8.27954588425598E-9,-1.44811698824125E-16));
#3524=DIRECTION('',(0.309016994374945,0.951056516295154,0.));
#3525=DIRECTION('',(0.951056516295155,-0.309016994374945,0.));
#3526=DIRECTION('',(-0.309016994374945,-0.951056516295154,0.));
#3527=DIRECTION('center_axis',(0.,0.,-1.));
#3528=DIRECTION('ref_axis',(-1.,8.27954588425598E-9,-1.44811698824125E-16));
#3529=DIRECTION('',(0.809016994374947,0.587785252292474,0.));
#3530=DIRECTION('',(0.587785252292474,-0.809016994374947,0.));
#3531=DIRECTION('',(-0.809016994374947,-0.587785252292474,0.));
#3532=DIRECTION('center_axis',(0.,0.,-1.));
#3533=DIRECTION('ref_axis',(-1.,8.27954588425598E-9,-1.44811698824125E-16));
#3534=DIRECTION('',(1.,-2.16840434497101E-16,0.));
#3535=DIRECTION('',(0.,-1.,0.));
#3536=DIRECTION('',(-1.,4.33680868994202E-17,0.));
#3537=DIRECTION('center_axis',(0.,0.,-1.));
#3538=DIRECTION('ref_axis',(-1.,-8.27954610630059E-9,-1.44811698904177E-16));
#3539=DIRECTION('',(0.809016994374955,-0.587785252292463,0.));
#3540=DIRECTION('',(-0.587785252292463,-0.809016994374955,0.));
#3541=DIRECTION('',(-0.809016994374955,0.587785252292463,0.));
#3542=DIRECTION('center_axis',(0.,0.,-1.));
#3543=DIRECTION('ref_axis',(-1.,-8.27954610630059E-9,-1.44811698904177E-16));
#3544=DIRECTION('',(0.309016994374958,-0.95105651629515,0.));
#3545=DIRECTION('',(-0.95105651629515,-0.309016994374958,0.));
#3546=DIRECTION('',(-0.309016994374958,0.95105651629515,0.));
#3547=DIRECTION('center_axis',(0.,0.,-1.));
#3548=DIRECTION('ref_axis',(-1.,-8.27954610630059E-9,-1.44811698904177E-16));
#3549=DIRECTION('',(-0.309016994374938,-0.951056516295156,0.));
#3550=DIRECTION('',(-0.951056516295157,0.309016994374938,0.));
#3551=DIRECTION('',(0.309016994374938,0.951056516295157,0.));
#3552=DIRECTION('center_axis',(0.,0.,-1.));
#3553=DIRECTION('ref_axis',(-1.,-8.27954610630059E-9,-1.44811698904177E-16));
#3554=DIRECTION('',(-0.809016994374942,-0.58778525229248,0.));
#3555=DIRECTION('',(-0.58778525229248,0.809016994374942,0.));
#3556=DIRECTION('',(0.809016994374942,0.58778525229248,0.));
#3557=DIRECTION('center_axis',(0.,0.,-1.));
#3558=DIRECTION('ref_axis',(-1.,-8.27954610630059E-9,-1.44811698904177E-16));
#3559=DIRECTION('',(-1.,2.16840434497101E-16,0.));
#3560=DIRECTION('',(0.,1.,0.));
#3561=DIRECTION('',(1.,-4.33680868994202E-17,0.));
#3562=DIRECTION('center_axis',(0.,0.,-1.));
#3563=DIRECTION('ref_axis',(-1.,-8.27954610630059E-9,-1.44811698904177E-16));
#3564=DIRECTION('',(-0.809016994374951,0.587785252292469,0.));
#3565=DIRECTION('',(0.587785252292469,0.809016994374951,0.));
#3566=DIRECTION('',(0.809016994374951,-0.587785252292469,0.));
#3567=DIRECTION('center_axis',(0.,0.,-1.));
#3568=DIRECTION('ref_axis',(-1.,-8.27954610630059E-9,-1.44811698904177E-16));
#3569=DIRECTION('',(-0.309016994374951,0.951056516295152,0.));
#3570=DIRECTION('',(0.951056516295152,0.309016994374952,0.));
#3571=DIRECTION('',(0.309016994374952,-0.951056516295152,0.));
#3572=DIRECTION('center_axis',(0.,0.,-1.));
#3573=DIRECTION('ref_axis',(-1.,-8.27954610630059E-9,-1.44811698904177E-16));
#3574=DIRECTION('',(0.309016994374945,0.951056516295154,0.));
#3575=DIRECTION('',(0.951056516295154,-0.309016994374945,0.));
#3576=DIRECTION('',(-0.309016994374945,-0.951056516295154,0.));
#3577=DIRECTION('center_axis',(0.,0.,-1.));
#3578=DIRECTION('ref_axis',(-1.,-8.27954610630059E-9,-1.44811698904177E-16));
#3579=DIRECTION('',(0.809016994374947,0.587785252292474,0.));
#3580=DIRECTION('',(0.587785252292474,-0.809016994374947,0.));
#3581=DIRECTION('',(-0.809016994374947,-0.587785252292474,0.));
#3582=DIRECTION('center_axis',(0.,0.,-1.));
#3583=DIRECTION('ref_axis',(-1.,-8.27954610630059E-9,-1.44811698904177E-16));
#3584=DIRECTION('',(1.,-2.16840434497101E-16,0.));
#3585=DIRECTION('',(0.,-1.,0.));
#3586=DIRECTION('',(-1.,4.33680868994202E-17,0.));
#3587=DIRECTION('',(1.,0.,0.));
#3588=DIRECTION('',(0.707106781186545,-0.70710678118655,0.));
#3589=DIRECTION('',(0.,-1.,0.));
#3590=DIRECTION('',(-0.707106781186552,-0.707106781186543,0.));
#3591=DIRECTION('',(-1.,0.,0.));
#3592=DIRECTION('',(-0.707106781186545,0.70710678118655,0.));
#3593=DIRECTION('',(0.,1.,0.));
#3594=DIRECTION('',(0.707106781186553,0.707106781186542,0.));
#3595=DIRECTION('',(0.707106781186547,0.707106781186548,0.));
#3596=DIRECTION('',(1.11022302462516E-16,-1.,0.));
#3597=DIRECTION('',(-1.,2.37887132800546E-16,0.));
#3598=DIRECTION('',(0.707106781186311,-0.707106781186784,0.));
#3599=DIRECTION('',(-1.,-1.11022302462516E-16,0.));
#3600=DIRECTION('',(-5.47159096539605E-16,1.,0.));
#3601=DIRECTION('',(-0.707106781186547,0.707106781186547,0.));
#3602=DIRECTION('',(1.,1.11022302462516E-16,0.));
#3603=DIRECTION('',(-0.674886764933247,-0.737921306453429,0.));
#3604=DIRECTION('',(-0.707106781186547,-0.707106781186548,0.));
#3605=DIRECTION('',(-0.707106781186548,0.707106781186547,0.));
#3606=DIRECTION('',(1.,-6.34324151690149E-17,0.));
#3607=DIRECTION('',(0.707106781186548,-0.707106781186548,0.));
#3608=DIRECTION('',(-1.,6.34324151690149E-17,0.));
#3609=DIRECTION('',(0.707106781186547,0.707106781186548,0.));
#3610=DIRECTION('center_axis',(-1.44811698864151E-16,-4.83431503078706E-18,
1.));
#3611=DIRECTION('ref_axis',(-1.,8.27954588425598E-9,-1.44811698824125E-16));
#3612=DIRECTION('',(-1.44811698864151E-16,-4.83431503078706E-18,1.));
#3613=DIRECTION('center_axis',(0.,0.,1.));
#3614=DIRECTION('ref_axis',(-1.,8.27954588425598E-9,-1.44811698824125E-16));
#3615=DIRECTION('',(1.44811698864151E-16,4.83431503078706E-18,-1.));
#3616=DIRECTION('center_axis',(-1.44811698864151E-16,-4.83431503078706E-18,
1.));
#3617=DIRECTION('ref_axis',(-1.,8.27954588425598E-9,-1.44811698824125E-16));
#3618=DIRECTION('',(-1.44811698864151E-16,-4.83431503078706E-18,1.));
#3619=DIRECTION('center_axis',(0.,0.,1.));
#3620=DIRECTION('ref_axis',(-1.,8.27954588425598E-9,-1.44811698824125E-16));
#3621=DIRECTION('',(1.44811698864151E-16,4.83431503078706E-18,-1.));
#3622=DIRECTION('center_axis',(-1.44811698864151E-16,-4.83431503078706E-18,
1.));
#3623=DIRECTION('ref_axis',(-1.,8.27954588425598E-9,-1.44811698824125E-16));
#3624=DIRECTION('',(-1.44811698864151E-16,-4.83431503078706E-18,1.));
#3625=DIRECTION('center_axis',(0.,0.,1.));
#3626=DIRECTION('ref_axis',(-1.,8.27954588425598E-9,-1.44811698824125E-16));
#3627=DIRECTION('',(1.44811698864151E-16,4.83431503078706E-18,-1.));
#3628=DIRECTION('center_axis',(-1.44811698864151E-16,-4.83431503078706E-18,
1.));
#3629=DIRECTION('ref_axis',(-1.,8.27954588425598E-9,-1.44811698824125E-16));
#3630=DIRECTION('',(-1.44811698864151E-16,-4.83431503078706E-18,1.));
#3631=DIRECTION('center_axis',(0.,0.,1.));
#3632=DIRECTION('ref_axis',(-1.,8.27954588425598E-9,-1.44811698824125E-16));
#3633=DIRECTION('',(1.44811698864151E-16,4.83431503078706E-18,-1.));
#3634=DIRECTION('center_axis',(-1.44811698864151E-16,-4.83431503078706E-18,
1.));
#3635=DIRECTION('ref_axis',(-1.,8.27954588425598E-9,-1.44811698824125E-16));
#3636=DIRECTION('',(-1.44811698864151E-16,-4.83431503078706E-18,1.));
#3637=DIRECTION('center_axis',(0.,0.,1.));
#3638=DIRECTION('ref_axis',(-1.,8.27954588425598E-9,-1.44811698824125E-16));
#3639=DIRECTION('',(1.44811698864151E-16,4.83431503078706E-18,-1.));
#3640=DIRECTION('center_axis',(-1.44811698864151E-16,-4.83431503078706E-18,
1.));
#3641=DIRECTION('ref_axis',(-1.,8.27954588425598E-9,-1.44811698824125E-16));
#3642=DIRECTION('',(-1.44811698864151E-16,-4.83431503078706E-18,1.));
#3643=DIRECTION('center_axis',(0.,0.,1.));
#3644=DIRECTION('ref_axis',(-1.,8.27954588425598E-9,-1.44811698824125E-16));
#3645=DIRECTION('',(1.44811698864151E-16,4.83431503078706E-18,-1.));
#3646=DIRECTION('center_axis',(-1.44811698864151E-16,-4.83431503078706E-18,
1.));
#3647=DIRECTION('ref_axis',(-1.,8.27954588425598E-9,-1.44811698824125E-16));
#3648=DIRECTION('',(-1.44811698864151E-16,-4.83431503078706E-18,1.));
#3649=DIRECTION('center_axis',(0.,0.,1.));
#3650=DIRECTION('ref_axis',(-1.,8.27954588425598E-9,-1.44811698824125E-16));
#3651=DIRECTION('',(1.44811698864151E-16,4.83431503078706E-18,-1.));
#3652=DIRECTION('center_axis',(-1.44811698864151E-16,-4.83431503078706E-18,
1.));
#3653=DIRECTION('ref_axis',(-1.,8.27954588425598E-9,-1.44811698824125E-16));
#3654=DIRECTION('',(-1.44811698864151E-16,-4.83431503078706E-18,1.));
#3655=DIRECTION('center_axis',(0.,0.,1.));
#3656=DIRECTION('ref_axis',(-1.,8.27954588425598E-9,-1.44811698824125E-16));
#3657=DIRECTION('',(1.44811698864151E-16,4.83431503078706E-18,-1.));
#3658=DIRECTION('center_axis',(-1.44811698864151E-16,-4.83431503078706E-18,
1.));
#3659=DIRECTION('ref_axis',(-1.,8.27954588425598E-9,-1.44811698824125E-16));
#3660=DIRECTION('',(-1.44811698864151E-16,-4.83431503078706E-18,1.));
#3661=DIRECTION('center_axis',(0.,0.,1.));
#3662=DIRECTION('ref_axis',(-1.,8.27954588425598E-9,-1.44811698824125E-16));
#3663=DIRECTION('',(1.44811698864151E-16,4.83431503078706E-18,-1.));
#3664=DIRECTION('center_axis',(-1.44811698864151E-16,-4.83431503078706E-18,
1.));
#3665=DIRECTION('ref_axis',(-1.,8.27954588425598E-9,-1.44811698824125E-16));
#3666=DIRECTION('',(-1.44811698864151E-16,-4.83431503078706E-18,1.));
#3667=DIRECTION('center_axis',(0.,0.,1.));
#3668=DIRECTION('ref_axis',(-1.,8.27954588425598E-9,-1.44811698824125E-16));
#3669=DIRECTION('',(1.44811698864151E-16,4.83431503078706E-18,-1.));
#3670=DIRECTION('center_axis',(-1.44811698864151E-16,-4.83431503078706E-18,
1.));
#3671=DIRECTION('ref_axis',(-1.,-8.27954610630059E-9,-1.44811698904177E-16));
#3672=DIRECTION('',(-1.44811698864151E-16,-4.83431503078706E-18,1.));
#3673=DIRECTION('center_axis',(0.,0.,1.));
#3674=DIRECTION('ref_axis',(-1.,-8.27954610630059E-9,-1.44811698904177E-16));
#3675=DIRECTION('',(1.44811698864151E-16,4.83431503078706E-18,-1.));
#3676=DIRECTION('center_axis',(-1.44811698864151E-16,-4.83431503078706E-18,
1.));
#3677=DIRECTION('ref_axis',(-1.,-8.27954610630059E-9,-1.44811698904177E-16));
#3678=DIRECTION('',(-1.44811698864151E-16,-4.83431503078706E-18,1.));
#3679=DIRECTION('center_axis',(0.,0.,1.));
#3680=DIRECTION('ref_axis',(-1.,-8.27954610630059E-9,-1.44811698904177E-16));
#3681=DIRECTION('',(1.44811698864151E-16,4.83431503078706E-18,-1.));
#3682=DIRECTION('center_axis',(-1.44811698864151E-16,-4.83431503078706E-18,
1.));
#3683=DIRECTION('ref_axis',(-1.,-8.27954610630059E-9,-1.44811698904177E-16));
#3684=DIRECTION('',(-1.44811698864151E-16,-4.83431503078706E-18,1.));
#3685=DIRECTION('center_axis',(0.,0.,1.));
#3686=DIRECTION('ref_axis',(-1.,-8.27954610630059E-9,-1.44811698904177E-16));
#3687=DIRECTION('',(1.44811698864151E-16,4.83431503078706E-18,-1.));
#3688=DIRECTION('center_axis',(-1.44811698864151E-16,-4.83431503078706E-18,
1.));
#3689=DIRECTION('ref_axis',(-1.,-8.27954610630059E-9,-1.44811698904177E-16));
#3690=DIRECTION('',(-1.44811698864151E-16,-4.83431503078706E-18,1.));
#3691=DIRECTION('center_axis',(0.,0.,1.));
#3692=DIRECTION('ref_axis',(-1.,-8.27954610630059E-9,-1.44811698904177E-16));
#3693=DIRECTION('',(1.44811698864151E-16,4.83431503078706E-18,-1.));
#3694=DIRECTION('center_axis',(-1.44811698864151E-16,-4.83431503078706E-18,
1.));
#3695=DIRECTION('ref_axis',(-1.,-8.27954610630059E-9,-1.44811698904177E-16));
#3696=DIRECTION('',(-1.44811698864151E-16,-4.83431503078706E-18,1.));
#3697=DIRECTION('center_axis',(0.,0.,1.));
#3698=DIRECTION('ref_axis',(-1.,-8.27954610630059E-9,-1.44811698904177E-16));
#3699=DIRECTION('',(1.44811698864151E-16,4.83431503078706E-18,-1.));
#3700=DIRECTION('center_axis',(-1.44811698864151E-16,-4.83431503078706E-18,
1.));
#3701=DIRECTION('ref_axis',(-1.,-8.27954610630059E-9,-1.44811698904177E-16));
#3702=DIRECTION('',(-1.44811698864151E-16,-4.83431503078706E-18,1.));
#3703=DIRECTION('center_axis',(0.,0.,1.));
#3704=DIRECTION('ref_axis',(-1.,-8.27954610630059E-9,-1.44811698904177E-16));
#3705=DIRECTION('',(1.44811698864151E-16,4.83431503078706E-18,-1.));
#3706=DIRECTION('center_axis',(-1.44811698864151E-16,-4.83431503078706E-18,
1.));
#3707=DIRECTION('ref_axis',(-1.,-8.27954610630059E-9,-1.44811698904177E-16));
#3708=DIRECTION('',(-1.44811698864151E-16,-4.83431503078706E-18,1.));
#3709=DIRECTION('center_axis',(0.,0.,1.));
#3710=DIRECTION('ref_axis',(-1.,-8.27954610630059E-9,-1.44811698904177E-16));
#3711=DIRECTION('',(1.44811698864151E-16,4.83431503078706E-18,-1.));
#3712=DIRECTION('center_axis',(-1.44811698864151E-16,-4.83431503078706E-18,
1.));
#3713=DIRECTION('ref_axis',(-1.,-8.27954610630059E-9,-1.44811698904177E-16));
#3714=DIRECTION('',(-1.44811698864151E-16,-4.83431503078706E-18,1.));
#3715=DIRECTION('center_axis',(0.,0.,1.));
#3716=DIRECTION('ref_axis',(-1.,-8.27954610630059E-9,-1.44811698904177E-16));
#3717=DIRECTION('',(1.44811698864151E-16,4.83431503078706E-18,-1.));
#3718=DIRECTION('center_axis',(-1.44811698864151E-16,-4.83431503078706E-18,
1.));
#3719=DIRECTION('ref_axis',(-1.,-8.27954610630059E-9,-1.44811698904177E-16));
#3720=DIRECTION('',(-1.44811698864151E-16,-4.83431503078706E-18,1.));
#3721=DIRECTION('center_axis',(0.,0.,1.));
#3722=DIRECTION('ref_axis',(-1.,-8.27954610630059E-9,-1.44811698904177E-16));
#3723=DIRECTION('',(1.44811698864151E-16,4.83431503078706E-18,-1.));
#3724=DIRECTION('center_axis',(-1.44811698864151E-16,-4.83431503078706E-18,
1.));
#3725=DIRECTION('ref_axis',(-1.,-8.27954610630059E-9,-1.44811698904177E-16));
#3726=DIRECTION('',(-1.44811698864151E-16,-4.83431503078706E-18,1.));
#3727=DIRECTION('center_axis',(0.,0.,1.));
#3728=DIRECTION('ref_axis',(-1.,-8.27954610630059E-9,-1.44811698904177E-16));
#3729=DIRECTION('',(1.44811698864151E-16,4.83431503078706E-18,-1.));
#3730=DIRECTION('center_axis',(-4.33680868994202E-17,-1.,0.));
#3731=DIRECTION('ref_axis',(1.,-4.33680868994202E-17,0.));
#3732=DIRECTION('',(0.,0.,1.));
#3733=DIRECTION('',(-1.,4.33680868994202E-17,0.));
#3734=DIRECTION('center_axis',(-0.587785252292462,-0.809016994374955,0.));
#3735=DIRECTION('ref_axis',(0.809016994374955,-0.587785252292462,0.));
#3736=DIRECTION('',(0.,0.,1.));
#3737=DIRECTION('',(-0.809016994374955,0.587785252292463,0.));
#3738=DIRECTION('center_axis',(-0.95105651629515,-0.309016994374958,0.));
#3739=DIRECTION('ref_axis',(0.309016994374958,-0.95105651629515,0.));
#3740=DIRECTION('',(0.,0.,1.));
#3741=DIRECTION('',(-0.309016994374958,0.95105651629515,0.));
#3742=DIRECTION('center_axis',(-0.951056516295157,0.309016994374938,0.));
#3743=DIRECTION('ref_axis',(-0.309016994374938,-0.951056516295157,0.));
#3744=DIRECTION('',(0.,0.,1.));
#3745=DIRECTION('',(0.309016994374938,0.951056516295157,0.));
#3746=DIRECTION('center_axis',(-0.58778525229248,0.809016994374942,0.));
#3747=DIRECTION('ref_axis',(-0.809016994374942,-0.58778525229248,0.));
#3748=DIRECTION('',(0.,0.,1.));
#3749=DIRECTION('',(0.809016994374942,0.58778525229248,0.));
#3750=DIRECTION('center_axis',(4.33680868994202E-17,1.,0.));
#3751=DIRECTION('ref_axis',(-1.,4.33680868994202E-17,0.));
#3752=DIRECTION('',(0.,0.,1.));
#3753=DIRECTION('',(1.,-4.33680868994202E-17,0.));
#3754=DIRECTION('center_axis',(0.587785252292469,0.809016994374951,0.));
#3755=DIRECTION('ref_axis',(-0.809016994374951,0.587785252292469,0.));
#3756=DIRECTION('',(0.,0.,1.));
#3757=DIRECTION('',(0.809016994374951,-0.587785252292469,0.));
#3758=DIRECTION('center_axis',(0.951056516295152,0.309016994374952,0.));
#3759=DIRECTION('ref_axis',(-0.309016994374952,0.951056516295152,0.));
#3760=DIRECTION('',(0.,0.,1.));
#3761=DIRECTION('',(0.309016994374952,-0.951056516295152,0.));
#3762=DIRECTION('center_axis',(0.951056516295155,-0.309016994374945,0.));
#3763=DIRECTION('ref_axis',(0.309016994374945,0.951056516295155,0.));
#3764=DIRECTION('',(0.,0.,1.));
#3765=DIRECTION('',(-0.309016994374945,-0.951056516295154,0.));
#3766=DIRECTION('center_axis',(0.587785252292474,-0.809016994374947,0.));
#3767=DIRECTION('ref_axis',(0.809016994374947,0.587785252292474,0.));
#3768=DIRECTION('',(0.,0.,1.));
#3769=DIRECTION('',(-0.809016994374947,-0.587785252292474,0.));
#3770=DIRECTION('center_axis',(-4.33680868994202E-17,-1.,0.));
#3771=DIRECTION('ref_axis',(1.,-4.33680868994202E-17,0.));
#3772=DIRECTION('',(0.,0.,1.));
#3773=DIRECTION('',(-1.,4.33680868994202E-17,0.));
#3774=DIRECTION('center_axis',(-0.587785252292462,-0.809016994374955,0.));
#3775=DIRECTION('ref_axis',(0.809016994374955,-0.587785252292462,0.));
#3776=DIRECTION('',(0.,0.,1.));
#3777=DIRECTION('',(-0.809016994374955,0.587785252292463,0.));
#3778=DIRECTION('center_axis',(-0.95105651629515,-0.309016994374958,0.));
#3779=DIRECTION('ref_axis',(0.309016994374958,-0.95105651629515,0.));
#3780=DIRECTION('',(0.,0.,1.));
#3781=DIRECTION('',(-0.309016994374958,0.95105651629515,0.));
#3782=DIRECTION('center_axis',(-0.951056516295157,0.309016994374938,0.));
#3783=DIRECTION('ref_axis',(-0.309016994374938,-0.951056516295157,0.));
#3784=DIRECTION('',(0.,0.,1.));
#3785=DIRECTION('',(0.309016994374938,0.951056516295157,0.));
#3786=DIRECTION('center_axis',(-0.58778525229248,0.809016994374942,0.));
#3787=DIRECTION('ref_axis',(-0.809016994374942,-0.58778525229248,0.));
#3788=DIRECTION('',(0.,0.,1.));
#3789=DIRECTION('',(0.809016994374942,0.58778525229248,0.));
#3790=DIRECTION('center_axis',(4.33680868994202E-17,1.,0.));
#3791=DIRECTION('ref_axis',(-1.,4.33680868994202E-17,0.));
#3792=DIRECTION('',(0.,0.,1.));
#3793=DIRECTION('',(1.,-4.33680868994202E-17,0.));
#3794=DIRECTION('center_axis',(0.587785252292469,0.809016994374951,0.));
#3795=DIRECTION('ref_axis',(-0.809016994374951,0.587785252292469,0.));
#3796=DIRECTION('',(0.,0.,1.));
#3797=DIRECTION('',(0.809016994374951,-0.587785252292469,0.));
#3798=DIRECTION('center_axis',(0.951056516295152,0.309016994374952,0.));
#3799=DIRECTION('ref_axis',(-0.309016994374952,0.951056516295152,0.));
#3800=DIRECTION('',(0.,0.,1.));
#3801=DIRECTION('',(0.309016994374952,-0.951056516295152,0.));
#3802=DIRECTION('center_axis',(0.951056516295155,-0.309016994374945,0.));
#3803=DIRECTION('ref_axis',(0.309016994374945,0.951056516295155,0.));
#3804=DIRECTION('',(0.,0.,1.));
#3805=DIRECTION('',(-0.309016994374945,-0.951056516295154,0.));
#3806=DIRECTION('center_axis',(0.587785252292474,-0.809016994374947,0.));
#3807=DIRECTION('ref_axis',(0.809016994374947,0.587785252292474,0.));
#3808=DIRECTION('',(0.,0.,1.));
#3809=DIRECTION('',(-0.809016994374947,-0.587785252292474,0.));
#3810=DIRECTION('center_axis',(-6.34324151690149E-17,-1.,-1.78854927817708E-32));
#3811=DIRECTION('ref_axis',(-1.,6.34324151690149E-17,-2.88397793816226E-16));
#3812=DIRECTION('',(1.,-6.34324151690149E-17,0.));
#3813=DIRECTION('',(2.81961403079405E-16,0.,-1.));
#3814=DIRECTION('',(0.,0.,1.));
#3815=DIRECTION('center_axis',(0.707106781186548,0.707106781186548,1.99376820150321E-16));
#3816=DIRECTION('ref_axis',(0.707106781186548,-0.707106781186548,2.00309057742812E-16));
#3817=DIRECTION('',(-0.707106781186548,0.707106781186548,0.));
#3818=DIRECTION('',(2.81961403079405E-16,0.,-1.));
#3819=DIRECTION('center_axis',(-0.707106781186548,0.707106781186547,-1.99376820150321E-16));
#3820=DIRECTION('ref_axis',(0.707106781186547,0.707106781186548,2.07547013630574E-16));
#3821=DIRECTION('',(-0.707106781186547,-0.707106781186548,0.));
#3822=DIRECTION('center_axis',(-0.707106781186547,-0.707106781186548,-2.05607345780018E-16));
#3823=DIRECTION('ref_axis',(-0.707106781186548,0.707106781186547,-2.00309057742812E-16));
#3824=DIRECTION('',(0.707106781186548,-0.707106781186547,0.));
#3825=DIRECTION('',(2.90772696925636E-16,0.,-1.));
#3826=DIRECTION('',(0.,0.,1.));
#3827=DIRECTION('center_axis',(0.707106781186548,-0.707106781186547,2.05607345780018E-16));
#3828=DIRECTION('ref_axis',(-0.707106781186547,-0.707106781186548,-2.07547013630573E-16));
#3829=DIRECTION('',(0.707106781186547,0.707106781186548,0.));
#3830=DIRECTION('',(2.90772696925636E-16,0.,-1.));
#3831=DIRECTION('center_axis',(6.34324151690149E-17,1.,1.84444144312011E-32));
#3832=DIRECTION('ref_axis',(1.,-6.34324151690149E-17,2.88397793816226E-16));
#3833=DIRECTION('',(-1.,6.34324151690149E-17,0.));
#3834=DIRECTION('center_axis',(-1.11022302462516E-16,1.,-3.1304004175437E-32));
#3835=DIRECTION('ref_axis',(1.,1.11022302462516E-16,2.88397793816226E-16));
#3836=DIRECTION('',(-1.,-1.11022302462516E-16,0.));
#3837=DIRECTION('',(2.81961403079405E-16,0.,-1.));
#3838=DIRECTION('',(0.,0.,1.));
#3839=DIRECTION('center_axis',(-0.707106781186548,-0.707106781186548,-1.99376820150321E-16));
#3840=DIRECTION('ref_axis',(-0.707106781186548,0.707106781186548,-2.00309057742812E-16));
#3841=DIRECTION('',(0.707106781186548,-0.707106781186548,0.));
#3842=DIRECTION('',(2.81961403079405E-16,0.,-1.));
#3843=DIRECTION('center_axis',(0.737921306453429,-0.674886764933247,2.08065326929796E-16));
#3844=DIRECTION('ref_axis',(-0.674886764933247,-0.737921306453429,-1.98412541003684E-16));
#3845=DIRECTION('',(0.674886764933247,0.737921306453429,0.));
#3846=DIRECTION('center_axis',(1.11022302462516E-16,-1.,3.17931292406782E-32));
#3847=DIRECTION('ref_axis',(-1.,-1.11022302462516E-16,-2.88397793816226E-16));
#3848=DIRECTION('',(1.,1.11022302462516E-16,0.));
#3849=DIRECTION('',(2.86367050002521E-16,0.,-1.));
#3850=DIRECTION('',(0.,0.,1.));
#3851=DIRECTION('center_axis',(0.707106781186784,0.707106781186311,2.02492082965237E-16));
#3852=DIRECTION('ref_axis',(0.707106781186311,-0.707106781186784,2.00309057742743E-16));
#3853=DIRECTION('',(-0.707106781186311,0.707106781186784,0.));
#3854=DIRECTION('',(2.86367050002521E-16,0.,-1.));
#3855=DIRECTION('center_axis',(-1.,-5.47159096539605E-16,-2.86367050002521E-16));
#3856=DIRECTION('ref_axis',(-5.47159096539605E-16,1.,5.11800769016509E-18));
#3857=DIRECTION('',(5.47159096539605E-16,-1.,0.));
#3858=DIRECTION('center_axis',(1.,1.11022302462516E-16,2.81961403079405E-16));
#3859=DIRECTION('ref_axis',(1.11022302462516E-16,-1.,-5.11800769016522E-18));
#3860=DIRECTION('',(-1.11022302462516E-16,1.,0.));
#3861=DIRECTION('',(2.81961403079405E-16,0.,-1.));
#3862=DIRECTION('',(0.,0.,1.));
#3863=DIRECTION('center_axis',(-0.707106781186548,0.707106781186547,-1.99376820150321E-16));
#3864=DIRECTION('ref_axis',(0.707106781186547,0.707106781186548,2.07547013630573E-16));
#3865=DIRECTION('',(-0.707106781186547,-0.707106781186548,0.));
#3866=DIRECTION('',(2.81961403079405E-16,0.,-1.));
#3867=DIRECTION('center_axis',(-2.37887132800546E-16,-1.,-6.70749897389787E-32));
#3868=DIRECTION('ref_axis',(-1.,2.37887132800546E-16,-2.88397793816226E-16));
#3869=DIRECTION('',(1.,-2.37887132800546E-16,0.));
#3870=DIRECTION('center_axis',(-5.96970179002697E-66,3.85185988877447E-34,
-1.));
#3871=DIRECTION('ref_axis',(0.70710678118654,-0.707106781186555,0.));
#3872=DIRECTION('center_axis',(0.,0.,1.));
#3873=DIRECTION('ref_axis',(0.70710678118654,-0.707106781186555,0.));
#3874=DIRECTION('',(5.96970179002697E-66,-3.85185988877447E-34,1.));
#3875=DIRECTION('center_axis',(0.,-0.909059342886311,-0.416666666666663));
#3876=DIRECTION('ref_axis',(0.,-0.416666666666663,0.909059342886311));
#3877=DIRECTION('',(-5.96970179002697E-66,3.85185988877447E-34,-1.));
#3878=DIRECTION('center_axis',(-5.55433936775935E-50,1.,3.85185988877447E-34));
#3879=DIRECTION('ref_axis',(-1.,0.,-1.44198894252266E-16));
#3880=DIRECTION('',(1.,5.55433936775935E-50,0.));
#3881=DIRECTION('',(0.,0.,1.));
#3882=DIRECTION('',(-1.44198894252266E-16,-3.85185988877447E-34,1.));
#3883=DIRECTION('',(-1.,-5.55433936775935E-50,0.));
#3884=DIRECTION('center_axis',(0.,-0.909059342886311,-0.416666666666663));
#3885=DIRECTION('ref_axis',(4.82864494598154E-24,-0.416666666666664,0.909059342886311));
#3886=DIRECTION('',(-9.72009389357879E-49,-0.416666666666664,0.909059342886311));
#3887=DIRECTION('',(1.,0.,0.));
#3888=DIRECTION('',(4.82864494598154E-24,-0.416666666666664,0.909059342886311));
#3889=DIRECTION('center_axis',(5.96970179002697E-66,-1.77738859768299E-48,
1.));
#3890=DIRECTION('ref_axis',(0.707106781186552,0.707106781186543,0.));
#3891=DIRECTION('center_axis',(0.,0.909059342886308,-0.41666666666667));
#3892=DIRECTION('ref_axis',(2.8912057932947E-17,0.41666666666667,0.909059342886308));
#3893=DIRECTION('',(-5.96970179002697E-66,1.77738859768299E-48,-1.));
#3894=DIRECTION('center_axis',(0.,0.,1.));
#3895=DIRECTION('ref_axis',(0.707106781186552,0.707106781186543,0.));
#3896=DIRECTION('',(5.96970179002697E-66,-1.77738859768299E-48,1.));
#3897=DIRECTION('center_axis',(-1.23259516440783E-32,-1.,-1.77738859768299E-48));
#3898=DIRECTION('ref_axis',(-1.,1.23259516440783E-32,-1.44198894252266E-16));
#3899=DIRECTION('',(1.,-1.23259516440783E-32,0.));
#3900=DIRECTION('',(0.,0.,1.));
#3901=DIRECTION('',(0.,0.,1.));
#3902=DIRECTION('',(-1.,1.23259516440783E-32,0.));
#3903=DIRECTION('center_axis',(0.,0.,1.));
#3904=DIRECTION('ref_axis',(1.,0.,0.));
#3905=DIRECTION('',(0.707106781186548,0.707106781186548,0.));
#3906=DIRECTION('center_axis',(0.,0.,1.));
#3907=DIRECTION('ref_axis',(0.38268343236509,-0.923879532511287,4.62191054784346E-17));
#3908=DIRECTION('',(-1.,2.33282253445893E-48,5.96970179002697E-66));
#3909=DIRECTION('',(0.,-1.,0.));
#3910=DIRECTION('',(-0.707106781186549,-0.707106781186546,0.));
#3911=DIRECTION('',(-1.,0.,0.));
#3912=DIRECTION('',(0.,1.,0.));
#3913=DIRECTION('',(-1.,0.,0.));
#3914=DIRECTION('',(-1.73472347597681E-16,-1.,0.));
#3915=DIRECTION('',(-1.,0.,0.));
#3916=DIRECTION('',(0.707106781186543,-0.707106781186552,0.));
#3917=DIRECTION('',(1.,0.,0.));
#3918=DIRECTION('',(-0.707106781186547,0.707106781186547,0.));
#3919=DIRECTION('',(2.46519032881566E-32,1.,0.));
#3920=DIRECTION('center_axis',(0.,0.,1.));
#3921=DIRECTION('ref_axis',(-0.707106781186548,0.707106781186548,0.));
#3922=DIRECTION('',(-1.,2.33282253445893E-48,5.96970179002697E-66));
#3923=DIRECTION('center_axis',(0.,0.,1.));
#3924=DIRECTION('ref_axis',(0.38268343236509,0.923879532511287,0.));
#3925=DIRECTION('',(-0.707106781186548,0.707106781186548,0.));
#3926=DIRECTION('',(2.33282253445893E-48,1.,2.55900382555743E-18));
#3927=DIRECTION('',(1.,0.,0.));
#3928=DIRECTION('',(-0.707106781186553,-0.707106781186542,0.));
#3929=DIRECTION('',(0.,1.,0.));
#3930=DIRECTION('',(0.707106781186545,-0.70710678118655,0.));
#3931=DIRECTION('',(-1.,0.,0.));
#3932=DIRECTION('',(0.707106781186552,0.707106781186543,0.));
#3933=DIRECTION('',(0.,-1.,0.));
#3934=DIRECTION('',(-0.707106781186545,0.70710678118655,0.));
#3935=DIRECTION('',(0.,-1.,0.));
#3936=DIRECTION('',(1.,-2.16840434497101E-16,0.));
#3937=DIRECTION('',(0.587785252292474,-0.809016994374947,0.));
#3938=DIRECTION('',(0.809016994374947,0.587785252292474,0.));
#3939=DIRECTION('',(0.951056516295154,-0.309016994374945,0.));
#3940=DIRECTION('',(0.309016994374945,0.951056516295154,0.));
#3941=DIRECTION('',(0.951056516295152,0.309016994374952,0.));
#3942=DIRECTION('',(-0.309016994374951,0.951056516295152,0.));
#3943=DIRECTION('',(0.587785252292469,0.809016994374951,0.));
#3944=DIRECTION('',(-0.809016994374951,0.587785252292469,0.));
#3945=DIRECTION('',(0.,1.,0.));
#3946=DIRECTION('',(-1.,2.16840434497101E-16,0.));
#3947=DIRECTION('',(-0.58778525229248,0.809016994374942,0.));
#3948=DIRECTION('',(-0.809016994374942,-0.58778525229248,0.));
#3949=DIRECTION('',(-0.951056516295157,0.309016994374938,0.));
#3950=DIRECTION('',(-0.309016994374939,-0.951056516295156,0.));
#3951=DIRECTION('',(-0.95105651629515,-0.309016994374958,0.));
#3952=DIRECTION('',(0.309016994374958,-0.95105651629515,0.));
#3953=DIRECTION('',(-0.587785252292463,-0.809016994374955,0.));
#3954=DIRECTION('',(0.809016994374955,-0.587785252292463,0.));
#3955=DIRECTION('',(0.,-1.,0.));
#3956=DIRECTION('',(1.,-2.16840434497101E-16,0.));
#3957=DIRECTION('',(0.587785252292474,-0.809016994374947,0.));
#3958=DIRECTION('',(0.809016994374947,0.587785252292474,0.));
#3959=DIRECTION('',(0.951056516295154,-0.309016994374945,0.));
#3960=DIRECTION('',(0.309016994374945,0.951056516295154,0.));
#3961=DIRECTION('',(0.951056516295152,0.309016994374952,0.));
#3962=DIRECTION('',(-0.309016994374951,0.951056516295152,0.));
#3963=DIRECTION('',(0.587785252292469,0.809016994374951,0.));
#3964=DIRECTION('',(-0.809016994374951,0.587785252292469,0.));
#3965=DIRECTION('',(0.,1.,0.));
#3966=DIRECTION('',(-1.,2.16840434497101E-16,0.));
#3967=DIRECTION('',(-0.58778525229248,0.809016994374942,0.));
#3968=DIRECTION('',(-0.809016994374942,-0.58778525229248,0.));
#3969=DIRECTION('',(-0.951056516295157,0.309016994374938,0.));
#3970=DIRECTION('',(-0.309016994374939,-0.951056516295156,0.));
#3971=DIRECTION('',(-0.95105651629515,-0.309016994374958,0.));
#3972=DIRECTION('',(0.309016994374958,-0.95105651629515,0.));
#3973=DIRECTION('',(-0.587785252292463,-0.809016994374955,0.));
#3974=DIRECTION('',(0.809016994374955,-0.587785252292463,0.));
#3975=DIRECTION('center_axis',(-1.,0.,0.));
#3976=DIRECTION('ref_axis',(0.,0.,-1.));
#3977=DIRECTION('center_axis',(1.,0.,0.));
#3978=DIRECTION('ref_axis',(0.,0.,-1.));
#3979=DIRECTION('center_axis',(1.,-2.33282253445893E-48,-5.96970179002697E-66));
#3980=DIRECTION('ref_axis',(0.,0.,-1.));
#3981=DIRECTION('',(-1.,0.,0.));
#3982=DIRECTION('center_axis',(0.,0.909059342886308,-0.41666666666667));
#3983=DIRECTION('ref_axis',(-4.82864497063344E-24,-0.41666666666667,-0.909059342886308));
#3984=DIRECTION('',(-4.82864497063344E-24,-0.41666666666667,-0.909059342886308));
#3985=DIRECTION('',(-9.72009389357894E-49,-0.41666666666667,-0.909059342886308));
#3986=DIRECTION('center_axis',(1.44198894252266E-16,2.55900382555743E-18,
-1.));
#3987=DIRECTION('ref_axis',(0.38268343236509,-0.923879532511287,4.62191054784346E-17));
#3988=DIRECTION('',(-1.44198894252266E-16,-2.55900382555743E-18,1.));
#3989=DIRECTION('',(0.,0.,1.));
#3990=DIRECTION('center_axis',(0.707106781186548,-0.707106781186548,1.00154527007245E-16));
#3991=DIRECTION('ref_axis',(1.41639890426709E-16,0.,-1.));
#3992=DIRECTION('center_axis',(-1.44198894252266E-16,0.,1.));
#3993=DIRECTION('ref_axis',(0.38268343236509,0.923879532511287,0.));
#3994=DIRECTION('',(0.,0.,1.));
#3995=DIRECTION('',(-1.44198894252266E-16,0.,1.));
#3996=DIRECTION('center_axis',(0.,1.,0.));
#3997=DIRECTION('ref_axis',(0.,0.,1.));
#3998=DIRECTION('',(1.44198894252266E-16,0.,-1.));
#3999=DIRECTION('center_axis',(-1.44198894252266E-16,0.,1.));
#4000=DIRECTION('ref_axis',(-0.707106781186548,0.707106781186548,0.));
#4001=DIRECTION('',(-1.44198894252266E-16,0.,1.));
#4002=DIRECTION('center_axis',(-1.,2.46519032881566E-32,-1.44198894252266E-16));
#4003=DIRECTION('ref_axis',(2.46519032881566E-32,1.,3.55477719536598E-48));
#4004=DIRECTION('',(1.44198894252266E-16,-1.44198894252266E-16,-1.));
#4005=DIRECTION('center_axis',(-1.,0.,0.));
#4006=DIRECTION('ref_axis',(0.,0.,1.));
#4007=DIRECTION('center_axis',(1.,-2.33282253445893E-48,-5.96970179002697E-66));
#4008=DIRECTION('ref_axis',(-2.33282253445893E-48,-1.,-2.55900382555743E-18));
#4009=DIRECTION('center_axis',(0.707106781186548,0.707106781186548,1.01964015965379E-16));
#4010=DIRECTION('ref_axis',(1.44198894252266E-16,0.,-1.));
#4011=DIRECTION('center_axis',(2.33282253445893E-48,1.,2.55900382555743E-18));
#4012=DIRECTION('ref_axis',(1.,-2.33282253445893E-48,-5.96970179002697E-66));
#4013=DIRECTION('',(-1.44198894252266E-16,-2.55900382555743E-18,1.));
#4014=DIRECTION('center_axis',(1.,0.,1.44198894252266E-16));
#4015=DIRECTION('ref_axis',(0.,-1.,0.));
#4016=DIRECTION('',(-1.44198894252266E-16,-1.44198894252266E-16,1.));
#4017=DIRECTION('',(0.,1.,0.));
#4018=DIRECTION('',(-1.44198894252266E-16,-1.44198894252266E-16,1.));
#4019=DIRECTION('center_axis',(1.,-1.73472347597681E-16,0.));
#4020=DIRECTION('ref_axis',(1.73472347597681E-16,1.,0.));
#4021=DIRECTION('',(0.,0.,-1.));
#4022=DIRECTION('',(0.,1.,0.));
#4023=DIRECTION('',(0.,0.,-1.));
#4024=DIRECTION('',(-1.2266347333467E-16,-0.707106781186547,0.707106781186547));
#4025=DIRECTION('center_axis',(0.,-1.,0.));
#4026=DIRECTION('ref_axis',(0.,0.,-1.));
#4027=DIRECTION('',(1.,0.,0.));
#4028=DIRECTION('',(0.,0.,-1.));
#4029=DIRECTION('',(1.,0.,0.));
#4030=DIRECTION('center_axis',(-0.707106781186552,-0.707106781186543,0.));
#4031=DIRECTION('ref_axis',(0.,0.,1.));
#4032=DIRECTION('',(0.707106781186543,-0.707106781186552,0.));
#4033=DIRECTION('',(0.,0.,-1.));
#4034=DIRECTION('',(0.577350269189621,-0.577350269189628,0.577350269189628));
#4035=DIRECTION('center_axis',(0.,-1.,0.));
#4036=DIRECTION('ref_axis',(0.,0.,-1.));
#4037=DIRECTION('',(0.,0.,-1.));
#4038=DIRECTION('',(-1.,0.,0.));
#4039=DIRECTION('',(0.,0.,-1.));
#4040=DIRECTION('',(1.,0.,0.));
#4041=DIRECTION('center_axis',(0.,0.,1.));
#4042=DIRECTION('ref_axis',(1.,0.,0.));
#4043=DIRECTION('',(1.,0.,0.));
#4044=DIRECTION('',(0.,-1.,0.));
#4045=DIRECTION('',(8.67361737988401E-15,1.,0.));
#4046=DIRECTION('',(0.707106781186544,0.707106781186552,0.));
#4047=DIRECTION('',(0.,1.,0.));
#4048=DIRECTION('center_axis',(-1.,0.,0.));
#4049=DIRECTION('ref_axis',(0.,0.,1.));
#4050=DIRECTION('',(0.,0.707106781186547,-0.707106781186547));
#4051=DIRECTION('',(0.,0.,-1.));
#4052=DIRECTION('',(0.,-1.,0.));
#4053=DIRECTION('',(0.,0.,-1.));
#4054=DIRECTION('center_axis',(0.,-1.,0.));
#4055=DIRECTION('ref_axis',(0.,0.,-1.));
#4056=DIRECTION('',(1.,0.,0.));
#4057=DIRECTION('',(0.,0.,1.));
#4058=DIRECTION('',(1.,0.,0.));
#4059=DIRECTION('center_axis',(-0.707106781186546,0.707106781186549,0.));
#4060=DIRECTION('ref_axis',(0.,0.,-1.));
#4061=DIRECTION('',(0.707106781186549,0.707106781186546,0.));
#4062=DIRECTION('',(-0.577350269189627,-0.577350269189625,0.577350269189625));
#4063=DIRECTION('center_axis',(0.707106781186548,0.707106781186548,0.));
#4064=DIRECTION('ref_axis',(0.,0.,1.));
#4065=DIRECTION('',(0.,0.,1.));
#4066=DIRECTION('center_axis',(0.,1.,0.));
#4067=DIRECTION('ref_axis',(0.,0.,1.));
#4068=DIRECTION('',(-1.,0.,0.));
#4069=DIRECTION('',(0.707106781186558,0.,0.707106781186537));
#4070=DIRECTION('',(-1.,7.88510670898549E-17,0.));
#4071=DIRECTION('',(0.,0.,1.));
#4072=DIRECTION('center_axis',(0.,0.,1.));
#4073=DIRECTION('ref_axis',(1.,0.,0.));
#4074=DIRECTION('',(-0.707106781186547,-0.707106781186548,0.));
#4075=DIRECTION('',(0.,-1.,0.));
#4076=DIRECTION('',(-1.,0.,0.));
#4077=DIRECTION('',(0.,1.,0.));
#4078=DIRECTION('',(0.707106781186544,0.707106781186552,0.));
#4079=DIRECTION('',(8.67361737988401E-15,1.,0.));
#4080=DIRECTION('',(0.,-1.,0.));
#4081=DIRECTION('',(1.,0.,0.));
#4082=DIRECTION('',(0.,-1.,0.));
#4083=DIRECTION('',(-1.,0.,0.));
#4084=DIRECTION('',(8.67361737988401E-15,-1.,0.));
#4085=DIRECTION('',(0.707106781186544,-0.707106781186551,0.));
#4086=DIRECTION('',(0.,1.,0.));
#4087=DIRECTION('',(1.,0.,0.));
#4088=DIRECTION('center_axis',(0.,-1.,0.));
#4089=DIRECTION('ref_axis',(0.,0.,-1.));
#4090=DIRECTION('',(-0.707106781186558,0.,-0.707106781186537));
#4091=DIRECTION('',(0.,0.,1.));
#4092=DIRECTION('',(1.,0.,0.));
#4093=DIRECTION('',(0.,0.,-1.));
#4094=DIRECTION('',(0.,0.,1.));
#4095=DIRECTION('',(0.,0.,-1.));
#4096=DIRECTION('center_axis',(1.,0.,0.));
#4097=DIRECTION('ref_axis',(0.,0.,-1.));
#4098=DIRECTION('',(0.,0.,1.));
#4099=DIRECTION('',(0.,0.,1.));
#4100=DIRECTION('center_axis',(0.,1.,0.));
#4101=DIRECTION('ref_axis',(0.,0.,1.));
#4102=DIRECTION('',(0.,0.,-1.));
#4103=DIRECTION('',(0.,0.,1.));
#4104=DIRECTION('center_axis',(-1.,0.,0.));
#4105=DIRECTION('ref_axis',(0.,0.,1.));
#4106=DIRECTION('',(0.,0.,1.));
#4107=DIRECTION('',(0.,0.,1.));
#4108=DIRECTION('center_axis',(0.,-1.,0.));
#4109=DIRECTION('ref_axis',(0.,0.,-1.));
#4110=DIRECTION('',(0.,0.,1.));
#4111=DIRECTION('',(0.,0.,1.));
#4112=DIRECTION('center_axis',(2.16840434497101E-16,1.,0.));
#4113=DIRECTION('ref_axis',(-1.,2.16840434497101E-16,0.));
#4114=DIRECTION('',(0.,0.,1.));
#4115=DIRECTION('center_axis',(1.,0.,0.));
#4116=DIRECTION('ref_axis',(0.,0.,-1.));
#4117=DIRECTION('center_axis',(0.587785252292463,0.809016994374955,0.));
#4118=DIRECTION('ref_axis',(-0.809016994374955,0.587785252292463,0.));
#4119=DIRECTION('',(0.,0.,1.));
#4120=DIRECTION('center_axis',(0.809016994374955,-0.587785252292462,0.));
#4121=DIRECTION('ref_axis',(0.587785252292462,0.809016994374955,0.));
#4122=DIRECTION('center_axis',(0.95105651629515,0.309016994374958,0.));
#4123=DIRECTION('ref_axis',(-0.309016994374958,0.95105651629515,0.));
#4124=DIRECTION('',(0.,0.,1.));
#4125=DIRECTION('center_axis',(0.309016994374958,-0.95105651629515,0.));
#4126=DIRECTION('ref_axis',(0.95105651629515,0.309016994374958,0.));
#4127=DIRECTION('center_axis',(0.951056516295156,-0.309016994374939,0.));
#4128=DIRECTION('ref_axis',(0.309016994374939,0.951056516295157,0.));
#4129=DIRECTION('',(0.,0.,1.));
#4130=DIRECTION('center_axis',(-0.309016994374938,-0.951056516295157,0.));
#4131=DIRECTION('ref_axis',(0.951056516295157,-0.309016994374938,0.));
#4132=DIRECTION('center_axis',(0.58778525229248,-0.809016994374942,0.));
#4133=DIRECTION('ref_axis',(0.809016994374943,0.58778525229248,0.));
#4134=DIRECTION('',(0.,0.,1.));
#4135=DIRECTION('center_axis',(-0.809016994374942,-0.58778525229248,0.));
#4136=DIRECTION('ref_axis',(0.58778525229248,-0.809016994374942,0.));
#4137=DIRECTION('center_axis',(-2.16840434497101E-16,-1.,0.));
#4138=DIRECTION('ref_axis',(1.,-2.16840434497101E-16,0.));
#4139=DIRECTION('',(0.,0.,1.));
#4140=DIRECTION('center_axis',(-1.,0.,0.));
#4141=DIRECTION('ref_axis',(0.,0.,1.));
#4142=DIRECTION('center_axis',(-0.587785252292469,-0.809016994374951,0.));
#4143=DIRECTION('ref_axis',(0.809016994374951,-0.587785252292469,0.));
#4144=DIRECTION('',(0.,0.,1.));
#4145=DIRECTION('center_axis',(-0.809016994374951,0.587785252292469,0.));
#4146=DIRECTION('ref_axis',(-0.587785252292469,-0.809016994374951,0.));
#4147=DIRECTION('center_axis',(-0.951056516295152,-0.309016994374951,0.));
#4148=DIRECTION('ref_axis',(0.309016994374951,-0.951056516295152,0.));
#4149=DIRECTION('',(0.,0.,1.));
#4150=DIRECTION('center_axis',(-0.309016994374952,0.951056516295152,0.));
#4151=DIRECTION('ref_axis',(-0.951056516295152,-0.309016994374952,0.));
#4152=DIRECTION('center_axis',(-0.951056516295154,0.309016994374945,0.));
#4153=DIRECTION('ref_axis',(-0.309016994374945,-0.951056516295155,0.));
#4154=DIRECTION('',(0.,0.,1.));
#4155=DIRECTION('center_axis',(0.309016994374945,0.951056516295155,0.));
#4156=DIRECTION('ref_axis',(-0.951056516295155,0.309016994374945,0.));
#4157=DIRECTION('center_axis',(-0.587785252292474,0.809016994374947,0.));
#4158=DIRECTION('ref_axis',(-0.809016994374947,-0.587785252292474,0.));
#4159=DIRECTION('',(0.,0.,1.));
#4160=DIRECTION('center_axis',(0.809016994374947,0.587785252292474,0.));
#4161=DIRECTION('ref_axis',(-0.587785252292474,0.809016994374947,0.));
#4162=DIRECTION('center_axis',(0.587785252292463,0.809016994374955,0.));
#4163=DIRECTION('ref_axis',(-0.809016994374955,0.587785252292463,0.));
#4164=DIRECTION('',(0.,0.,1.));
#4165=DIRECTION('center_axis',(0.809016994374955,-0.587785252292462,0.));
#4166=DIRECTION('ref_axis',(0.587785252292462,0.809016994374955,0.));
#4167=DIRECTION('center_axis',(0.95105651629515,0.309016994374958,0.));
#4168=DIRECTION('ref_axis',(-0.309016994374958,0.95105651629515,0.));
#4169=DIRECTION('',(0.,0.,1.));
#4170=DIRECTION('center_axis',(0.309016994374958,-0.95105651629515,0.));
#4171=DIRECTION('ref_axis',(0.95105651629515,0.309016994374958,0.));
#4172=DIRECTION('center_axis',(0.951056516295156,-0.309016994374939,0.));
#4173=DIRECTION('ref_axis',(0.309016994374939,0.951056516295157,0.));
#4174=DIRECTION('',(0.,0.,1.));
#4175=DIRECTION('center_axis',(-0.309016994374938,-0.951056516295157,0.));
#4176=DIRECTION('ref_axis',(0.951056516295157,-0.309016994374938,0.));
#4177=DIRECTION('center_axis',(0.58778525229248,-0.809016994374942,0.));
#4178=DIRECTION('ref_axis',(0.809016994374943,0.58778525229248,0.));
#4179=DIRECTION('',(0.,0.,1.));
#4180=DIRECTION('center_axis',(-0.809016994374942,-0.58778525229248,0.));
#4181=DIRECTION('ref_axis',(0.58778525229248,-0.809016994374942,0.));
#4182=DIRECTION('center_axis',(-2.16840434497101E-16,-1.,0.));
#4183=DIRECTION('ref_axis',(1.,-2.16840434497101E-16,0.));
#4184=DIRECTION('',(0.,0.,1.));
#4185=DIRECTION('center_axis',(-1.,0.,0.));
#4186=DIRECTION('ref_axis',(0.,0.,1.));
#4187=DIRECTION('center_axis',(-0.587785252292469,-0.809016994374951,0.));
#4188=DIRECTION('ref_axis',(0.809016994374951,-0.587785252292469,0.));
#4189=DIRECTION('',(0.,0.,1.));
#4190=DIRECTION('center_axis',(-0.809016994374951,0.587785252292469,0.));
#4191=DIRECTION('ref_axis',(-0.587785252292469,-0.809016994374951,0.));
#4192=DIRECTION('center_axis',(-0.951056516295152,-0.309016994374951,0.));
#4193=DIRECTION('ref_axis',(0.309016994374951,-0.951056516295152,0.));
#4194=DIRECTION('',(0.,0.,1.));
#4195=DIRECTION('center_axis',(-0.309016994374952,0.951056516295152,0.));
#4196=DIRECTION('ref_axis',(-0.951056516295152,-0.309016994374952,0.));
#4197=DIRECTION('center_axis',(-0.951056516295154,0.309016994374945,0.));
#4198=DIRECTION('ref_axis',(-0.309016994374945,-0.951056516295155,0.));
#4199=DIRECTION('',(0.,0.,1.));
#4200=DIRECTION('center_axis',(0.309016994374945,0.951056516295155,0.));
#4201=DIRECTION('ref_axis',(-0.951056516295155,0.309016994374945,0.));
#4202=DIRECTION('center_axis',(-0.587785252292474,0.809016994374947,0.));
#4203=DIRECTION('ref_axis',(-0.809016994374947,-0.587785252292474,0.));
#4204=DIRECTION('',(0.,0.,1.));
#4205=DIRECTION('center_axis',(0.809016994374947,0.587785252292474,0.));
#4206=DIRECTION('ref_axis',(-0.587785252292474,0.809016994374947,0.));
#4207=DIRECTION('center_axis',(2.16840434497101E-16,1.,0.));
#4208=DIRECTION('ref_axis',(-1.,2.16840434497101E-16,0.));
#4209=DIRECTION('',(0.,0.,1.));
#4210=DIRECTION('center_axis',(1.,0.,0.));
#4211=DIRECTION('ref_axis',(0.,0.,-1.));
#4212=DIRECTION('center_axis',(0.,0.707106781186548,0.707106781186548));
#4213=DIRECTION('ref_axis',(0.,-0.707106781186548,0.707106781186548));
#4214=DIRECTION('center_axis',(0.,0.707106781186548,0.707106781186548));
#4215=DIRECTION('ref_axis',(0.,-0.707106781186548,0.707106781186548));
#4216=DIRECTION('center_axis',(0.,-1.,0.));
#4217=DIRECTION('ref_axis',(0.,0.,-1.));
#4218=DIRECTION('',(0.,0.,1.));
#4219=DIRECTION('',(1.,0.,0.));
#4220=DIRECTION('',(0.,0.,-1.));
#4221=DIRECTION('center_axis',(0.,0.,1.));
#4222=DIRECTION('ref_axis',(1.,0.,0.));
#4223=DIRECTION('',(0.,-1.,0.));
#4224=DIRECTION('',(0.,1.,0.));
#4225=DIRECTION('',(0.707106781186544,-0.707106781186552,0.));
#4226=DIRECTION('',(8.67361737988401E-15,-1.,0.));
#4227=DIRECTION('center_axis',(1.,0.,0.));
#4228=DIRECTION('ref_axis',(0.,0.,-1.));
#4229=DIRECTION('',(0.,0.,-1.));
#4230=DIRECTION('center_axis',(-1.,0.,0.));
#4231=DIRECTION('ref_axis',(0.,0.,1.));
#4232=DIRECTION('',(0.,0.,-1.));
#4233=DIRECTION('center_axis',(-1.,0.,0.));
#4234=DIRECTION('ref_axis',(0.,0.,1.));
#4235=DIRECTION('center_axis',(1.,0.,0.));
#4236=DIRECTION('ref_axis',(0.,0.,-1.));
#4237=DIRECTION('center_axis',(0.707106781186552,0.707106781186544,0.));
#4238=DIRECTION('ref_axis',(-0.707106781186544,0.707106781186551,0.));
#4239=DIRECTION('',(0.,0.,-1.));
#4240=DIRECTION('center_axis',(1.,8.67361737988401E-15,0.));
#4241=DIRECTION('ref_axis',(-8.67361737988401E-15,1.,0.));
#4242=DIRECTION('center_axis',(-1.,8.67361737988401E-15,0.));
#4243=DIRECTION('ref_axis',(-8.67361737988401E-15,-1.,0.));
#4244=DIRECTION('',(0.,0.,-1.));
#4245=DIRECTION('center_axis',(-0.707106781186552,0.707106781186544,0.));
#4246=DIRECTION('ref_axis',(-0.707106781186544,-0.707106781186551,0.));
#4247=DIRECTION('center_axis',(0.70710678118655,0.707106781186545,0.));
#4248=DIRECTION('ref_axis',(0.,0.,1.));
#4249=DIRECTION('center_axis',(0.707106781186542,-0.707106781186553,0.));
#4250=DIRECTION('ref_axis',(0.,0.,1.));
#4251=DIRECTION('center_axis',(-0.707106781186543,0.707106781186552,0.));
#4252=DIRECTION('ref_axis',(0.,0.,1.));
#4253=DIRECTION('center_axis',(-0.70710678118655,-0.707106781186545,0.));
#4254=DIRECTION('ref_axis',(0.,0.,1.));
#4255=DIRECTION('center_axis',(0.707106781186548,-0.707106781186547,0.));
#4256=DIRECTION('ref_axis',(0.,0.,-1.));
#4257=DIRECTION('center_axis',(0.,0.,1.));
#4258=DIRECTION('ref_axis',(1.,0.,0.));
#4259=DIRECTION('',(0.,1.,0.));
#4260=DIRECTION('center_axis',(-0.707106781186537,0.,0.707106781186558));
#4261=DIRECTION('ref_axis',(0.,-1.,0.));
#4262=DIRECTION('',(-1.,-1.44198894252266E-16,2.55900382555743E-18));
#4263=DIRECTION('',(1.44198894252266E-16,-1.,-1.11022302462516E-16));
#4264=CARTESIAN_POINT('',(0.,0.,0.));
#4265=CARTESIAN_POINT('',(0.,0.,0.));
#4266=CARTESIAN_POINT('Origin',(102.188515518429,17.5,13.1698729810778));
#4267=CARTESIAN_POINT('',(92.1885155184291,17.0669872981078,12.9198729810778));
#4268=CARTESIAN_POINT('',(92.1885155184291,17.9330127018922,12.9198729810778));
#4269=CARTESIAN_POINT('Origin',(92.1885155184291,17.5,13.1698729810778));
#4270=CARTESIAN_POINT('',(100.188515518429,17.0669872981078,12.9198729810778));
#4271=CARTESIAN_POINT('',(102.188515518429,17.0669872981078,12.9198729810778));
#4272=CARTESIAN_POINT('',(100.188515518429,17.9330127018922,12.9198729810778));
#4273=CARTESIAN_POINT('Origin',(100.188515518429,17.5,13.1698729810778));
#4274=CARTESIAN_POINT('',(102.188515518429,17.9330127018922,12.9198729810778));
#4275=CARTESIAN_POINT('Origin',(92.1885155184291,17.5,14.3349364905389));
#4276=CARTESIAN_POINT('',(92.1885155184291,20.,16.5));
#4277=CARTESIAN_POINT('',(92.1885155184291,20.,16.5));
#4278=CARTESIAN_POINT('',(92.1885155184291,15.,16.5));
#4279=CARTESIAN_POINT('',(92.1885155184291,8.75,16.5));
#4280=CARTESIAN_POINT('',(92.1885155184291,17.5,12.1698729810778));
#4281=CARTESIAN_POINT('Origin',(102.188515518429,20.,16.5));
#4282=CARTESIAN_POINT('',(100.188515518429,20.,16.5));
#4283=CARTESIAN_POINT('',(100.188515518429,19.21875,15.1468353065868));
#4284=CARTESIAN_POINT('',(48.5942577592146,20.,16.5));
#4285=CARTESIAN_POINT('Origin',(102.188515518429,15.,16.5));
#4286=CARTESIAN_POINT('',(102.188515518429,20.,16.5));
#4287=CARTESIAN_POINT('',(102.188515518429,15.,16.5));
#4288=CARTESIAN_POINT('',(102.188515518429,20.,16.5));
#4289=CARTESIAN_POINT('',(48.5942577592146,20.,16.5));
#4290=CARTESIAN_POINT('',(100.188515518429,15.,16.5));
#4291=CARTESIAN_POINT('',(100.188515518429,20.,16.5));
#4292=CARTESIAN_POINT('',(48.5942577592145,15.,16.5));
#4293=CARTESIAN_POINT('Origin',(100.188515518429,17.5,14.3349364905389));
#4294=CARTESIAN_POINT('',(100.188515518429,17.03125,12.9817717971257));
#4295=CARTESIAN_POINT('Origin',(102.188515518429,17.5,12.1698729810778));
#4296=CARTESIAN_POINT('',(48.5942577592145,15.,16.5));
#4297=CARTESIAN_POINT('Origin',(0.,0.,16.5));
#4298=CARTESIAN_POINT('',(72.1885155184291,20.,16.5));
#4299=CARTESIAN_POINT('',(48.5942577592146,20.,16.5));
#4300=CARTESIAN_POINT('',(68.496127363004,23.6923881554251,16.5));
#4301=CARTESIAN_POINT('',(57.2663866388218,34.9221288796073,16.5));
#4302=CARTESIAN_POINT('',(59.3037392075789,27.5,16.5));
#4303=CARTESIAN_POINT('Origin',(59.3037392075789,14.5,16.5));
#4304=CARTESIAN_POINT('',(0.811305250441592,27.5,16.5));
#4305=CARTESIAN_POINT('',(72.1885155184291,27.5,16.5));
#4306=CARTESIAN_POINT('',(-22.1886947495584,4.49999999999999,16.5));
#4307=CARTESIAN_POINT('Origin',(0.811305250441593,4.49999999999999,16.5));
#4308=CARTESIAN_POINT('',(-22.1886947495584,-3.4828781256954,16.5));
#4309=CARTESIAN_POINT('',(-22.1886947495584,4.49999999999999,16.5));
#4310=CARTESIAN_POINT('',(-19.1715728752538,-6.5,16.5));
#4311=CARTESIAN_POINT('',(-12.8357864376269,-12.8357864376269,16.5));
#4312=CARTESIAN_POINT('',(19.2,-6.5,16.5));
#4313=CARTESIAN_POINT('',(-3.,-6.5,16.5));
#4314=CARTESIAN_POINT('',(22.1885155184291,-3.51148448157088,16.5));
#4315=CARTESIAN_POINT('',(12.85,-12.85,16.5));
#4316=CARTESIAN_POINT('',(22.1885155184291,7.5,16.5));
#4317=CARTESIAN_POINT('',(22.1885155184291,2.24999999999999,16.5));
#4318=CARTESIAN_POINT('',(59.3037392075789,7.5,16.5));
#4319=CARTESIAN_POINT('',(72.1885155184291,7.5,16.5));
#4320=CARTESIAN_POINT('',(68.496127363004,11.3076118445749,16.5));
#4321=CARTESIAN_POINT('Origin',(59.3037392075789,20.5,16.5));
#4322=CARTESIAN_POINT('',(72.1885155184291,15.,16.5));
#4323=CARTESIAN_POINT('',(48.5163866388218,-8.67212887960728,16.5));
#4324=CARTESIAN_POINT('',(48.5942577592145,15.,16.5));
#4325=CARTESIAN_POINT('',(19.0594117081556,-0.499999999999998,16.5));
#4326=CARTESIAN_POINT('',(18.7690086908339,-1.3937685855573,16.5));
#4327=CARTESIAN_POINT('Origin',(16.,-9.91034581311408E-17,16.5));
#4328=CARTESIAN_POINT('',(20.338977598021,-2.53441776427484,16.5));
#4329=CARTESIAN_POINT('',(20.338977598021,-2.53441776427484,16.5));
#4330=CARTESIAN_POINT('',(19.7511923457286,-3.34343475864979,16.5));
#4331=CARTESIAN_POINT('',(20.338977598021,-2.53441776427484,16.5));
#4332=CARTESIAN_POINT('',(18.1812234385414,-2.20278557993225,16.5));
#4333=CARTESIAN_POINT('',(19.7511923457286,-3.34343475864979,16.5));
#4334=CARTESIAN_POINT('',(17.4209384687574,-2.75516494388363,16.5));
#4335=CARTESIAN_POINT('Origin',(16.,-9.91034581311408E-17,16.5));
#4336=CARTESIAN_POINT('',(18.0206132300224,-4.60077408428827,16.5));
#4337=CARTESIAN_POINT('',(18.0206132300224,-4.60077408428827,16.5));
#4338=CARTESIAN_POINT('',(17.0695567137272,-4.90979107866323,16.5));
#4339=CARTESIAN_POINT('',(18.0206132300224,-4.60077408428827,16.5));
#4340=CARTESIAN_POINT('',(16.4698819524623,-3.0641819382586,16.5));
#4341=CARTESIAN_POINT('',(17.0695567137272,-4.90979107866323,16.5));
#4342=CARTESIAN_POINT('',(15.5301180475378,-3.06418193825862,16.5));
#4343=CARTESIAN_POINT('Origin',(16.,-9.91034581311408E-17,16.5));
#4344=CARTESIAN_POINT('',(14.9304432862729,-4.90979107866325,16.5));
#4345=CARTESIAN_POINT('',(14.9304432862729,-4.90979107866325,16.5));
#4346=CARTESIAN_POINT('',(13.9793867699777,-4.60077408428832,16.5));
#4347=CARTESIAN_POINT('',(14.9304432862729,-4.90979107866325,16.5));
#4348=CARTESIAN_POINT('',(14.5790615312427,-2.75516494388369,16.5));
#4349=CARTESIAN_POINT('',(13.9793867699777,-4.60077408428831,16.5));
#4350=CARTESIAN_POINT('',(13.8187765614586,-2.20278557993234,16.5));
#4351=CARTESIAN_POINT('Origin',(16.,-9.91034581311408E-17,16.5));
#4352=CARTESIAN_POINT('',(12.2488076542715,-3.34343475864987,16.5));
#4353=CARTESIAN_POINT('',(12.2488076542715,-3.34343475864987,16.5));
#4354=CARTESIAN_POINT('',(11.661022401979,-2.53441776427493,16.5));
#4355=CARTESIAN_POINT('',(12.2488076542715,-3.34343475864987,16.5));
#4356=CARTESIAN_POINT('',(13.2309913091661,-1.3937685855574,16.5));
#4357=CARTESIAN_POINT('',(11.661022401979,-2.53441776427493,16.5));
#4358=CARTESIAN_POINT('',(12.9405882918443,-0.499999999999998,16.5));
#4359=CARTESIAN_POINT('Origin',(16.,-9.91034581311408E-17,16.5));
#4360=CARTESIAN_POINT('',(11.,-0.499999999999998,16.5));
#4361=CARTESIAN_POINT('',(11.,-0.499999999999999,16.5));
#4362=CARTESIAN_POINT('',(11.,0.499999999999998,16.5));
#4363=CARTESIAN_POINT('',(11.,-0.499999999999999,16.5));
#4364=CARTESIAN_POINT('',(12.9405882918443,0.499999999999998,16.5));
#4365=CARTESIAN_POINT('',(11.,0.5,16.5));
#4366=CARTESIAN_POINT('',(13.2309913091661,1.39376858555736,16.5));
#4367=CARTESIAN_POINT('Origin',(16.,-9.91034581311408E-17,16.5));
#4368=CARTESIAN_POINT('',(11.661022401979,2.53441776427487,16.5));
#4369=CARTESIAN_POINT('',(11.661022401979,2.53441776427487,16.5));
#4370=CARTESIAN_POINT('',(12.2488076542715,3.34343475864982,16.5));
#4371=CARTESIAN_POINT('',(11.661022401979,2.53441776427487,16.5));
#4372=CARTESIAN_POINT('',(13.8187765614586,2.2027855799323,16.5));
#4373=CARTESIAN_POINT('',(12.2488076542715,3.34343475864982,16.5));
#4374=CARTESIAN_POINT('',(14.5790615312426,2.75516494388368,16.5));
#4375=CARTESIAN_POINT('Origin',(16.,-9.91034581311408E-17,16.5));
#4376=CARTESIAN_POINT('',(13.9793867699777,4.60077408428829,16.5));
#4377=CARTESIAN_POINT('',(13.9793867699777,4.60077408428829,16.5));
#4378=CARTESIAN_POINT('',(14.9304432862728,4.90979107866324,16.5));
#4379=CARTESIAN_POINT('',(13.9793867699777,4.60077408428829,16.5));
#4380=CARTESIAN_POINT('',(15.5301180475378,3.06418193825861,16.5));
#4381=CARTESIAN_POINT('',(14.9304432862728,4.90979107866324,16.5));
#4382=CARTESIAN_POINT('',(16.4698819524622,3.06418193825861,16.5));
#4383=CARTESIAN_POINT('Origin',(16.,-9.91034581311408E-17,16.5));
#4384=CARTESIAN_POINT('',(17.0695567137271,4.90979107866325,16.5));
#4385=CARTESIAN_POINT('',(17.0695567137271,4.90979107866325,16.5));
#4386=CARTESIAN_POINT('',(18.0206132300223,4.6007740842883,16.5));
#4387=CARTESIAN_POINT('',(17.0695567137271,4.90979107866325,16.5));
#4388=CARTESIAN_POINT('',(17.4209384687574,2.75516494388365,16.5));
#4389=CARTESIAN_POINT('',(18.0206132300223,4.6007740842883,16.5));
#4390=CARTESIAN_POINT('',(18.1812234385414,2.20278557993229,16.5));
#4391=CARTESIAN_POINT('Origin',(16.,-9.91034581311408E-17,16.5));
#4392=CARTESIAN_POINT('',(19.7511923457285,3.34343475864985,16.5));
#4393=CARTESIAN_POINT('',(19.7511923457285,3.34343475864985,16.5));
#4394=CARTESIAN_POINT('',(20.338977598021,2.5344177642749,16.5));
#4395=CARTESIAN_POINT('',(19.7511923457285,3.34343475864985,16.5));
#4396=CARTESIAN_POINT('',(18.7690086908338,1.39376858555734,16.5));
#4397=CARTESIAN_POINT('',(20.338977598021,2.5344177642749,16.5));
#4398=CARTESIAN_POINT('',(19.0594117081556,0.499999999999998,16.5));
#4399=CARTESIAN_POINT('Origin',(16.,-9.91034581311408E-17,16.5));
#4400=CARTESIAN_POINT('',(21.,0.499999999999998,16.5));
#4401=CARTESIAN_POINT('',(21.,0.499999999999999,16.5));
#4402=CARTESIAN_POINT('',(21.,-0.499999999999998,16.5));
#4403=CARTESIAN_POINT('',(21.,0.499999999999999,16.5));
#4404=CARTESIAN_POINT('',(21.,-0.5,16.5));
#4405=CARTESIAN_POINT('',(-12.9405882918443,-0.499999999999998,16.5));
#4406=CARTESIAN_POINT('',(-13.2309913091661,-1.39376858555731,16.5));
#4407=CARTESIAN_POINT('Origin',(-16.,-4.53999555663177E-15,16.5));
#4408=CARTESIAN_POINT('',(-11.661022401979,-2.53441776427484,16.5));
#4409=CARTESIAN_POINT('',(-11.661022401979,-2.53441776427484,16.5));
#4410=CARTESIAN_POINT('',(-12.2488076542715,-3.34343475864979,16.5));
#4411=CARTESIAN_POINT('',(-11.661022401979,-2.53441776427484,16.5));
#4412=CARTESIAN_POINT('',(-13.8187765614586,-2.20278557993227,16.5));
#4413=CARTESIAN_POINT('',(-12.2488076542715,-3.34343475864979,16.5));
#4414=CARTESIAN_POINT('',(-14.5790615312426,-2.75516494388365,16.5));
#4415=CARTESIAN_POINT('Origin',(-16.,-4.53999555663177E-15,16.5));
#4416=CARTESIAN_POINT('',(-13.9793867699776,-4.60077408428827,16.5));
#4417=CARTESIAN_POINT('',(-13.9793867699776,-4.60077408428827,16.5));
#4418=CARTESIAN_POINT('',(-14.9304432862728,-4.90979107866323,16.5));
#4419=CARTESIAN_POINT('',(-13.9793867699776,-4.60077408428827,16.5));
#4420=CARTESIAN_POINT('',(-15.5301180475377,-3.06418193825861,16.5));
#4421=CARTESIAN_POINT('',(-14.9304432862728,-4.90979107866323,16.5));
#4422=CARTESIAN_POINT('',(-16.4698819524622,-3.06418193825862,16.5));
#4423=CARTESIAN_POINT('Origin',(-16.,-4.53999555663177E-15,16.5));
#4424=CARTESIAN_POINT('',(-17.0695567137271,-4.90979107866325,16.5));
#4425=CARTESIAN_POINT('',(-17.0695567137271,-4.90979107866325,16.5));
#4426=CARTESIAN_POINT('',(-18.0206132300223,-4.60077408428832,16.5));
#4427=CARTESIAN_POINT('',(-17.0695567137271,-4.90979107866325,16.5));
#4428=CARTESIAN_POINT('',(-17.4209384687573,-2.75516494388369,16.5));
#4429=CARTESIAN_POINT('',(-18.0206132300223,-4.60077408428831,16.5));
#4430=CARTESIAN_POINT('',(-18.1812234385414,-2.20278557993232,16.5));
#4431=CARTESIAN_POINT('Origin',(-16.,-4.53999555663177E-15,16.5));
#4432=CARTESIAN_POINT('',(-19.7511923457285,-3.34343475864987,16.5));
#4433=CARTESIAN_POINT('',(-19.7511923457285,-3.34343475864987,16.5));
#4434=CARTESIAN_POINT('',(-20.3389775980209,-2.53441776427493,16.5));
#4435=CARTESIAN_POINT('',(-19.7511923457285,-3.34343475864987,16.5));
#4436=CARTESIAN_POINT('',(-18.7690086908339,-1.39376858555738,16.5));
#4437=CARTESIAN_POINT('',(-20.338977598021,-2.53441776427493,16.5));
#4438=CARTESIAN_POINT('',(-19.0594117081557,-0.499999999999998,16.5));
#4439=CARTESIAN_POINT('Origin',(-16.,-4.53999555663177E-15,16.5));
#4440=CARTESIAN_POINT('',(-21.,-0.499999999999998,16.5));
#4441=CARTESIAN_POINT('',(-21.,-0.499999999999999,16.5));
#4442=CARTESIAN_POINT('',(-21.,0.499999999999998,16.5));
#4443=CARTESIAN_POINT('',(-21.,-0.499999999999999,16.5));
#4444=CARTESIAN_POINT('',(-19.0594117081557,0.499999999999998,16.5));
#4445=CARTESIAN_POINT('',(-21.,0.5,16.5));
#4446=CARTESIAN_POINT('',(-18.7690086908339,1.39376858555734,16.5));
#4447=CARTESIAN_POINT('Origin',(-16.,-4.53999555663177E-15,16.5));
#4448=CARTESIAN_POINT('',(-20.338977598021,2.53441776427487,16.5));
#4449=CARTESIAN_POINT('',(-20.338977598021,2.53441776427487,16.5));
#4450=CARTESIAN_POINT('',(-19.7511923457285,3.34343475864982,16.5));
#4451=CARTESIAN_POINT('',(-20.338977598021,2.53441776427487,16.5));
#4452=CARTESIAN_POINT('',(-18.1812234385414,2.20278557993229,16.5));
#4453=CARTESIAN_POINT('',(-19.7511923457285,3.34343475864982,16.5));
#4454=CARTESIAN_POINT('',(-17.4209384687574,2.75516494388366,16.5));
#4455=CARTESIAN_POINT('Origin',(-16.,-4.53999555663177E-15,16.5));
#4456=CARTESIAN_POINT('',(-18.0206132300223,4.60077408428829,16.5));
#4457=CARTESIAN_POINT('',(-18.0206132300223,4.60077408428829,16.5));
#4458=CARTESIAN_POINT('',(-17.0695567137272,4.90979107866324,16.5));
#4459=CARTESIAN_POINT('',(-18.0206132300223,4.60077408428829,16.5));
#4460=CARTESIAN_POINT('',(-16.4698819524622,3.06418193825861,16.5));
#4461=CARTESIAN_POINT('',(-17.0695567137272,4.90979107866324,16.5));
#4462=CARTESIAN_POINT('',(-15.5301180475378,3.06418193825861,16.5));
#4463=CARTESIAN_POINT('Origin',(-16.,-4.53999555663177E-15,16.5));
#4464=CARTESIAN_POINT('',(-14.9304432862729,4.90979107866325,16.5));
#4465=CARTESIAN_POINT('',(-14.9304432862729,4.90979107866325,16.5));
#4466=CARTESIAN_POINT('',(-13.9793867699777,4.6007740842883,16.5));
#4467=CARTESIAN_POINT('',(-14.9304432862729,4.90979107866325,16.5));
#4468=CARTESIAN_POINT('',(-14.5790615312426,2.75516494388366,16.5));
#4469=CARTESIAN_POINT('',(-13.9793867699777,4.6007740842883,16.5));
#4470=CARTESIAN_POINT('',(-13.8187765614586,2.2027855799323,16.5));
#4471=CARTESIAN_POINT('Origin',(-16.,-4.53999555663177E-15,16.5));
#4472=CARTESIAN_POINT('',(-12.2488076542715,3.34343475864985,16.5));
#4473=CARTESIAN_POINT('',(-12.2488076542715,3.34343475864985,16.5));
#4474=CARTESIAN_POINT('',(-11.661022401979,2.5344177642749,16.5));
#4475=CARTESIAN_POINT('',(-12.2488076542715,3.34343475864985,16.5));
#4476=CARTESIAN_POINT('',(-13.2309913091661,1.39376858555735,16.5));
#4477=CARTESIAN_POINT('',(-11.661022401979,2.5344177642749,16.5));
#4478=CARTESIAN_POINT('',(-12.9405882918443,0.499999999999998,16.5));
#4479=CARTESIAN_POINT('Origin',(-16.,-4.53999555663177E-15,16.5));
#4480=CARTESIAN_POINT('',(-11.,0.499999999999998,16.5));
#4481=CARTESIAN_POINT('',(-11.,0.499999999999999,16.5));
#4482=CARTESIAN_POINT('',(-11.,-0.499999999999998,16.5));
#4483=CARTESIAN_POINT('',(-11.,0.499999999999999,16.5));
#4484=CARTESIAN_POINT('',(-11.,-0.5,16.5));
#4485=CARTESIAN_POINT('',(-6.99999999999997,5.,16.5));
#4486=CARTESIAN_POINT('',(6.99999999999998,5.,16.5));
#4487=CARTESIAN_POINT('',(6.,5.,16.5));
#4488=CARTESIAN_POINT('',(9.,2.99999999999997,16.5));
#4489=CARTESIAN_POINT('',(9.,2.99999999999997,16.5));
#4490=CARTESIAN_POINT('',(9.,-3.,16.5));
#4491=CARTESIAN_POINT('',(9.,5.,16.5));
#4492=CARTESIAN_POINT('',(6.99999999999997,-5.,16.5));
#4493=CARTESIAN_POINT('',(6.99999999999997,-5.,16.5));
#4494=CARTESIAN_POINT('',(-6.99999999999998,-5.,16.5));
#4495=CARTESIAN_POINT('',(6.,-5.,16.5));
#4496=CARTESIAN_POINT('',(-9.,-2.99999999999997,16.5));
#4497=CARTESIAN_POINT('',(-9.,-2.99999999999997,16.5));
#4498=CARTESIAN_POINT('',(-9.,3.,16.5));
#4499=CARTESIAN_POINT('',(-9.,5.,16.5));
#4500=CARTESIAN_POINT('',(-6.99999999999997,5.,16.5));
#4501=CARTESIAN_POINT('',(48.8293752248205,11.,16.5));
#4502=CARTESIAN_POINT('',(61.5572972861783,23.7279220613578,16.5));
#4503=CARTESIAN_POINT('',(33.8720314186154,-3.95734380620514,16.5));
#4504=CARTESIAN_POINT('',(61.5572972861783,11.,16.5));
#4505=CARTESIAN_POINT('',(61.5572972861783,11.8639610306789,16.5));
#4506=CARTESIAN_POINT('',(30.7786486430892,11.,16.5));
#4507=CARTESIAN_POINT('',(-8.2671493731573,23.7279220614085,16.5));
#4508=CARTESIAN_POINT('',(4.46077268824272,11.,16.5));
#4509=CARTESIAN_POINT('',(-0.26838151451723,15.7291542027631,16.5));
#4510=CARTESIAN_POINT('',(-8.26714937315728,11.,16.5));
#4511=CARTESIAN_POINT('',(2.23038634412134,11.,16.5));
#4512=CARTESIAN_POINT('',(-8.26714937315728,5.49999999999999,16.5));
#4513=CARTESIAN_POINT('',(44.9166168109163,11.,16.5));
#4514=CARTESIAN_POINT('',(32.1886947495584,23.7279220613578,16.5));
#4515=CARTESIAN_POINT('',(36.4374626081872,19.4791542027291,16.5));
#4516=CARTESIAN_POINT('',(56.5572972861783,23.7279220613578,16.5));
#4517=CARTESIAN_POINT('',(16.0943473747792,23.7279220613578,16.5));
#4518=CARTESIAN_POINT('',(37.7687498571332,3.18452102640864,16.5));
#4519=CARTESIAN_POINT('',(22.1886947495584,23.7279220613578,16.5));
#4520=CARTESIAN_POINT('',(9.46077268820058,11.,16.5));
#4521=CARTESIAN_POINT('',(10.7095405468294,12.2487678586288,16.5));
#4522=CARTESIAN_POINT('',(-3.26714937315729,23.7279220613578,16.5));
#4523=CARTESIAN_POINT('',(9.84557951615042,10.6151931720501,16.5));
#4524=CARTESIAN_POINT('',(-1.63357468657866,23.7279220613578,16.5));
#4525=CARTESIAN_POINT('',(27.1886947495584,23.7279220613578,16.5));
#4526=CARTESIAN_POINT('',(39.9166168109163,11.,16.5));
#4527=CARTESIAN_POINT('',(26.3235015775083,24.593115233408,16.5));
#4528=CARTESIAN_POINT('',(14.4607726882006,11.,16.5));
#4529=CARTESIAN_POINT('',(19.9583084054581,11.,16.5));
#4530=CARTESIAN_POINT('',(8.09557951615042,4.63480682794984,16.5));
#4531=CARTESIAN_POINT('Origin',(16.,0.,-10.5000000000013));
#4532=CARTESIAN_POINT('',(18.7690086908338,1.39376858555734,-6.));
#4533=CARTESIAN_POINT('',(18.7690086908338,1.39376858555734,-10.5000000000013));
#4534=CARTESIAN_POINT('',(19.0594117081556,0.499999999999999,-6.));
#4535=CARTESIAN_POINT('Origin',(16.,-2.17544176385479E-17,-6.));
#4536=CARTESIAN_POINT('',(19.0594117081556,0.499999999999999,-10.5000000000013));
#4537=CARTESIAN_POINT('Origin',(16.,0.,-10.5000000000013));
#4538=CARTESIAN_POINT('',(17.4209384687574,2.75516494388365,-6.));
#4539=CARTESIAN_POINT('',(17.4209384687574,2.75516494388365,-10.5000000000013));
#4540=CARTESIAN_POINT('',(18.1812234385414,2.20278557993229,-6.));
#4541=CARTESIAN_POINT('Origin',(16.,-2.17544176385479E-17,-6.));
#4542=CARTESIAN_POINT('',(18.1812234385414,2.20278557993229,-10.5000000000013));
#4543=CARTESIAN_POINT('Origin',(16.,0.,-10.5000000000013));
#4544=CARTESIAN_POINT('',(15.5301180475378,3.06418193825861,-6.));
#4545=CARTESIAN_POINT('',(15.5301180475378,3.06418193825861,-10.5000000000013));
#4546=CARTESIAN_POINT('',(16.4698819524622,3.06418193825861,-6.));
#4547=CARTESIAN_POINT('Origin',(16.,-2.17544176385479E-17,-6.));
#4548=CARTESIAN_POINT('',(16.4698819524622,3.06418193825861,-10.5000000000013));
#4549=CARTESIAN_POINT('Origin',(16.,0.,-10.5000000000013));
#4550=CARTESIAN_POINT('',(13.8187765614586,2.2027855799323,-6.));
#4551=CARTESIAN_POINT('',(13.8187765614586,2.2027855799323,-10.5000000000013));
#4552=CARTESIAN_POINT('',(14.5790615312426,2.75516494388368,-6.));
#4553=CARTESIAN_POINT('Origin',(16.,-2.17544176385479E-17,-6.));
#4554=CARTESIAN_POINT('',(14.5790615312426,2.75516494388368,-10.5000000000013));
#4555=CARTESIAN_POINT('Origin',(16.,0.,-10.5000000000013));
#4556=CARTESIAN_POINT('',(12.9405882918443,0.5,-6.));
#4557=CARTESIAN_POINT('',(12.9405882918443,0.5,-10.5000000000013));
#4558=CARTESIAN_POINT('',(13.2309913091661,1.39376858555736,-6.));
#4559=CARTESIAN_POINT('Origin',(16.,-2.17544176385479E-17,-6.));
#4560=CARTESIAN_POINT('',(13.2309913091661,1.39376858555735,-10.5000000000013));
#4561=CARTESIAN_POINT('Origin',(16.,0.,-10.5000000000013));
#4562=CARTESIAN_POINT('',(13.2309913091661,-1.3937685855574,-6.));
#4563=CARTESIAN_POINT('',(13.2309913091661,-1.3937685855574,-10.5000000000013));
#4564=CARTESIAN_POINT('',(12.9405882918443,-0.499999999999999,-6.));
#4565=CARTESIAN_POINT('Origin',(16.,-2.17544176385479E-17,-6.));
#4566=CARTESIAN_POINT('',(12.9405882918443,-0.499999999999999,-10.5000000000013));
#4567=CARTESIAN_POINT('Origin',(16.,0.,-10.5000000000013));
#4568=CARTESIAN_POINT('',(14.5790615312427,-2.75516494388369,-6.));
#4569=CARTESIAN_POINT('',(14.5790615312427,-2.75516494388369,-10.5000000000013));
#4570=CARTESIAN_POINT('',(13.8187765614586,-2.20278557993234,-6.));
#4571=CARTESIAN_POINT('Origin',(16.,-2.17544176385479E-17,-6.));
#4572=CARTESIAN_POINT('',(13.8187765614586,-2.20278557993234,-10.5000000000013));
#4573=CARTESIAN_POINT('Origin',(16.,0.,-10.5000000000013));
#4574=CARTESIAN_POINT('',(16.4698819524623,-3.0641819382586,-6.));
#4575=CARTESIAN_POINT('',(16.4698819524623,-3.0641819382586,-10.5000000000013));
#4576=CARTESIAN_POINT('',(15.5301180475378,-3.06418193825862,-6.));
#4577=CARTESIAN_POINT('Origin',(16.,-2.17544176385479E-17,-6.));
#4578=CARTESIAN_POINT('',(15.5301180475378,-3.06418193825862,-10.5000000000013));
#4579=CARTESIAN_POINT('Origin',(16.,0.,-10.5000000000013));
#4580=CARTESIAN_POINT('',(18.1812234385414,-2.20278557993226,-6.));
#4581=CARTESIAN_POINT('',(18.1812234385414,-2.20278557993226,-10.5000000000013));
#4582=CARTESIAN_POINT('',(17.4209384687574,-2.75516494388363,-6.));
#4583=CARTESIAN_POINT('Origin',(16.,-2.17544176385479E-17,-6.));
#4584=CARTESIAN_POINT('',(17.4209384687574,-2.75516494388363,-10.5000000000013));
#4585=CARTESIAN_POINT('Origin',(16.,0.,-10.5000000000013));
#4586=CARTESIAN_POINT('',(19.0594117081556,-0.5,-6.));
#4587=CARTESIAN_POINT('',(19.0594117081556,-0.5,-10.5000000000013));
#4588=CARTESIAN_POINT('',(18.7690086908339,-1.3937685855573,-6.));
#4589=CARTESIAN_POINT('Origin',(16.,-2.17544176385479E-17,-6.));
#4590=CARTESIAN_POINT('',(18.7690086908339,-1.3937685855573,-10.5000000000013));
#4591=CARTESIAN_POINT('Origin',(-16.,-4.44089209850063E-15,-10.5000000000013));
#4592=CARTESIAN_POINT('',(-13.2309913091661,1.39376858555735,-6.));
#4593=CARTESIAN_POINT('',(-13.2309913091661,1.39376858555736,-10.5000000000013));
#4594=CARTESIAN_POINT('',(-12.9405882918443,0.499999999999999,-6.));
#4595=CARTESIAN_POINT('Origin',(-16.,-4.46264651613917E-15,-6.));
#4596=CARTESIAN_POINT('',(-12.9405882918443,0.499999999999999,-10.5000000000013));
#4597=CARTESIAN_POINT('Origin',(-16.,-4.44089209850063E-15,-10.5000000000013));
#4598=CARTESIAN_POINT('',(-14.5790615312426,2.75516494388366,-6.));
#4599=CARTESIAN_POINT('',(-14.5790615312426,2.75516494388366,-10.5000000000013));
#4600=CARTESIAN_POINT('',(-13.8187765614586,2.2027855799323,-6.));
#4601=CARTESIAN_POINT('Origin',(-16.,-4.46264651613917E-15,-6.));
#4602=CARTESIAN_POINT('',(-13.8187765614586,2.2027855799323,-10.5000000000013));
#4603=CARTESIAN_POINT('Origin',(-16.,-4.44089209850063E-15,-10.5000000000013));
#4604=CARTESIAN_POINT('',(-16.4698819524622,3.06418193825861,-6.));
#4605=CARTESIAN_POINT('',(-16.4698819524622,3.06418193825861,-10.5000000000013));
#4606=CARTESIAN_POINT('',(-15.5301180475378,3.06418193825861,-6.));
#4607=CARTESIAN_POINT('Origin',(-16.,-4.46264651613917E-15,-6.));
#4608=CARTESIAN_POINT('',(-15.5301180475378,3.06418193825861,-10.5000000000013));
#4609=CARTESIAN_POINT('Origin',(-16.,-4.44089209850063E-15,-10.5000000000013));
#4610=CARTESIAN_POINT('',(-18.1812234385414,2.20278557993229,-6.));
#4611=CARTESIAN_POINT('',(-18.1812234385414,2.20278557993229,-10.5000000000013));
#4612=CARTESIAN_POINT('',(-17.4209384687574,2.75516494388366,-6.));
#4613=CARTESIAN_POINT('Origin',(-16.,-4.46264651613917E-15,-6.));
#4614=CARTESIAN_POINT('',(-17.4209384687574,2.75516494388366,-10.5000000000013));
#4615=CARTESIAN_POINT('Origin',(-16.,-4.44089209850063E-15,-10.5000000000013));
#4616=CARTESIAN_POINT('',(-19.0594117081557,0.5,-6.));
#4617=CARTESIAN_POINT('',(-19.0594117081557,0.5,-10.5000000000013));
#4618=CARTESIAN_POINT('',(-18.7690086908339,1.39376858555734,-6.));
#4619=CARTESIAN_POINT('Origin',(-16.,-4.46264651613917E-15,-6.));
#4620=CARTESIAN_POINT('',(-18.7690086908339,1.39376858555734,-10.5000000000013));
#4621=CARTESIAN_POINT('Origin',(-16.,-4.44089209850063E-15,-10.5000000000013));
#4622=CARTESIAN_POINT('',(-18.7690086908339,-1.39376858555738,-6.));
#4623=CARTESIAN_POINT('',(-18.7690086908339,-1.39376858555738,-10.5000000000013));
#4624=CARTESIAN_POINT('',(-19.0594117081557,-0.499999999999999,-6.));
#4625=CARTESIAN_POINT('Origin',(-16.,-4.46264651613917E-15,-6.));
#4626=CARTESIAN_POINT('',(-19.0594117081557,-0.499999999999999,-10.5000000000013));
#4627=CARTESIAN_POINT('Origin',(-16.,-4.44089209850063E-15,-10.5000000000013));
#4628=CARTESIAN_POINT('',(-17.4209384687573,-2.75516494388369,-6.));
#4629=CARTESIAN_POINT('',(-17.4209384687573,-2.75516494388369,-10.5000000000013));
#4630=CARTESIAN_POINT('',(-18.1812234385414,-2.20278557993232,-6.));
#4631=CARTESIAN_POINT('Origin',(-16.,-4.46264651613917E-15,-6.));
#4632=CARTESIAN_POINT('',(-18.1812234385414,-2.20278557993232,-10.5000000000013));
#4633=CARTESIAN_POINT('Origin',(-16.,-4.44089209850063E-15,-10.5000000000013));
#4634=CARTESIAN_POINT('',(-15.5301180475378,-3.06418193825861,-6.));
#4635=CARTESIAN_POINT('',(-15.5301180475378,-3.06418193825861,-10.5000000000013));
#4636=CARTESIAN_POINT('',(-16.4698819524622,-3.06418193825862,-6.));
#4637=CARTESIAN_POINT('Origin',(-16.,-4.46264651613917E-15,-6.));
#4638=CARTESIAN_POINT('',(-16.4698819524622,-3.06418193825862,-10.5000000000013));
#4639=CARTESIAN_POINT('Origin',(-16.,-4.44089209850063E-15,-10.5000000000013));
#4640=CARTESIAN_POINT('',(-13.8187765614586,-2.20278557993227,-6.));
#4641=CARTESIAN_POINT('',(-13.8187765614586,-2.20278557993227,-10.5000000000013));
#4642=CARTESIAN_POINT('',(-14.5790615312426,-2.75516494388365,-6.));
#4643=CARTESIAN_POINT('Origin',(-16.,-4.46264651613917E-15,-6.));
#4644=CARTESIAN_POINT('',(-14.5790615312426,-2.75516494388365,-10.5000000000013));
#4645=CARTESIAN_POINT('Origin',(-16.,-4.44089209850063E-15,-10.5000000000013));
#4646=CARTESIAN_POINT('',(-12.9405882918443,-0.5,-6.));
#4647=CARTESIAN_POINT('',(-12.9405882918443,-0.5,-10.5000000000013));
#4648=CARTESIAN_POINT('',(-13.2309913091661,-1.39376858555732,-6.));
#4649=CARTESIAN_POINT('Origin',(-16.,-4.46264651613917E-15,-6.));
#4650=CARTESIAN_POINT('',(-13.2309913091661,-1.39376858555732,-10.5000000000013));
#4651=CARTESIAN_POINT('Origin',(21.,-0.5,10.));
#4652=CARTESIAN_POINT('',(21.,-0.5,-5.99999999999999));
#4653=CARTESIAN_POINT('',(21.,-0.5,10.));
#4654=CARTESIAN_POINT('',(21.,-0.5,-6.));
#4655=CARTESIAN_POINT('Origin',(19.7511923457286,-3.34343475864979,10.));
#4656=CARTESIAN_POINT('',(19.7511923457285,-3.34343475864979,-6.));
#4657=CARTESIAN_POINT('',(19.7511923457286,-3.34343475864979,10.));
#4658=CARTESIAN_POINT('',(19.7511923457286,-3.34343475864979,-6.));
#4659=CARTESIAN_POINT('Origin',(17.0695567137272,-4.90979107866323,10.));
#4660=CARTESIAN_POINT('',(17.0695567137272,-4.90979107866323,-6.));
#4661=CARTESIAN_POINT('',(17.0695567137272,-4.90979107866323,10.));
#4662=CARTESIAN_POINT('',(17.0695567137272,-4.90979107866323,-6.));
#4663=CARTESIAN_POINT('Origin',(13.9793867699777,-4.60077408428831,10.));
#4664=CARTESIAN_POINT('',(13.9793867699777,-4.60077408428832,-6.));
#4665=CARTESIAN_POINT('',(13.9793867699777,-4.60077408428831,10.));
#4666=CARTESIAN_POINT('',(13.9793867699777,-4.60077408428831,-6.));
#4667=CARTESIAN_POINT('Origin',(11.661022401979,-2.53441776427493,10.));
#4668=CARTESIAN_POINT('',(11.661022401979,-2.53441776427493,-6.));
#4669=CARTESIAN_POINT('',(11.661022401979,-2.53441776427493,10.));
#4670=CARTESIAN_POINT('',(11.661022401979,-2.53441776427493,-6.));
#4671=CARTESIAN_POINT('Origin',(11.,0.5,10.));
#4672=CARTESIAN_POINT('',(11.,0.5,-6.));
#4673=CARTESIAN_POINT('',(11.,0.5,10.));
#4674=CARTESIAN_POINT('',(11.,0.5,-6.));
#4675=CARTESIAN_POINT('Origin',(12.2488076542715,3.34343475864982,10.));
#4676=CARTESIAN_POINT('',(12.2488076542715,3.34343475864982,-6.));
#4677=CARTESIAN_POINT('',(12.2488076542715,3.34343475864982,10.));
#4678=CARTESIAN_POINT('',(12.2488076542715,3.34343475864982,-6.));
#4679=CARTESIAN_POINT('Origin',(14.9304432862728,4.90979107866324,10.));
#4680=CARTESIAN_POINT('',(14.9304432862728,4.90979107866324,-6.));
#4681=CARTESIAN_POINT('',(14.9304432862728,4.90979107866324,10.));
#4682=CARTESIAN_POINT('',(14.9304432862728,4.90979107866324,-6.));
#4683=CARTESIAN_POINT('Origin',(18.0206132300223,4.6007740842883,10.));
#4684=CARTESIAN_POINT('',(18.0206132300223,4.6007740842883,-6.));
#4685=CARTESIAN_POINT('',(18.0206132300223,4.6007740842883,10.));
#4686=CARTESIAN_POINT('',(18.0206132300223,4.6007740842883,-6.));
#4687=CARTESIAN_POINT('Origin',(20.338977598021,2.5344177642749,10.));
#4688=CARTESIAN_POINT('',(20.338977598021,2.5344177642749,-6.));
#4689=CARTESIAN_POINT('',(20.338977598021,2.5344177642749,10.));
#4690=CARTESIAN_POINT('',(20.338977598021,2.5344177642749,-6.));
#4691=CARTESIAN_POINT('Origin',(-11.,-0.5,10.));
#4692=CARTESIAN_POINT('',(-11.,-0.5,-6.));
#4693=CARTESIAN_POINT('',(-11.,-0.5,10.));
#4694=CARTESIAN_POINT('',(-11.,-0.5,-6.));
#4695=CARTESIAN_POINT('Origin',(-12.2488076542715,-3.34343475864979,10.));
#4696=CARTESIAN_POINT('',(-12.2488076542715,-3.34343475864979,-6.));
#4697=CARTESIAN_POINT('',(-12.2488076542715,-3.34343475864979,10.));
#4698=CARTESIAN_POINT('',(-12.2488076542715,-3.34343475864979,-6.));
#4699=CARTESIAN_POINT('Origin',(-14.9304432862728,-4.90979107866323,10.));
#4700=CARTESIAN_POINT('',(-14.9304432862728,-4.90979107866323,-6.));
#4701=CARTESIAN_POINT('',(-14.9304432862728,-4.90979107866323,10.));
#4702=CARTESIAN_POINT('',(-14.9304432862728,-4.90979107866323,-6.));
#4703=CARTESIAN_POINT('Origin',(-18.0206132300223,-4.60077408428831,10.));
#4704=CARTESIAN_POINT('',(-18.0206132300223,-4.60077408428832,-6.));
#4705=CARTESIAN_POINT('',(-18.0206132300223,-4.60077408428831,10.));
#4706=CARTESIAN_POINT('',(-18.0206132300223,-4.60077408428831,-6.));
#4707=CARTESIAN_POINT('Origin',(-20.338977598021,-2.53441776427493,10.));
#4708=CARTESIAN_POINT('',(-20.338977598021,-2.53441776427493,-6.));
#4709=CARTESIAN_POINT('',(-20.338977598021,-2.53441776427493,10.));
#4710=CARTESIAN_POINT('',(-20.338977598021,-2.53441776427493,-6.));
#4711=CARTESIAN_POINT('Origin',(-21.,0.5,10.));
#4712=CARTESIAN_POINT('',(-21.,0.5,-6.));
#4713=CARTESIAN_POINT('',(-21.,0.5,10.));
#4714=CARTESIAN_POINT('',(-21.,0.5,-6.));
#4715=CARTESIAN_POINT('Origin',(-19.7511923457285,3.34343475864982,10.));
#4716=CARTESIAN_POINT('',(-19.7511923457285,3.34343475864982,-6.));
#4717=CARTESIAN_POINT('',(-19.7511923457285,3.34343475864982,10.));
#4718=CARTESIAN_POINT('',(-19.7511923457285,3.34343475864982,-6.));
#4719=CARTESIAN_POINT('Origin',(-17.0695567137272,4.90979107866324,10.));
#4720=CARTESIAN_POINT('',(-17.0695567137272,4.90979107866324,-6.));
#4721=CARTESIAN_POINT('',(-17.0695567137272,4.90979107866324,10.));
#4722=CARTESIAN_POINT('',(-17.0695567137272,4.90979107866324,-6.));
#4723=CARTESIAN_POINT('Origin',(-13.9793867699777,4.6007740842883,10.));
#4724=CARTESIAN_POINT('',(-13.9793867699777,4.6007740842883,-6.));
#4725=CARTESIAN_POINT('',(-13.9793867699777,4.6007740842883,10.));
#4726=CARTESIAN_POINT('',(-13.9793867699777,4.6007740842883,-6.));
#4727=CARTESIAN_POINT('Origin',(-11.661022401979,2.5344177642749,10.));
#4728=CARTESIAN_POINT('',(-11.661022401979,2.5344177642749,-5.99999999999999));
#4729=CARTESIAN_POINT('',(-11.661022401979,2.5344177642749,10.));
#4730=CARTESIAN_POINT('',(-11.661022401979,2.5344177642749,-6.));
#4731=CARTESIAN_POINT('Origin',(39.9166168109162,11.,109.999814254663));
#4732=CARTESIAN_POINT('',(14.4607726882006,11.,-6.));
#4733=CARTESIAN_POINT('',(39.9166168109163,11.,-6.));
#4734=CARTESIAN_POINT('',(8.45830840545812,11.,-6.00000000000001));
#4735=CARTESIAN_POINT('',(14.4607726882005,11.,109.999814254663));
#4736=CARTESIAN_POINT('',(39.9166168109163,11.,10.));
#4737=CARTESIAN_POINT('Origin',(27.1886947495584,23.7279220613578,109.999814254663));
#4738=CARTESIAN_POINT('',(27.1886947495584,23.7279220613578,-6.));
#4739=CARTESIAN_POINT('',(25.0431641651951,25.8734526457212,-6.));
#4740=CARTESIAN_POINT('',(27.1886947495584,23.7279220613578,109.999814254663));
#4741=CARTESIAN_POINT('Origin',(14.4607726882005,11.,109.999814254663));
#4742=CARTESIAN_POINT('',(-2.1240830715364,-5.58485575973699,-6.00000000000001));
#4743=CARTESIAN_POINT('Origin',(9.46077268820055,11.,109.999814254663));
#4744=CARTESIAN_POINT('',(-3.26714937315729,23.7279220613578,-6.));
#4745=CARTESIAN_POINT('',(9.46077268820058,11.,-6.));
#4746=CARTESIAN_POINT('',(8.56524210383724,11.8955305843633,-6.));
#4747=CARTESIAN_POINT('',(-3.26714937315732,23.7279220613578,109.999814254663));
#4748=CARTESIAN_POINT('',(9.46077268820058,11.,10.));
#4749=CARTESIAN_POINT('Origin',(22.1886947495584,23.7279220613578,109.999814254663));
#4750=CARTESIAN_POINT('',(22.1886947495584,23.7279220613578,-6.));
#4751=CARTESIAN_POINT('',(0.489877959142531,2.02910527094193,-6.00000000000001));
#4752=CARTESIAN_POINT('',(22.1886947495584,23.7279220613578,109.999814254663));
#4753=CARTESIAN_POINT('Origin',(-3.26714937315732,23.7279220613578,109.999814254663));
#4754=CARTESIAN_POINT('',(-13.1335746865787,23.7279220613579,-6.00000000000001));
#4755=CARTESIAN_POINT('Origin',(32.1886947495584,23.7279220613578,109.999814254663));
#4756=CARTESIAN_POINT('',(56.5572972861783,23.7279220613578,-6.));
#4757=CARTESIAN_POINT('',(32.1886947495584,23.7279220613578,-6.));
#4758=CARTESIAN_POINT('',(4.59434737477919,23.7279220613578,-6.00000000000001));
#4759=CARTESIAN_POINT('',(56.5572972861783,23.7279220613578,109.999814254663));
#4760=CARTESIAN_POINT('',(32.1886947495584,23.7279220613578,10.));
#4761=CARTESIAN_POINT('Origin',(44.9166168109162,11.,109.999814254663));
#4762=CARTESIAN_POINT('',(44.9166168109163,11.,-6.));
#4763=CARTESIAN_POINT('',(35.157125195874,20.7594916150422,-5.99999999999999));
#4764=CARTESIAN_POINT('',(44.9166168109162,11.,109.999814254663));
#4765=CARTESIAN_POINT('Origin',(56.5572972861783,23.7279220613578,109.999814254663));
#4766=CARTESIAN_POINT('',(28.0789171455525,-7.41034374998396,-6.00000000000001));
#4767=CARTESIAN_POINT('Origin',(4.46077268824269,11.,109.999814254663));
#4768=CARTESIAN_POINT('',(-8.26714937315728,11.,-6.));
#4769=CARTESIAN_POINT('',(4.46077268824272,11.,-6.));
#4770=CARTESIAN_POINT('',(-9.26961365587866,11.,-6.00000000000001));
#4771=CARTESIAN_POINT('',(-8.26714937315731,11.,109.999814254663));
#4772=CARTESIAN_POINT('',(4.46077268824272,11.,10.));
#4773=CARTESIAN_POINT('Origin',(-8.26714937315732,23.7279220614085,109.999814254663));
#4774=CARTESIAN_POINT('',(-8.26714937315729,23.7279220614085,-6.));
#4775=CARTESIAN_POINT('',(-1.54871892682655,17.0094916150733,-6.00000000000001));
#4776=CARTESIAN_POINT('',(-8.26714937315732,23.7279220614085,109.999814254663));
#4777=CARTESIAN_POINT('Origin',(-8.26714937315731,11.,109.999814254663));
#4778=CARTESIAN_POINT('',(-8.26714937315727,-3.43932517537366,-6.00000000000001));
#4779=CARTESIAN_POINT('Origin',(61.5572972861783,23.7279220613578,109.999814254663));
#4780=CARTESIAN_POINT('',(61.5572972861783,11.,-6.));
#4781=CARTESIAN_POINT('',(61.5572972861783,23.7279220613578,-6.));
#4782=CARTESIAN_POINT('',(61.5572972861783,2.92463585530527,-6.));
#4783=CARTESIAN_POINT('',(61.5572972861783,11.,109.999814254663));
#4784=CARTESIAN_POINT('',(61.5572972861783,23.7279220613578,10.));
#4785=CARTESIAN_POINT('Origin',(48.8293752248205,11.,109.999814254663));
#4786=CARTESIAN_POINT('',(48.8293752248205,11.,-6.));
#4787=CARTESIAN_POINT('',(23.6523688309286,-14.177006393892,-6.00000000000001));
#4788=CARTESIAN_POINT('',(48.8293752248205,11.,109.999814254663));
#4789=CARTESIAN_POINT('Origin',(61.5572972861783,11.,109.999814254663));
#4790=CARTESIAN_POINT('',(19.2786486430892,11.,-6.00000000000001));
#4791=CARTESIAN_POINT('Origin',(121.188515518429,16.,2.00000000000001));
#4792=CARTESIAN_POINT('',(121.188515518429,15.,-6.));
#4793=CARTESIAN_POINT('',(122.188515518429,16.,-5.99999999999999));
#4794=CARTESIAN_POINT('Origin',(121.188515518429,16.,-6.));
#4795=CARTESIAN_POINT('',(122.188515518429,16.,7.81825757707285));
#4796=CARTESIAN_POINT('',(122.188515518429,16.,2.00000000000001));
#4797=CARTESIAN_POINT('',(121.188515518429,15.,10.));
#4798=CARTESIAN_POINT('Origin',(121.188515518429,16.,7.81825757707285));
#4799=CARTESIAN_POINT('',(121.188515518429,15.,2.00000000000001));
#4800=CARTESIAN_POINT('Origin',(97.1885155184291,15.,2.00000000000001));
#4801=CARTESIAN_POINT('',(102.188515518429,15.,10.));
#4802=CARTESIAN_POINT('',(48.5942577592145,15.,10.));
#4803=CARTESIAN_POINT('',(102.188515518429,15.,10.));
#4804=CARTESIAN_POINT('',(72.1885155184291,15.,-5.99999999999999));
#4805=CARTESIAN_POINT('',(72.1885155184291,15.,2.00000000000001));
#4806=CARTESIAN_POINT('',(37.0942577592145,15.,-6.));
#4807=CARTESIAN_POINT('Origin',(122.188515518429,17.5,4.54564394268216));
#4808=CARTESIAN_POINT('',(122.188515518429,17.0454703285568,5.53731060934883));
#4809=CARTESIAN_POINT('',(122.188515518429,17.9821127936994,3.49379800803223));
#4810=CARTESIAN_POINT('',(102.188515518429,17.0454703285568,5.53731060934883));
#4811=CARTESIAN_POINT('',(122.188515518429,17.0454703285568,5.53731060934883));
#4812=CARTESIAN_POINT('',(102.188515518429,17.5,4.54564394268216));
#4813=CARTESIAN_POINT('Origin',(121.188515518429,19.,2.00000000000001));
#4814=CARTESIAN_POINT('',(121.188515518429,20.,10.));
#4815=CARTESIAN_POINT('',(122.188515518429,19.,7.81825757707288));
#4816=CARTESIAN_POINT('Origin',(121.188515518429,19.,7.81825757707288));
#4817=CARTESIAN_POINT('',(122.188515518429,19.,-5.99999999999999));
#4818=CARTESIAN_POINT('',(122.188515518429,19.,2.00000000000001));
#4819=CARTESIAN_POINT('',(121.188515518429,20.,-6.));
#4820=CARTESIAN_POINT('Origin',(121.188515518429,19.,-6.));
#4821=CARTESIAN_POINT('',(121.188515518429,20.,2.00000000000001));
#4822=CARTESIAN_POINT('Origin',(97.1885155184291,20.,2.00000000000001));
#4823=CARTESIAN_POINT('',(72.1885155184291,20.,-6.));
#4824=CARTESIAN_POINT('',(37.0942577592146,20.,-6.));
#4825=CARTESIAN_POINT('',(72.1885155184291,20.,10.));
#4826=CARTESIAN_POINT('',(102.188515518429,20.,10.));
#4827=CARTESIAN_POINT('',(102.188515518429,20.,10.));
#4828=CARTESIAN_POINT('',(48.5942577592146,20.,10.));
#4829=CARTESIAN_POINT('Origin',(-23.,-17.8786503507473,-6.));
#4830=CARTESIAN_POINT('',(68.496127363004,11.3076118445749,-6.));
#4831=CARTESIAN_POINT('',(38.296724051135,-18.8917914672941,-6.));
#4832=CARTESIAN_POINT('',(59.3037392075789,7.5,-5.99999999999999));
#4833=CARTESIAN_POINT('Origin',(59.3037392075789,20.5,-5.99999999999999));
#4834=CARTESIAN_POINT('',(22.1885155184291,7.5,-5.99999999999999));
#4835=CARTESIAN_POINT('',(72.1885155184291,7.5,-5.99999999999999));
#4836=CARTESIAN_POINT('',(22.1885155184291,-8.31148448157089,-6.));
#4837=CARTESIAN_POINT('',(22.1885155184291,-6.68932517537366,-6.));
#4838=CARTESIAN_POINT('',(21.7,-8.8,-6.));
#4839=CARTESIAN_POINT('',(23.,-7.50000000000001,-6.));
#4840=CARTESIAN_POINT('',(13.,-8.8,-6.));
#4841=CARTESIAN_POINT('',(-23.,-8.8,-6.));
#4842=CARTESIAN_POINT('',(13.,-7.5,-6.));
#4843=CARTESIAN_POINT('',(13.,-7.5,-6.));
#4844=CARTESIAN_POINT('',(4.,-7.5,-6.));
#4845=CARTESIAN_POINT('',(-23.,-7.5,-6.));
#4846=CARTESIAN_POINT('',(4.,-8.8,-6.));
#4847=CARTESIAN_POINT('',(4.,-7.5,-6.));
#4848=CARTESIAN_POINT('',(-0.699999999999999,-8.8,-6.));
#4849=CARTESIAN_POINT('',(-23.,-8.8,-6.));
#4850=CARTESIAN_POINT('',(-3.,-6.5,-5.99999999999999));
#4851=CARTESIAN_POINT('',(3.,-12.5,-6.));
#4852=CARTESIAN_POINT('',(-19.1715728752538,-6.5,-6.));
#4853=CARTESIAN_POINT('',(-3.,-6.5,-6.));
#4854=CARTESIAN_POINT('',(-22.1886947495584,-3.48287812569541,-6.));
#4855=CARTESIAN_POINT('',(-21.5857864376269,-4.0857864376269,-6.));
#4856=CARTESIAN_POINT('',(-22.1886947495584,4.49999999999999,-6.));
#4857=CARTESIAN_POINT('',(-22.1886947495584,-4.43932517537366,-6.));
#4858=CARTESIAN_POINT('',(0.811305250441601,27.5,-5.99999999999999));
#4859=CARTESIAN_POINT('Origin',(0.811305250441595,4.49999999999999,-6.));
#4860=CARTESIAN_POINT('',(59.3037392075789,27.5,-5.99999999999999));
#4861=CARTESIAN_POINT('',(72.1885155184291,27.5,-5.99999999999999));
#4862=CARTESIAN_POINT('',(68.496127363004,23.6923881554251,-6.));
#4863=CARTESIAN_POINT('Origin',(59.3037392075789,14.5,-5.99999999999999));
#4864=CARTESIAN_POINT('',(55.9860492265087,36.2024662919205,-6.));
#4865=CARTESIAN_POINT('',(122.188515518429,17.5,-5.99999999999999));
#4866=CARTESIAN_POINT('',(-6.99999999999997,5.,-6.));
#4867=CARTESIAN_POINT('',(6.99999999999998,5.,-6.));
#4868=CARTESIAN_POINT('',(6.,5.,-6.));
#4869=CARTESIAN_POINT('',(-9.,3.,-6.));
#4870=CARTESIAN_POINT('',(-26.4393251753738,-14.4393251753735,-6.));
#4871=CARTESIAN_POINT('',(-9.,-2.99999999999997,-6.));
#4872=CARTESIAN_POINT('',(-9.,5.,-6.));
#4873=CARTESIAN_POINT('',(-6.99999999999998,-5.,-6.));
#4874=CARTESIAN_POINT('',(-8.56067482462628,-3.43932517537369,-6.));
#4875=CARTESIAN_POINT('',(6.99999999999997,-5.,-6.));
#4876=CARTESIAN_POINT('',(6.,-5.,-6.));
#4877=CARTESIAN_POINT('',(9.,-3.,-6.));
#4878=CARTESIAN_POINT('',(-14.4393251753739,-26.4393251753736,-6.));
#4879=CARTESIAN_POINT('',(9.,2.99999999999997,-6.));
#4880=CARTESIAN_POINT('',(9.,5.,-6.));
#4881=CARTESIAN_POINT('',(3.43932517537375,8.56067482462626,-6.));
#4882=CARTESIAN_POINT('',(-11.,0.499999999999999,-6.));
#4883=CARTESIAN_POINT('',(-11.,0.499999999999999,-6.));
#4884=CARTESIAN_POINT('',(-11.,0.499999999999999,-6.));
#4885=CARTESIAN_POINT('',(-12.2488076542715,3.34343475864985,-6.));
#4886=CARTESIAN_POINT('',(-12.2488076542715,3.34343475864985,-6.));
#4887=CARTESIAN_POINT('',(-12.2488076542715,3.34343475864985,-6.));
#4888=CARTESIAN_POINT('',(-14.9304432862729,4.90979107866325,-6.));
#4889=CARTESIAN_POINT('',(-14.9304432862729,4.90979107866325,-6.));
#4890=CARTESIAN_POINT('',(-14.9304432862729,4.90979107866325,-6.));
#4891=CARTESIAN_POINT('',(-18.0206132300223,4.60077408428829,-6.));
#4892=CARTESIAN_POINT('',(-18.0206132300223,4.60077408428829,-6.));
#4893=CARTESIAN_POINT('',(-18.0206132300223,4.60077408428829,-6.));
#4894=CARTESIAN_POINT('',(-20.338977598021,2.53441776427487,-6.));
#4895=CARTESIAN_POINT('',(-20.338977598021,2.53441776427487,-6.));
#4896=CARTESIAN_POINT('',(-20.338977598021,2.53441776427487,-6.));
#4897=CARTESIAN_POINT('',(-21.,-0.499999999999999,-6.));
#4898=CARTESIAN_POINT('',(-21.,-0.499999999999999,-6.));
#4899=CARTESIAN_POINT('',(-21.,-0.499999999999999,-6.));
#4900=CARTESIAN_POINT('',(-19.7511923457285,-3.34343475864987,-6.));
#4901=CARTESIAN_POINT('',(-19.7511923457285,-3.34343475864987,-6.));
#4902=CARTESIAN_POINT('',(-19.7511923457285,-3.34343475864987,-6.));
#4903=CARTESIAN_POINT('',(-17.0695567137271,-4.90979107866325,-6.));
#4904=CARTESIAN_POINT('',(-17.0695567137271,-4.90979107866325,-6.));
#4905=CARTESIAN_POINT('',(-17.0695567137271,-4.90979107866325,-6.));
#4906=CARTESIAN_POINT('',(-13.9793867699776,-4.60077408428827,-6.));
#4907=CARTESIAN_POINT('',(-13.9793867699776,-4.60077408428827,-6.));
#4908=CARTESIAN_POINT('',(-13.9793867699776,-4.60077408428827,-6.));
#4909=CARTESIAN_POINT('',(-11.661022401979,-2.53441776427484,-6.));
#4910=CARTESIAN_POINT('',(-11.661022401979,-2.53441776427484,-6.));
#4911=CARTESIAN_POINT('',(-11.661022401979,-2.53441776427484,-6.));
#4912=CARTESIAN_POINT('',(21.,0.499999999999999,-6.));
#4913=CARTESIAN_POINT('',(21.,0.499999999999999,-6.));
#4914=CARTESIAN_POINT('',(21.,0.499999999999999,-6.));
#4915=CARTESIAN_POINT('',(19.7511923457285,3.34343475864985,-6.));
#4916=CARTESIAN_POINT('',(19.7511923457285,3.34343475864985,-6.));
#4917=CARTESIAN_POINT('',(19.7511923457285,3.34343475864985,-6.));
#4918=CARTESIAN_POINT('',(17.0695567137271,4.90979107866325,-6.));
#4919=CARTESIAN_POINT('',(17.0695567137271,4.90979107866325,-6.));
#4920=CARTESIAN_POINT('',(17.0695567137271,4.90979107866325,-6.));
#4921=CARTESIAN_POINT('',(13.9793867699777,4.60077408428829,-6.));
#4922=CARTESIAN_POINT('',(13.9793867699777,4.60077408428829,-6.));
#4923=CARTESIAN_POINT('',(13.9793867699777,4.60077408428829,-6.));
#4924=CARTESIAN_POINT('',(11.661022401979,2.53441776427487,-6.));
#4925=CARTESIAN_POINT('',(11.661022401979,2.53441776427487,-6.));
#4926=CARTESIAN_POINT('',(11.661022401979,2.53441776427487,-6.));
#4927=CARTESIAN_POINT('',(11.,-0.499999999999999,-6.));
#4928=CARTESIAN_POINT('',(11.,-0.499999999999999,-6.));
#4929=CARTESIAN_POINT('',(11.,-0.499999999999999,-6.));
#4930=CARTESIAN_POINT('',(12.2488076542715,-3.34343475864987,-6.));
#4931=CARTESIAN_POINT('',(12.2488076542715,-3.34343475864987,-6.));
#4932=CARTESIAN_POINT('',(12.2488076542715,-3.34343475864987,-6.));
#4933=CARTESIAN_POINT('',(14.9304432862729,-4.90979107866325,-6.));
#4934=CARTESIAN_POINT('',(14.9304432862729,-4.90979107866325,-6.));
#4935=CARTESIAN_POINT('',(14.9304432862729,-4.90979107866325,-6.));
#4936=CARTESIAN_POINT('',(18.0206132300224,-4.60077408428827,-6.));
#4937=CARTESIAN_POINT('',(18.0206132300224,-4.60077408428827,-6.));
#4938=CARTESIAN_POINT('',(18.0206132300224,-4.60077408428827,-6.));
#4939=CARTESIAN_POINT('',(20.338977598021,-2.53441776427484,-6.));
#4940=CARTESIAN_POINT('',(20.338977598021,-2.53441776427484,-6.));
#4941=CARTESIAN_POINT('',(20.338977598021,-2.53441776427484,-6.));
#4942=CARTESIAN_POINT('Origin',(122.188515518429,17.5,5.74564394268216));
#4943=CARTESIAN_POINT('',(102.188515518429,17.9545296714431,5.53731060934882));
#4944=CARTESIAN_POINT('Origin',(102.188515518429,17.5,5.74564394268216));
#4945=CARTESIAN_POINT('',(122.188515518429,17.9545296714431,5.53731060934882));
#4946=CARTESIAN_POINT('Origin',(122.188515518429,17.5,5.74564394268216));
#4947=CARTESIAN_POINT('',(122.188515518429,17.9545296714431,5.53731060934882));
#4948=CARTESIAN_POINT('Origin',(122.188515518429,20.,10.));
#4949=CARTESIAN_POINT('',(102.188515518429,20.,10.));
#4950=CARTESIAN_POINT('',(122.188515518429,18.2678872063006,6.22097603669117));
#4951=CARTESIAN_POINT('Origin',(59.3037392075789,20.5,2.00000000000001));
#4952=CARTESIAN_POINT('',(68.496127363004,11.3076118445749,2.00000000000001));
#4953=CARTESIAN_POINT('',(59.3037392075789,7.5,10.));
#4954=CARTESIAN_POINT('Origin',(68.4385155184291,11.25,2.00000000000001));
#4955=CARTESIAN_POINT('Origin',(59.3037392075789,14.5,8.));
#4956=CARTESIAN_POINT('',(68.496127363004,23.6923881554251,10.));
#4957=CARTESIAN_POINT('',(59.3037392075789,27.5,8.));
#4958=CARTESIAN_POINT('Origin',(22.7459016393443,27.5,10.));
#4959=CARTESIAN_POINT('',(0.81130525044159,27.5,31.25));
#4960=CARTESIAN_POINT('Origin',(0.81130525044159,4.49999999999999,31.25));
#4961=CARTESIAN_POINT('',(-22.1886947495584,4.49999999999999,31.25));
#4962=CARTESIAN_POINT('Origin',(-22.1886947495584,8.99999999999999,52.5));
#4963=CARTESIAN_POINT('',(-22.1886947495584,-3.4828781256954,21.25));
#4964=CARTESIAN_POINT('Origin',(102.188515518429,17.5,7.27282197134109));
#4965=CARTESIAN_POINT('Origin',(122.188515518429,17.5,2.00000000000001));
#4966=CARTESIAN_POINT('Origin',(68.4385155184291,23.75,6.));
#4967=CARTESIAN_POINT('Origin',(72.1885155184291,7.5,2.00000000000001));
#4968=CARTESIAN_POINT('',(22.1885155184291,7.5,1.77694551410192));
#4969=CARTESIAN_POINT('Origin',(22.1885155184291,4.49999999999999,1.55389102820383));
#4970=CARTESIAN_POINT('',(22.1885155184291,-3.51148448157089,2.));
#4971=CARTESIAN_POINT('',(22.1885155184291,-3.51148448157089,5.77694551410192));
#4972=CARTESIAN_POINT('',(22.1885155184291,-8.31148448157089,2.));
#4973=CARTESIAN_POINT('',(22.1885155184291,2.24999999999999,2.));
#4974=CARTESIAN_POINT('',(22.1885155184291,-8.31148448157089,-4.22305448589808));
#4975=CARTESIAN_POINT('Origin',(4.,-7.5,10.));
#4976=CARTESIAN_POINT('',(4.,-7.5,1.5));
#4977=CARTESIAN_POINT('',(4.,-7.5,10.));
#4978=CARTESIAN_POINT('',(4.,-12.5,1.5));
#4979=CARTESIAN_POINT('',(4.,-6.5,1.5));
#4980=CARTESIAN_POINT('',(4.,-12.5,-2.3));
#4981=CARTESIAN_POINT('',(4.,-12.5,10.));
#4982=CARTESIAN_POINT('',(4.,-16.15,1.35));
#4983=CARTESIAN_POINT('Origin',(4.,-12.5,10.));
#4984=CARTESIAN_POINT('',(2.99999999999996,-12.5,1.5));
#4985=CARTESIAN_POINT('',(-3.,-12.5,1.5));
#4986=CARTESIAN_POINT('',(2.99999999999996,-12.5,-2.3));
#4987=CARTESIAN_POINT('',(3.,-12.5,10.));
#4988=CARTESIAN_POINT('',(-23.,-12.5,-2.3));
#4989=CARTESIAN_POINT('Origin',(3.,-12.5,10.));
#4990=CARTESIAN_POINT('',(-3.,-6.5,1.5));
#4991=CARTESIAN_POINT('',(3.,-12.5,1.5));
#4992=CARTESIAN_POINT('',(-3.,-6.5,10.));
#4993=CARTESIAN_POINT('',(7.09999999999998,-16.6000000000001,1.80000000000006));
#4994=CARTESIAN_POINT('Origin',(0.,-12.5,0.));
#4995=CARTESIAN_POINT('',(7.50000000000001,-12.5,2.));
#4996=CARTESIAN_POINT('',(7.50000000000001,-12.5,-2.));
#4997=CARTESIAN_POINT('',(7.50000000000001,-12.5,2.));
#4998=CARTESIAN_POINT('',(5.60000000000001,-12.5,2.));
#4999=CARTESIAN_POINT('',(6.5,-12.5,2.));
#5000=CARTESIAN_POINT('',(5.60000000000001,-12.5,-2.));
#5001=CARTESIAN_POINT('',(5.60000000000001,-12.5,3.4212670403552));
#5002=CARTESIAN_POINT('',(6.5,-12.5,-2.));
#5003=CARTESIAN_POINT('Origin',(6.5,-12.5,-2.));
#5004=CARTESIAN_POINT('',(6.50000000000001,-7.5,-2.));
#5005=CARTESIAN_POINT('',(7.50000000000001,-7.5,-2.));
#5006=CARTESIAN_POINT('',(6.5,-7.5,-2.));
#5007=CARTESIAN_POINT('',(7.50000000000001,-3.02786404500042,-2.));
#5008=CARTESIAN_POINT('',(5.60000000000001,-12.3,-2.));
#5009=CARTESIAN_POINT('',(5.60000000000001,-12.5,-2.));
#5010=CARTESIAN_POINT('',(6.50000000000001,-11.4,-2.));
#5011=CARTESIAN_POINT('',(5.60000000000001,-12.3,-2.));
#5012=CARTESIAN_POINT('',(6.5,-12.5,-2.));
#5013=CARTESIAN_POINT('Origin',(13.,-7.5,10.));
#5014=CARTESIAN_POINT('',(13.,-12.5,-2.3));
#5015=CARTESIAN_POINT('',(13.,-16.15,1.35));
#5016=CARTESIAN_POINT('',(13.,-12.5,2.));
#5017=CARTESIAN_POINT('',(13.,-12.5,10.));
#5018=CARTESIAN_POINT('',(13.,-7.5,2.));
#5019=CARTESIAN_POINT('',(13.,-12.5,2.));
#5020=CARTESIAN_POINT('',(13.,-7.5,10.));
#5021=CARTESIAN_POINT('Origin',(23.,-12.5,10.));
#5022=CARTESIAN_POINT('',(18.,-12.5,-2.3));
#5023=CARTESIAN_POINT('',(-23.,-12.5,-2.3));
#5024=CARTESIAN_POINT('',(18.,-12.5,2.));
#5025=CARTESIAN_POINT('',(18.,-12.5,10.));
#5026=CARTESIAN_POINT('',(13.,-12.5,2.));
#5027=CARTESIAN_POINT('Origin',(23.,-7.50000000000001,-10.));
#5028=CARTESIAN_POINT('',(23.,-7.50000000000001,2.));
#5029=CARTESIAN_POINT('',(23.9,-6.60000000000001,-8.19999999999999));
#5030=CARTESIAN_POINT('Origin',(-21.5857864376269,-4.0857864376269,-10.));
#5031=CARTESIAN_POINT('',(-19.1715728752538,-6.5,10.));
#5032=CARTESIAN_POINT('Origin',(-3.,-6.5,10.));
#5033=CARTESIAN_POINT('',(4.,-6.5,1.5));
#5034=CARTESIAN_POINT('',(-3.,-6.5,1.5));
#5035=CARTESIAN_POINT('',(4.50000000000002,-6.5,2.));
#5036=CARTESIAN_POINT('',(4.74999999999991,-6.5,2.24999999999988));
#5037=CARTESIAN_POINT('',(19.2,-6.5,2.));
#5038=CARTESIAN_POINT('',(-3.,-6.5,2.));
#5039=CARTESIAN_POINT('',(19.2,-6.5,10.));
#5040=CARTESIAN_POINT('Origin',(0.,0.,2.));
#5041=CARTESIAN_POINT('',(19.2,-6.5,2.));
#5042=CARTESIAN_POINT('',(4.50000000000002,-7.5,2.));
#5043=CARTESIAN_POINT('',(4.50000000000002,-7.5,2.));
#5044=CARTESIAN_POINT('',(6.5,-7.5,2.));
#5045=CARTESIAN_POINT('',(-23.,-7.5,2.));
#5046=CARTESIAN_POINT('',(6.5,-11.4,2.));
#5047=CARTESIAN_POINT('',(6.5,-12.5,2.));
#5048=CARTESIAN_POINT('',(5.60000000000001,-12.3,2.));
#5049=CARTESIAN_POINT('',(5.60000000000001,-12.3,2.));
#5050=CARTESIAN_POINT('',(5.60000000000001,-12.5,2.));
#5051=CARTESIAN_POINT('',(7.50000000000001,-7.5,2.));
#5052=CARTESIAN_POINT('',(7.50000000000001,-3.02786404500042,2.));
#5053=CARTESIAN_POINT('',(9.50000000000001,-7.5,2.));
#5054=CARTESIAN_POINT('',(7.50000000000001,-7.5,2.));
#5055=CARTESIAN_POINT('',(9.50000000000001,-12.5,2.));
#5056=CARTESIAN_POINT('',(9.50000000000001,-3.02786404500042,2.));
#5057=CARTESIAN_POINT('',(11.4,-12.5,2.));
#5058=CARTESIAN_POINT('',(6.5,-12.5,2.));
#5059=CARTESIAN_POINT('',(11.4,-12.3,2.));
#5060=CARTESIAN_POINT('',(11.4,-12.5,2.));
#5061=CARTESIAN_POINT('',(10.5,-11.4,2.));
#5062=CARTESIAN_POINT('',(11.4,-12.3,2.));
#5063=CARTESIAN_POINT('',(10.5,-7.5,2.));
#5064=CARTESIAN_POINT('',(10.5,-12.5,2.));
#5065=CARTESIAN_POINT('',(8.,-7.5,2.));
#5066=CARTESIAN_POINT('Origin',(13.,-7.5,10.000012));
#5067=CARTESIAN_POINT('',(12.7500060000001,-7.5,10.2500059999999));
#5068=CARTESIAN_POINT('',(10.5,-7.5,-2.));
#5069=CARTESIAN_POINT('',(10.5,-7.5,2.));
#5070=CARTESIAN_POINT('',(9.50000000000001,-7.5,-2.));
#5071=CARTESIAN_POINT('',(6.5,-7.5,-2.));
#5072=CARTESIAN_POINT('',(9.50000000000001,-7.5,2.));
#5073=CARTESIAN_POINT('',(7.50000000000001,-7.5,2.));
#5074=CARTESIAN_POINT('',(6.5,-7.5,2.));
#5075=CARTESIAN_POINT('Origin',(9.,5.,10.));
#5076=CARTESIAN_POINT('',(9.,-3.,10.));
#5077=CARTESIAN_POINT('',(9.,2.99999999999997,10.));
#5078=CARTESIAN_POINT('Origin',(6.,5.,10.));
#5079=CARTESIAN_POINT('',(-6.99999999999997,5.,-6.));
#5080=CARTESIAN_POINT('',(6.99999999999998,5.,10.));
#5081=CARTESIAN_POINT('Origin',(-9.,5.,10.));
#5082=CARTESIAN_POINT('',(-9.,-2.99999999999997,10.));
#5083=CARTESIAN_POINT('',(-9.,3.,10.));
#5084=CARTESIAN_POINT('Origin',(6.,-5.,10.));
#5085=CARTESIAN_POINT('',(-6.99999999999998,-5.,10.));
#5086=CARTESIAN_POINT('',(6.99999999999997,-5.,10.));
#5087=CARTESIAN_POINT('Origin',(-11.,0.499999999999999,10.));
#5088=CARTESIAN_POINT('',(-11.,0.499999999999999,10.));
#5089=CARTESIAN_POINT('Origin',(-11.,0.499999999999999,10.));
#5090=CARTESIAN_POINT('Origin',(-11.661022401979,-2.53441776427484,10.));
#5091=CARTESIAN_POINT('',(-11.661022401979,-2.53441776427484,10.));
#5092=CARTESIAN_POINT('Origin',(-11.661022401979,-2.53441776427484,10.));
#5093=CARTESIAN_POINT('Origin',(-13.9793867699776,-4.60077408428827,10.));
#5094=CARTESIAN_POINT('',(-13.9793867699776,-4.60077408428827,10.));
#5095=CARTESIAN_POINT('Origin',(-13.9793867699776,-4.60077408428827,10.));
#5096=CARTESIAN_POINT('Origin',(-17.0695567137271,-4.90979107866325,10.));
#5097=CARTESIAN_POINT('',(-17.0695567137271,-4.90979107866325,10.));
#5098=CARTESIAN_POINT('Origin',(-17.0695567137271,-4.90979107866325,10.));
#5099=CARTESIAN_POINT('Origin',(-19.7511923457285,-3.34343475864987,10.));
#5100=CARTESIAN_POINT('',(-19.7511923457285,-3.34343475864987,10.));
#5101=CARTESIAN_POINT('Origin',(-19.7511923457285,-3.34343475864987,10.));
#5102=CARTESIAN_POINT('Origin',(-21.,-0.499999999999999,10.));
#5103=CARTESIAN_POINT('',(-21.,-0.499999999999999,10.));
#5104=CARTESIAN_POINT('Origin',(-21.,-0.499999999999999,10.));
#5105=CARTESIAN_POINT('Origin',(-20.338977598021,2.53441776427487,10.));
#5106=CARTESIAN_POINT('',(-20.338977598021,2.53441776427487,10.));
#5107=CARTESIAN_POINT('Origin',(-20.338977598021,2.53441776427487,10.));
#5108=CARTESIAN_POINT('Origin',(-18.0206132300223,4.60077408428829,10.));
#5109=CARTESIAN_POINT('',(-18.0206132300223,4.60077408428829,10.));
#5110=CARTESIAN_POINT('Origin',(-18.0206132300223,4.60077408428829,10.));
#5111=CARTESIAN_POINT('Origin',(-14.9304432862729,4.90979107866325,10.));
#5112=CARTESIAN_POINT('',(-14.9304432862729,4.90979107866325,10.));
#5113=CARTESIAN_POINT('Origin',(-14.9304432862729,4.90979107866325,10.));
#5114=CARTESIAN_POINT('Origin',(-12.2488076542715,3.34343475864985,10.));
#5115=CARTESIAN_POINT('',(-12.2488076542715,3.34343475864985,10.));
#5116=CARTESIAN_POINT('Origin',(-12.2488076542715,3.34343475864985,10.));
#5117=CARTESIAN_POINT('Origin',(20.338977598021,-2.53441776427484,10.));
#5118=CARTESIAN_POINT('',(20.338977598021,-2.53441776427484,10.));
#5119=CARTESIAN_POINT('Origin',(20.338977598021,-2.53441776427484,10.));
#5120=CARTESIAN_POINT('Origin',(18.0206132300224,-4.60077408428827,10.));
#5121=CARTESIAN_POINT('',(18.0206132300224,-4.60077408428827,10.));
#5122=CARTESIAN_POINT('Origin',(18.0206132300224,-4.60077408428827,10.));
#5123=CARTESIAN_POINT('Origin',(14.9304432862729,-4.90979107866325,10.));
#5124=CARTESIAN_POINT('',(14.9304432862729,-4.90979107866325,10.));
#5125=CARTESIAN_POINT('Origin',(14.9304432862729,-4.90979107866325,10.));
#5126=CARTESIAN_POINT('Origin',(12.2488076542715,-3.34343475864987,10.));
#5127=CARTESIAN_POINT('',(12.2488076542715,-3.34343475864987,10.));
#5128=CARTESIAN_POINT('Origin',(12.2488076542715,-3.34343475864987,10.));
#5129=CARTESIAN_POINT('Origin',(11.,-0.499999999999999,10.));
#5130=CARTESIAN_POINT('',(11.,-0.499999999999999,10.));
#5131=CARTESIAN_POINT('Origin',(11.,-0.499999999999999,10.));
#5132=CARTESIAN_POINT('Origin',(11.661022401979,2.53441776427487,10.));
#5133=CARTESIAN_POINT('',(11.661022401979,2.53441776427487,10.));
#5134=CARTESIAN_POINT('Origin',(11.661022401979,2.53441776427487,10.));
#5135=CARTESIAN_POINT('Origin',(13.9793867699777,4.60077408428829,10.));
#5136=CARTESIAN_POINT('',(13.9793867699777,4.60077408428829,10.));
#5137=CARTESIAN_POINT('Origin',(13.9793867699777,4.60077408428829,10.));
#5138=CARTESIAN_POINT('Origin',(17.0695567137271,4.90979107866325,10.));
#5139=CARTESIAN_POINT('',(17.0695567137271,4.90979107866325,10.));
#5140=CARTESIAN_POINT('Origin',(17.0695567137271,4.90979107866325,10.));
#5141=CARTESIAN_POINT('Origin',(19.7511923457285,3.34343475864985,10.));
#5142=CARTESIAN_POINT('',(19.7511923457285,3.34343475864985,10.));
#5143=CARTESIAN_POINT('Origin',(19.7511923457285,3.34343475864985,10.));
#5144=CARTESIAN_POINT('Origin',(21.,0.499999999999999,10.));
#5145=CARTESIAN_POINT('',(21.,0.499999999999999,10.));
#5146=CARTESIAN_POINT('Origin',(21.,0.499999999999999,10.));
#5147=CARTESIAN_POINT('Origin',(-23.,-8.8,-6.));
#5148=CARTESIAN_POINT('Origin',(-23.,-8.8,-6.));
#5149=CARTESIAN_POINT('Origin',(0.,-12.5,0.));
#5150=CARTESIAN_POINT('',(9.50000000000001,-12.5,-2.));
#5151=CARTESIAN_POINT('',(9.50000000000001,-12.5,2.));
#5152=CARTESIAN_POINT('',(11.4,-12.5,-2.));
#5153=CARTESIAN_POINT('',(6.5,-12.5,-2.));
#5154=CARTESIAN_POINT('',(11.4,-12.5,3.4212670403552));
#5155=CARTESIAN_POINT('Origin',(6.5,-12.5,-2.));
#5156=CARTESIAN_POINT('',(9.50000000000001,-3.02786404500042,-2.));
#5157=CARTESIAN_POINT('',(10.5,-11.4,-2.));
#5158=CARTESIAN_POINT('',(10.5,-12.5,-2.));
#5159=CARTESIAN_POINT('',(11.4,-12.3,-2.));
#5160=CARTESIAN_POINT('',(11.4,-12.3,-2.));
#5161=CARTESIAN_POINT('',(11.4,-12.5,-2.));
#5162=CARTESIAN_POINT('Origin',(6.5,-12.5,2.));
#5163=CARTESIAN_POINT('',(6.50000000000001,-11.4,3.4212670403552));
#5164=CARTESIAN_POINT('Origin',(10.5,-12.5,2.));
#5165=CARTESIAN_POINT('',(10.5,-11.4,3.4212670403552));
#5166=CARTESIAN_POINT('Origin',(7.50000000000001,-3.02786404500042,2.));
#5167=CARTESIAN_POINT('Origin',(9.50000000000001,-3.02786404500042,2.));
#5168=CARTESIAN_POINT('Origin',(11.4,-12.3,3.4212670403552));
#5169=CARTESIAN_POINT('',(11.4,-12.3,3.4212670403552));
#5170=CARTESIAN_POINT('Origin',(11.4,-12.5,3.4212670403552));
#5171=CARTESIAN_POINT('Origin',(5.60000000000001,-12.5,3.4212670403552));
#5172=CARTESIAN_POINT('',(5.60000000000001,-12.3,3.4212670403552));
#5173=CARTESIAN_POINT('Origin',(5.60000000000001,-12.3,3.4212670403552));
#5174=CARTESIAN_POINT('Origin',(-9.,-2.99999999999997,10.));
#5175=CARTESIAN_POINT('Origin',(-6.99999999999997,5.,10.));
#5176=CARTESIAN_POINT('Origin',(6.99999999999997,-5.,10.));
#5177=CARTESIAN_POINT('Origin',(9.,2.99999999999997,10.));
#5178=CARTESIAN_POINT('Origin',(19.2,-6.5,10.));
#5179=CARTESIAN_POINT('Origin',(0.,0.,1.5));
#5180=CARTESIAN_POINT('',(4.,-6.5,1.5));
#5181=CARTESIAN_POINT('Origin',(4.,-6.5,1.5));
#5182=CARTESIAN_POINT('',(52.,-1.94925792538853E-14,11.));
#5183=UNCERTAINTY_MEASURE_WITH_UNIT(LENGTH_MEASURE(0.01),#5189,
'DISTANCE_ACCURACY_VALUE',
'Maximum model space distance between geometric entities at asserted c
onnectivities');
#5184=UNCERTAINTY_MEASURE_WITH_UNIT(LENGTH_MEASURE(0.01),#5189,
'DISTANCE_ACCURACY_VALUE',
'Maximum model space distance between geometric entities at asserted c
onnectivities');
#5185=UNCERTAINTY_MEASURE_WITH_UNIT(LENGTH_MEASURE(0.01),#5189,
'DISTANCE_ACCURACY_VALUE',
'Maximum model space distance between geometric entities at asserted c
onnectivities');
#5186=(
GEOMETRIC_REPRESENTATION_CONTEXT(3)
GLOBAL_UNCERTAINTY_ASSIGNED_CONTEXT((#5183))
GLOBAL_UNIT_ASSIGNED_CONTEXT((#5189,#5191,#5192))
REPRESENTATION_CONTEXT('','3D')
);
#5187=(
GEOMETRIC_REPRESENTATION_CONTEXT(3)
GLOBAL_UNCERTAINTY_ASSIGNED_CONTEXT((#5184))
GLOBAL_UNIT_ASSIGNED_CONTEXT((#5189,#5191,#5192))
REPRESENTATION_CONTEXT('','3D')
);
#5188=(
GEOMETRIC_REPRESENTATION_CONTEXT(3)
GLOBAL_UNCERTAINTY_ASSIGNED_CONTEXT((#5185))
GLOBAL_UNIT_ASSIGNED_CONTEXT((#5189,#5191,#5192))
REPRESENTATION_CONTEXT('','3D')
);
#5189=(
LENGTH_UNIT()
NAMED_UNIT(*)
SI_UNIT(.MILLI.,.METRE.)
);
#5190=(
LENGTH_UNIT()
NAMED_UNIT(*)
SI_UNIT($,.METRE.)
);
#5191=(
NAMED_UNIT(*)
PLANE_ANGLE_UNIT()
SI_UNIT($,.RADIAN.)
);
#5192=(
NAMED_UNIT(*)
SI_UNIT($,.STERADIAN.)
SOLID_ANGLE_UNIT()
);
#5193=SHAPE_DEFINITION_REPRESENTATION(#5195,#5198);
#5194=SHAPE_DEFINITION_REPRESENTATION(#5196,#5199);
#5195=PRODUCT_DEFINITION_SHAPE('',$,#5201);
#5196=PRODUCT_DEFINITION_SHAPE('',$,#5202);
#5197=PRODUCT_DEFINITION_SHAPE($,$,#14);
#5198=SHAPE_REPRESENTATION('',(#3222,#3434),#5186);
#5199=SHAPE_REPRESENTATION('',(#3223),#5187);
#5200=PRODUCT_DEFINITION_CONTEXT('part definition',#5208,'design');
#5201=PRODUCT_DEFINITION('RB9.01.062.000 Gripper',
'The Microscope Slide Gripper v18',#5203,#5200);
#5202=PRODUCT_DEFINITION('RB9.01.062.020 Clamp',
'RB9.01.062.020 Clamp (1)',#5204,#5200);
#5203=PRODUCT_DEFINITION_FORMATION('',$,#5210);
#5204=PRODUCT_DEFINITION_FORMATION('',$,#5211);
#5205=PRODUCT_RELATED_PRODUCT_CATEGORY(
'The Microscope Slide Gripper v18','The Microscope Slide Gripper v18',(#5210));
#5206=PRODUCT_RELATED_PRODUCT_CATEGORY('RB9.01.062.020 Clamp (1)',
'RB9.01.062.020 Clamp (1)',(#5211));
#5207=APPLICATION_PROTOCOL_DEFINITION('international standard',
'automotive_design',2009,#5208);
#5208=APPLICATION_CONTEXT(
'Core Data for Automotive Mechanical Design Process');
#5209=PRODUCT_CONTEXT('part definition',#5208,'mechanical');
#5210=PRODUCT('RB9.01.062.000 Gripper',
'The Microscope Slide Gripper v18','STEP AP214',(#5209));
#5211=PRODUCT('RB9.01.062.020 Clamp','RB9.01.062.020 Clamp (1)',$,(#5209));
#5212=PRESENTATION_STYLE_ASSIGNMENT((#5214));
#5213=PRESENTATION_STYLE_ASSIGNMENT((#5215));
#5214=SURFACE_STYLE_USAGE(.BOTH.,#5216);
#5215=SURFACE_STYLE_USAGE(.BOTH.,#5217);
#5216=SURFACE_SIDE_STYLE('',(#5218));
#5217=SURFACE_SIDE_STYLE('',(#5219));
#5218=SURFACE_STYLE_FILL_AREA(#5220);
#5219=SURFACE_STYLE_FILL_AREA(#5221);
#5220=FILL_AREA_STYLE('Steel - Satin',(#5222));
#5221=FILL_AREA_STYLE('Opaque(128,255,128)',(#5223));
#5222=FILL_AREA_STYLE_COLOUR('Steel - Satin',#5224);
#5223=FILL_AREA_STYLE_COLOUR('Opaque(128,255,128)',#5225);
#5224=COLOUR_RGB('Steel - Satin',0.627450980392157,0.627450980392157,0.627450980392157);
#5225=COLOUR_RGB('Opaque(128,255,128)',0.501960784313725,1.,0.501960784313725);
ENDSEC;
END-ISO-10303-21;
