ISO-10303-21;
HEADER;
/* Generated by software containing ST-Developer
 * from STEP Tools, Inc. (www.steptools.com) 
 */

FILE_DESCRIPTION(
/* description */ ('STEP AP214'),
/* implementation_level */ '2;1');

FILE_NAME(
/* name */ 'Microscope Slide Camera Holder for Arducam.step',
/* time_stamp */ '2026-07-14T13:42:40-07:00',
/* author */ (''),
/* organization */ (''),
/* preprocessor_version */ 'ST-DEVELOPER v20.1',
/* originating_system */ 'Autodesk Translation Framework v15.8.0.0',
/* authorisation */ '');

FILE_SCHEMA (('AUTOMOTIVE_DESIGN { 1 0 10303 214 3 1 1 }'));
ENDSEC;

DATA;
#10=MECHANICAL_DESIGN_GEOMETRIC_PRESENTATION_REPRESENTATION('',(#17),#4663);
#11=ITEM_DEFINED_TRANSFORMATION($,$,#2745,#3004);
#12=(
REPRESENTATION_RELATIONSHIP($,$,#4674,#4673)
REPRESENTATION_RELATIONSHIP_WITH_TRANSFORMATION(#11)
SHAPE_REPRESENTATION_RELATIONSHIP()
);
#13=CONTEXT_DEPENDENT_SHAPE_REPRESENTATION(#12,#4672);
#14=NEXT_ASSEMBLY_USAGE_OCCURRENCE(
'RB9.01.062.070 Camera holder_follower + camera:1',
'RB9.01.062.070 Camera holder_follower + camera:1',
'RB9.01.062.070 Camera holder_follower + camera:1',#4676,#4677,
'RB9.01.062.070 Camera holder_follower + camera:1');
#15=SHAPE_REPRESENTATION_RELATIONSHIP('SRR','None',#4674,#16);
#16=ADVANCED_BREP_SHAPE_REPRESENTATION('',(#18),#4662);
#17=STYLED_ITEM('',(#4688),#18);
#18=MANIFOLD_SOLID_BREP('Body1',#2731);
#19=(
BOUNDED_CURVE()
B_SPLINE_CURVE(2,(#4116,#4117,#4118),.UNSPECIFIED.,.F.,.F.)
B_SPLINE_CURVE_WITH_KNOTS((3,3),(-2.30529550053875,-0.835150327683726),
 .UNSPECIFIED.)
CURVE()
GEOMETRIC_REPRESENTATION_ITEM()
RATIONAL_B_SPLINE_CURVE((1.22357723577234,1.34907233687723,1.22357723577234))
REPRESENTATION_ITEM('')
);
#20=(
BOUNDED_CURVE()
B_SPLINE_CURVE(2,(#4256,#4257,#4258),.UNSPECIFIED.,.F.,.F.)
B_SPLINE_CURVE_WITH_KNOTS((3,3),(0.137964321285083,0.357770876399967),
 .UNSPECIFIED.)
CURVE()
GEOMETRIC_REPRESENTATION_ITEM()
RATIONAL_B_SPLINE_CURVE((1.51878306203469,1.83333333333334,1.83333333333334))
REPRESENTATION_ITEM('')
);
#21=(
BOUNDED_CURVE()
B_SPLINE_CURVE(2,(#4266,#4267,#4268),.UNSPECIFIED.,.F.,.F.)
B_SPLINE_CURVE_WITH_KNOTS((3,3),(0.357770876399965,0.57757743151485),
 .UNSPECIFIED.)
CURVE()
GEOMETRIC_REPRESENTATION_ITEM()
RATIONAL_B_SPLINE_CURVE((1.83333333333334,1.83333333333334,1.51878306203469))
REPRESENTATION_ITEM('')
);
#22=(
BOUNDED_CURVE()
B_SPLINE_CURVE(2,(#4272,#4273,#4274),.UNSPECIFIED.,.F.,.F.)
B_SPLINE_CURVE_WITH_KNOTS((3,3),(0.137964321285083,0.357770876399966),
 .UNSPECIFIED.)
CURVE()
GEOMETRIC_REPRESENTATION_ITEM()
RATIONAL_B_SPLINE_CURVE((1.51878306203468,1.83333333333333,1.83333333333333))
REPRESENTATION_ITEM('')
);
#23=(
BOUNDED_CURVE()
B_SPLINE_CURVE(2,(#4282,#4283,#4284),.UNSPECIFIED.,.F.,.F.)
B_SPLINE_CURVE_WITH_KNOTS((3,3),(0.357770876399967,0.577577431514851),
 .UNSPECIFIED.)
CURVE()
GEOMETRIC_REPRESENTATION_ITEM()
RATIONAL_B_SPLINE_CURVE((1.83333333333334,1.83333333333334,1.51878306203469))
REPRESENTATION_ITEM('')
);
#24=(
BOUNDED_CURVE()
B_SPLINE_CURVE(2,(#4288,#4289,#4290),.UNSPECIFIED.,.F.,.F.)
B_SPLINE_CURVE_WITH_KNOTS((3,3),(0.307452694091964,0.645671055367225),
 .UNSPECIFIED.)
CURVE()
GEOMETRIC_REPRESENTATION_ITEM()
RATIONAL_B_SPLINE_CURVE((2.21080981665848,2.66868352160223,2.66868352160223))
REPRESENTATION_ITEM('')
);
#25=(
BOUNDED_CURVE()
B_SPLINE_CURVE(2,(#4306,#4307,#4308),.UNSPECIFIED.,.F.,.F.)
B_SPLINE_CURVE_WITH_KNOTS((3,3),(0.645671055367225,0.983889416642486),
 .UNSPECIFIED.)
CURVE()
GEOMETRIC_REPRESENTATION_ITEM()
RATIONAL_B_SPLINE_CURVE((2.66868352160224,2.66868352160224,2.21080981665848))
REPRESENTATION_ITEM('')
);
#26=(
BOUNDED_CURVE()
B_SPLINE_CURVE(2,(#4312,#4313,#4314),.UNSPECIFIED.,.F.,.F.)
B_SPLINE_CURVE_WITH_KNOTS((3,3),(0.30745246250654,0.645670660914802),
 .UNSPECIFIED.)
CURVE()
GEOMETRIC_REPRESENTATION_ITEM()
RATIONAL_B_SPLINE_CURVE((2.21080886209585,2.66868236934321,2.66868236934321))
REPRESENTATION_ITEM('')
);
#27=(
BOUNDED_CURVE()
B_SPLINE_CURVE(2,(#4332,#4333,#4334),.UNSPECIFIED.,.F.,.F.)
B_SPLINE_CURVE_WITH_KNOTS((3,3),(0.645670660914803,0.983888859323065),
 .UNSPECIFIED.)
CURVE()
GEOMETRIC_REPRESENTATION_ITEM()
RATIONAL_B_SPLINE_CURVE((2.6686823693432,2.6686823693432,2.21080886209584))
REPRESENTATION_ITEM('')
);
#28=(
BOUNDED_CURVE()
B_SPLINE_CURVE(2,(#4367,#4368,#4369),.UNSPECIFIED.,.F.,.F.)
B_SPLINE_CURVE_WITH_KNOTS((3,3),(-2.16963476578528,-0.581946597721887),
 .UNSPECIFIED.)
CURVE()
GEOMETRIC_REPRESENTATION_ITEM()
RATIONAL_B_SPLINE_CURVE((1.16528925619834,1.3302859650406,1.16528925619834))
REPRESENTATION_ITEM('')
);
#29=B_SPLINE_CURVE_WITH_KNOTS('',3,(#4105,#4106,#4107,#4108,#4109,#4110,
#4111,#4112),.UNSPECIFIED.,.F.,.F.,(4,2,2,4),(-3.30584759610738,-3.28583172761588,
-3.02960894434963,-2.99460128465496),.UNSPECIFIED.);
#30=B_SPLINE_CURVE_WITH_KNOTS('',3,(#4122,#4123,#4124,#4125,#4126,#4127,
#4128,#4129),.UNSPECIFIED.,.F.,.F.,(4,2,2,4),(1.62002613339125,1.63775496990318,
1.85793861005689,1.92473434406603),.UNSPECIFIED.);
#31=B_SPLINE_CURVE_WITH_KNOTS('',3,(#4218,#4219,#4220,#4221,#4222,#4223,
#4224,#4225,#4226,#4227,#4228,#4229,#4230,#4231),.UNSPECIFIED.,.F.,.F.,
(4,2,2,2,2,2,4),(2.77018522006566,2.97119152269488,3.08063473258159,3.19007794246831,
3.29952115235502,3.40896436224174,3.44288900078755),.UNSPECIFIED.);
#32=B_SPLINE_CURVE_WITH_KNOTS('',3,(#4233,#4234,#4235,#4236),
 .UNSPECIFIED.,.F.,.F.,(4,4),(3.44288900078755,3.6099702456228),
 .UNSPECIFIED.);
#33=B_SPLINE_CURVE_WITH_KNOTS('',3,(#4239,#4240,#4241,#4242,#4243,#4244,
#4245,#4246,#4247,#4248,#4249,#4250,#4251,#4252),.UNSPECIFIED.,.F.,.F.,
(4,2,2,2,2,2,4),(2.77018522006566,2.97119152269488,3.08063473258159,3.19007794246831,
3.29952115235502,3.40896436224174,3.60997066487095),.UNSPECIFIED.);
#34=B_SPLINE_CURVE_WITH_KNOTS('',3,(#4296,#4297,#4298,#4299,#4300,#4301,
#4302,#4303),.UNSPECIFIED.,.F.,.F.,(4,2,2,4),(2.5152173654895,2.5661300579881,
2.75441142831109,2.84940189326109),.UNSPECIFIED.);
#35=B_SPLINE_CURVE_WITH_KNOTS('',3,(#4321,#4322,#4323,#4324,#4325,#4326,
#4327,#4328),.UNSPECIFIED.,.F.,.F.,(4,2,2,4),(2.43647441029569,2.53146487524568,
2.71974624556867,2.77065893806727),.UNSPECIFIED.);
#36=CONICAL_SURFACE('',#2843,9.89999999999999,0.785398163397443);
#37=CONICAL_SURFACE('',#2846,10.9,0.785398163397446);
#38=CONICAL_SURFACE('',#2879,2.2,0.785398163397448);
#39=CONICAL_SURFACE('',#2883,2.2,0.785398163397447);
#40=CONICAL_SURFACE('',#2887,2.2,0.785398163397448);
#41=CONICAL_SURFACE('',#2891,2.2,0.785398163397448);
#42=CONICAL_SURFACE('',#2903,10.9,0.785398163397446);
#43=FACE_BOUND('',#858,.T.);
#44=FACE_BOUND('',#862,.T.);
#45=FACE_BOUND('',#866,.T.);
#46=FACE_BOUND('',#870,.T.);
#47=FACE_BOUND('',#874,.T.);
#48=FACE_BOUND('',#875,.T.);
#49=FACE_BOUND('',#876,.T.);
#50=FACE_BOUND('',#877,.T.);
#51=FACE_BOUND('',#878,.T.);
#52=FACE_BOUND('',#891,.T.);
#53=FACE_BOUND('',#892,.T.);
#54=FACE_BOUND('',#893,.T.);
#55=FACE_BOUND('',#894,.T.);
#56=FACE_BOUND('',#895,.T.);
#57=FACE_BOUND('',#901,.T.);
#58=FACE_BOUND('',#902,.T.);
#59=FACE_BOUND('',#903,.T.);
#60=FACE_BOUND('',#904,.T.);
#61=FACE_BOUND('',#905,.T.);
#62=FACE_BOUND('',#939,.T.);
#63=FACE_BOUND('',#940,.T.);
#64=FACE_BOUND('',#941,.T.);
#65=FACE_BOUND('',#942,.T.);
#66=FACE_BOUND('',#943,.T.);
#67=FACE_BOUND('',#957,.T.);
#68=FACE_BOUND('',#959,.T.);
#69=FACE_BOUND('',#961,.T.);
#70=FACE_BOUND('',#963,.T.);
#71=FACE_BOUND('',#983,.T.);
#72=FACE_BOUND('',#1022,.T.);
#73=FACE_BOUND('',#1023,.T.);
#74=PLANE('',#2753);
#75=PLANE('',#2762);
#76=PLANE('',#2771);
#77=PLANE('',#2780);
#78=PLANE('',#2785);
#79=PLANE('',#2786);
#80=PLANE('',#2797);
#81=PLANE('',#2800);
#82=PLANE('',#2809);
#83=PLANE('',#2810);
#84=PLANE('',#2811);
#85=PLANE('',#2812);
#86=PLANE('',#2813);
#87=PLANE('',#2815);
#88=PLANE('',#2816);
#89=PLANE('',#2836);
#90=PLANE('',#2837);
#91=PLANE('',#2842);
#92=PLANE('',#2896);
#93=PLANE('',#2902);
#94=PLANE('',#2906);
#95=PLANE('',#2911);
#96=PLANE('',#2912);
#97=PLANE('',#2913);
#98=PLANE('',#2914);
#99=PLANE('',#2917);
#100=PLANE('',#2918);
#101=PLANE('',#2919);
#102=PLANE('',#2922);
#103=PLANE('',#2923);
#104=PLANE('',#2924);
#105=PLANE('',#2929);
#106=PLANE('',#2935);
#107=PLANE('',#2936);
#108=PLANE('',#2937);
#109=PLANE('',#2938);
#110=PLANE('',#2939);
#111=PLANE('',#2940);
#112=PLANE('',#2941);
#113=PLANE('',#2942);
#114=PLANE('',#2943);
#115=PLANE('',#2944);
#116=PLANE('',#2945);
#117=PLANE('',#2946);
#118=PLANE('',#2947);
#119=PLANE('',#2948);
#120=PLANE('',#2949);
#121=PLANE('',#2950);
#122=PLANE('',#2951);
#123=PLANE('',#2952);
#124=PLANE('',#2953);
#125=PLANE('',#2954);
#126=PLANE('',#2955);
#127=PLANE('',#2956);
#128=PLANE('',#2957);
#129=PLANE('',#2974);
#130=PLANE('',#2975);
#131=PLANE('',#2976);
#132=PLANE('',#2977);
#133=PLANE('',#2978);
#134=PLANE('',#2979);
#135=PLANE('',#2980);
#136=PLANE('',#2981);
#137=PLANE('',#2982);
#138=PLANE('',#2983);
#139=PLANE('',#2984);
#140=PLANE('',#2985);
#141=PLANE('',#2986);
#142=PLANE('',#2987);
#143=PLANE('',#2988);
#144=PLANE('',#2989);
#145=PLANE('',#2990);
#146=PLANE('',#2991);
#147=PLANE('',#2992);
#148=PLANE('',#2993);
#149=PLANE('',#2994);
#150=PLANE('',#2995);
#151=PLANE('',#2996);
#152=PLANE('',#2997);
#153=PLANE('',#2998);
#154=PLANE('',#2999);
#155=PLANE('',#3000);
#156=PLANE('',#3001);
#157=PLANE('',#3002);
#158=PLANE('',#3003);
#159=LINE('',#3797,#417);
#160=LINE('',#3812,#418);
#161=LINE('',#3827,#419);
#162=LINE('',#3842,#420);
#163=LINE('',#3852,#421);
#164=LINE('',#3855,#422);
#165=LINE('',#3858,#423);
#166=LINE('',#3860,#424);
#167=LINE('',#3861,#425);
#168=LINE('',#3864,#426);
#169=LINE('',#3868,#427);
#170=LINE('',#3872,#428);
#171=LINE('',#3876,#429);
#172=LINE('',#3878,#430);
#173=LINE('',#3880,#431);
#174=LINE('',#3882,#432);
#175=LINE('',#3884,#433);
#176=LINE('',#3886,#434);
#177=LINE('',#3888,#435);
#178=LINE('',#3889,#436);
#179=LINE('',#3902,#437);
#180=LINE('',#3905,#438);
#181=LINE('',#3908,#439);
#182=LINE('',#3909,#440);
#183=LINE('',#3912,#441);
#184=LINE('',#3915,#442);
#185=LINE('',#3917,#443);
#186=LINE('',#3921,#444);
#187=LINE('',#3925,#445);
#188=LINE('',#3927,#446);
#189=LINE('',#3929,#447);
#190=LINE('',#3931,#448);
#191=LINE('',#3933,#449);
#192=LINE('',#3936,#450);
#193=LINE('',#3937,#451);
#194=LINE('',#3940,#452);
#195=LINE('',#3942,#453);
#196=LINE('',#3943,#454);
#197=LINE('',#3944,#455);
#198=LINE('',#3947,#456);
#199=LINE('',#3949,#457);
#200=LINE('',#3950,#458);
#201=LINE('',#3954,#459);
#202=LINE('',#3958,#460);
#203=LINE('',#3960,#461);
#204=LINE('',#3962,#462);
#205=LINE('',#3963,#463);
#206=LINE('',#3966,#464);
#207=LINE('',#3970,#465);
#208=LINE('',#3972,#466);
#209=LINE('',#3974,#467);
#210=LINE('',#3980,#468);
#211=LINE('',#3984,#469);
#212=LINE('',#3990,#470);
#213=LINE('',#3996,#471);
#214=LINE('',#4000,#472);
#215=LINE('',#4006,#473);
#216=LINE('',#4008,#474);
#217=LINE('',#4010,#475);
#218=LINE('',#4012,#476);
#219=LINE('',#4016,#477);
#220=LINE('',#4020,#478);
#221=LINE('',#4022,#479);
#222=LINE('',#4026,#480);
#223=LINE('',#4030,#481);
#224=LINE('',#4032,#482);
#225=LINE('',#4034,#483);
#226=LINE('',#4036,#484);
#227=LINE('',#4037,#485);
#228=LINE('',#4040,#486);
#229=LINE('',#4042,#487);
#230=LINE('',#4046,#488);
#231=LINE('',#4048,#489);
#232=LINE('',#4052,#490);
#233=LINE('',#4054,#491);
#234=LINE('',#4058,#492);
#235=LINE('',#4060,#493);
#236=LINE('',#4064,#494);
#237=LINE('',#4066,#495);
#238=LINE('',#4068,#496);
#239=LINE('',#4069,#497);
#240=LINE('',#4072,#498);
#241=LINE('',#4074,#499);
#242=LINE('',#4076,#500);
#243=LINE('',#4078,#501);
#244=LINE('',#4080,#502);
#245=LINE('',#4086,#503);
#246=LINE('',#4090,#504);
#247=LINE('',#4092,#505);
#248=LINE('',#4093,#506);
#249=LINE('',#4098,#507);
#250=LINE('',#4136,#508);
#251=LINE('',#4140,#509);
#252=LINE('',#4143,#510);
#253=LINE('',#4144,#511);
#254=LINE('',#4150,#512);
#255=LINE('',#4153,#513);
#256=LINE('',#4159,#514);
#257=LINE('',#4162,#515);
#258=LINE('',#4163,#516);
#259=LINE('',#4169,#517);
#260=LINE('',#4172,#518);
#261=LINE('',#4177,#519);
#262=LINE('',#4179,#520);
#263=LINE('',#4183,#521);
#264=LINE('',#4186,#522);
#265=LINE('',#4192,#523);
#266=LINE('',#4195,#524);
#267=LINE('',#4200,#525);
#268=LINE('',#4202,#526);
#269=LINE('',#4205,#527);
#270=LINE('',#4211,#528);
#271=LINE('',#4214,#529);
#272=LINE('',#4216,#530);
#273=LINE('',#4262,#531);
#274=LINE('',#4278,#532);
#275=LINE('',#4293,#533);
#276=LINE('',#4318,#534);
#277=LINE('',#4337,#535);
#278=LINE('',#4341,#536);
#279=LINE('',#4344,#537);
#280=LINE('',#4345,#538);
#281=LINE('',#4351,#539);
#282=LINE('',#4354,#540);
#283=LINE('',#4357,#541);
#284=LINE('',#4359,#542);
#285=LINE('',#4361,#543);
#286=LINE('',#4362,#544);
#287=LINE('',#4373,#545);
#288=LINE('',#4375,#546);
#289=LINE('',#4376,#547);
#290=LINE('',#4377,#548);
#291=LINE('',#4379,#549);
#292=LINE('',#4380,#550);
#293=LINE('',#4382,#551);
#294=LINE('',#4383,#552);
#295=LINE('',#4385,#553);
#296=LINE('',#4386,#554);
#297=LINE('',#4388,#555);
#298=LINE('',#4389,#556);
#299=LINE('',#4391,#557);
#300=LINE('',#4392,#558);
#301=LINE('',#4395,#559);
#302=LINE('',#4397,#560);
#303=LINE('',#4398,#561);
#304=LINE('',#4401,#562);
#305=LINE('',#4403,#563);
#306=LINE('',#4404,#564);
#307=LINE('',#4408,#565);
#308=LINE('',#4409,#566);
#309=LINE('',#4410,#567);
#310=LINE('',#4412,#568);
#311=LINE('',#4417,#569);
#312=LINE('',#4418,#570);
#313=LINE('',#4420,#571);
#314=LINE('',#4421,#572);
#315=LINE('',#4423,#573);
#316=LINE('',#4424,#574);
#317=LINE('',#4426,#575);
#318=LINE('',#4427,#576);
#319=LINE('',#4429,#577);
#320=LINE('',#4430,#578);
#321=LINE('',#4433,#579);
#322=LINE('',#4435,#580);
#323=LINE('',#4436,#581);
#324=LINE('',#4439,#582);
#325=LINE('',#4443,#583);
#326=LINE('',#4445,#584);
#327=LINE('',#4446,#585);
#328=LINE('',#4449,#586);
#329=LINE('',#4450,#587);
#330=LINE('',#4457,#588);
#331=LINE('',#4458,#589);
#332=LINE('',#4466,#590);
#333=LINE('',#4467,#591);
#334=LINE('',#4469,#592);
#335=LINE('',#4470,#593);
#336=LINE('',#4473,#594);
#337=LINE('',#4474,#595);
#338=LINE('',#4476,#596);
#339=LINE('',#4477,#597);
#340=LINE('',#4480,#598);
#341=LINE('',#4481,#599);
#342=LINE('',#4483,#600);
#343=LINE('',#4484,#601);
#344=LINE('',#4487,#602);
#345=LINE('',#4488,#603);
#346=LINE('',#4490,#604);
#347=LINE('',#4491,#605);
#348=LINE('',#4495,#606);
#349=LINE('',#4497,#607);
#350=LINE('',#4499,#608);
#351=LINE('',#4501,#609);
#352=LINE('',#4503,#610);
#353=LINE('',#4504,#611);
#354=LINE('',#4508,#612);
#355=LINE('',#4509,#613);
#356=LINE('',#4510,#614);
#357=LINE('',#4511,#615);
#358=LINE('',#4514,#616);
#359=LINE('',#4516,#617);
#360=LINE('',#4517,#618);
#361=LINE('',#4520,#619);
#362=LINE('',#4522,#620);
#363=LINE('',#4523,#621);
#364=LINE('',#4524,#622);
#365=LINE('',#4526,#623);
#366=LINE('',#4527,#624);
#367=LINE('',#4528,#625);
#368=LINE('',#4531,#626);
#369=LINE('',#4533,#627);
#370=LINE('',#4534,#628);
#371=LINE('',#4536,#629);
#372=LINE('',#4538,#630);
#373=LINE('',#4539,#631);
#374=LINE('',#4542,#632);
#375=LINE('',#4543,#633);
#376=LINE('',#4545,#634);
#377=LINE('',#4547,#635);
#378=LINE('',#4549,#636);
#379=LINE('',#4556,#637);
#380=LINE('',#4557,#638);
#381=LINE('',#4558,#639);
#382=LINE('',#4562,#640);
#383=LINE('',#4563,#641);
#384=LINE('',#4564,#642);
#385=LINE('',#4568,#643);
#386=LINE('',#4569,#644);
#387=LINE('',#4570,#645);
#388=LINE('',#4574,#646);
#389=LINE('',#4575,#647);
#390=LINE('',#4576,#648);
#391=LINE('',#4579,#649);
#392=LINE('',#4583,#650);
#393=LINE('',#4585,#651);
#394=LINE('',#4593,#652);
#395=LINE('',#4595,#653);
#396=LINE('',#4596,#654);
#397=LINE('',#4598,#655);
#398=LINE('',#4604,#656);
#399=LINE('',#4608,#657);
#400=LINE('',#4611,#658);
#401=LINE('',#4614,#659);
#402=LINE('',#4617,#660);
#403=LINE('',#4620,#661);
#404=LINE('',#4623,#662);
#405=LINE('',#4627,#663);
#406=LINE('',#4628,#664);
#407=LINE('',#4630,#665);
#408=LINE('',#4634,#666);
#409=LINE('',#4635,#667);
#410=LINE('',#4637,#668);
#411=LINE('',#4640,#669);
#412=LINE('',#4643,#670);
#413=LINE('',#4646,#671);
#414=LINE('',#4649,#672);
#415=LINE('',#4652,#673);
#416=LINE('',#4655,#674);
#417=VECTOR('',#3021,3.);
#418=VECTOR('',#3040,3.);
#419=VECTOR('',#3059,3.);
#420=VECTOR('',#3078,3.);
#421=VECTOR('',#3089,10.);
#422=VECTOR('',#3092,10.);
#423=VECTOR('',#3095,10.);
#424=VECTOR('',#3096,10.);
#425=VECTOR('',#3097,10.);
#426=VECTOR('',#3100,10.);
#427=VECTOR('',#3103,10.);
#428=VECTOR('',#3106,10.);
#429=VECTOR('',#3109,10.);
#430=VECTOR('',#3110,10.);
#431=VECTOR('',#3111,10.);
#432=VECTOR('',#3112,10.);
#433=VECTOR('',#3113,10.);
#434=VECTOR('',#3114,10.);
#435=VECTOR('',#3115,10.);
#436=VECTOR('',#3116,10.);
#437=VECTOR('',#3129,10.);
#438=VECTOR('',#3132,10.);
#439=VECTOR('',#3135,10.);
#440=VECTOR('',#3136,10.);
#441=VECTOR('',#3139,10.);
#442=VECTOR('',#3142,10.);
#443=VECTOR('',#3145,10.);
#444=VECTOR('',#3150,10.);
#445=VECTOR('',#3155,12.5);
#446=VECTOR('',#3158,1.75);
#447=VECTOR('',#3161,1.75);
#448=VECTOR('',#3164,1.75);
#449=VECTOR('',#3167,1.75);
#450=VECTOR('',#3170,10.);
#451=VECTOR('',#3171,10.);
#452=VECTOR('',#3174,10.);
#453=VECTOR('',#3175,10.);
#454=VECTOR('',#3176,10.);
#455=VECTOR('',#3177,10.);
#456=VECTOR('',#3180,10.);
#457=VECTOR('',#3181,1000.);
#458=VECTOR('',#3182,1000.);
#459=VECTOR('',#3187,10.);
#460=VECTOR('',#3192,1000.);
#461=VECTOR('',#3193,1000.);
#462=VECTOR('',#3194,1000.);
#463=VECTOR('',#3195,1000.);
#464=VECTOR('',#3198,1000.);
#465=VECTOR('',#3201,1000.);
#466=VECTOR('',#3202,1000.);
#467=VECTOR('',#3203,1000.);
#468=VECTOR('',#3208,1000.);
#469=VECTOR('',#3211,1000.);
#470=VECTOR('',#3216,1000.);
#471=VECTOR('',#3221,1000.);
#472=VECTOR('',#3224,1000.);
#473=VECTOR('',#3229,1000.);
#474=VECTOR('',#3230,1000.);
#475=VECTOR('',#3231,1000.);
#476=VECTOR('',#3232,1000.);
#477=VECTOR('',#3235,1000.);
#478=VECTOR('',#3238,1000.);
#479=VECTOR('',#3239,1000.);
#480=VECTOR('',#3242,1000.);
#481=VECTOR('',#3245,1000.);
#482=VECTOR('',#3246,1000.);
#483=VECTOR('',#3247,1000.);
#484=VECTOR('',#3248,1000.);
#485=VECTOR('',#3249,1000.);
#486=VECTOR('',#3250,1000.);
#487=VECTOR('',#3251,1000.);
#488=VECTOR('',#3254,1000.);
#489=VECTOR('',#3255,1000.);
#490=VECTOR('',#3258,1000.);
#491=VECTOR('',#3259,1000.);
#492=VECTOR('',#3262,1000.);
#493=VECTOR('',#3263,1000.);
#494=VECTOR('',#3268,10.);
#495=VECTOR('',#3269,10.);
#496=VECTOR('',#3270,1000.);
#497=VECTOR('',#3271,1000.);
#498=VECTOR('',#3274,10.);
#499=VECTOR('',#3275,1000.);
#500=VECTOR('',#3276,1000.);
#501=VECTOR('',#3277,1000.);
#502=VECTOR('',#3278,10.);
#503=VECTOR('',#3285,1000.);
#504=VECTOR('',#3290,10.);
#505=VECTOR('',#3291,1000.);
#506=VECTOR('',#3292,1000.);
#507=VECTOR('',#3297,9.89999999999999);
#508=VECTOR('',#3314,1000.);
#509=VECTOR('',#3317,1000.);
#510=VECTOR('',#3320,1000.);
#511=VECTOR('',#3321,1000.);
#512=VECTOR('',#3326,1000.);
#513=VECTOR('',#3329,1000.);
#514=VECTOR('',#3334,1000.);
#515=VECTOR('',#3337,1000.);
#516=VECTOR('',#3338,1000.);
#517=VECTOR('',#3343,1000.);
#518=VECTOR('',#3346,1000.);
#519=VECTOR('',#3351,1000.);
#520=VECTOR('',#3352,1000.);
#521=VECTOR('',#3355,1000.);
#522=VECTOR('',#3358,1000.);
#523=VECTOR('',#3363,1000.);
#524=VECTOR('',#3366,1000.);
#525=VECTOR('',#3371,1000.);
#526=VECTOR('',#3372,1000.);
#527=VECTOR('',#3375,1000.);
#528=VECTOR('',#3380,1000.);
#529=VECTOR('',#3383,1000.);
#530=VECTOR('',#3386,10.9);
#531=VECTOR('',#3393,2.2);
#532=VECTOR('',#3402,2.2);
#533=VECTOR('',#3411,2.2);
#534=VECTOR('',#3420,2.2);
#535=VECTOR('',#3429,1000.);
#536=VECTOR('',#3432,1000.);
#537=VECTOR('',#3435,1000.);
#538=VECTOR('',#3436,1000.);
#539=VECTOR('',#3441,1000.);
#540=VECTOR('',#3444,1000.);
#541=VECTOR('',#3447,1000.);
#542=VECTOR('',#3448,1000.);
#543=VECTOR('',#3449,1000.);
#544=VECTOR('',#3450,10.);
#545=VECTOR('',#3459,1000.);
#546=VECTOR('',#3460,1000.);
#547=VECTOR('',#3461,1000.);
#548=VECTOR('',#3462,1000.);
#549=VECTOR('',#3463,1000.);
#550=VECTOR('',#3464,1000.);
#551=VECTOR('',#3467,1000.);
#552=VECTOR('',#3468,1000.);
#553=VECTOR('',#3471,1000.);
#554=VECTOR('',#3472,1000.);
#555=VECTOR('',#3475,1000.);
#556=VECTOR('',#3476,1000.);
#557=VECTOR('',#3479,1000.);
#558=VECTOR('',#3480,1000.);
#559=VECTOR('',#3483,1000.);
#560=VECTOR('',#3484,1000.);
#561=VECTOR('',#3485,1000.);
#562=VECTOR('',#3488,1000.);
#563=VECTOR('',#3489,1000.);
#564=VECTOR('',#3490,1000.);
#565=VECTOR('',#3493,1000.);
#566=VECTOR('',#3494,1000.);
#567=VECTOR('',#3495,1000.);
#568=VECTOR('',#3498,1000.);
#569=VECTOR('',#3505,1000.);
#570=VECTOR('',#3506,1000.);
#571=VECTOR('',#3507,1000.);
#572=VECTOR('',#3508,1000.);
#573=VECTOR('',#3509,1000.);
#574=VECTOR('',#3510,1000.);
#575=VECTOR('',#3511,1000.);
#576=VECTOR('',#3512,1000.);
#577=VECTOR('',#3513,1000.);
#578=VECTOR('',#3514,1000.);
#579=VECTOR('',#3517,1000.);
#580=VECTOR('',#3518,1000.);
#581=VECTOR('',#3519,1000.);
#582=VECTOR('',#3524,1000.);
#583=VECTOR('',#3529,1000.);
#584=VECTOR('',#3530,1000.);
#585=VECTOR('',#3531,1000.);
#586=VECTOR('',#3534,1000.);
#587=VECTOR('',#3535,1000.);
#588=VECTOR('',#3548,1000.);
#589=VECTOR('',#3549,1000.);
#590=VECTOR('',#3562,1000.);
#591=VECTOR('',#3563,1000.);
#592=VECTOR('',#3564,1000.);
#593=VECTOR('',#3565,1000.);
#594=VECTOR('',#3568,1000.);
#595=VECTOR('',#3569,1000.);
#596=VECTOR('',#3570,1000.);
#597=VECTOR('',#3571,1000.);
#598=VECTOR('',#3574,1000.);
#599=VECTOR('',#3575,1000.);
#600=VECTOR('',#3576,1000.);
#601=VECTOR('',#3577,1000.);
#602=VECTOR('',#3580,1000.);
#603=VECTOR('',#3581,1000.);
#604=VECTOR('',#3582,1000.);
#605=VECTOR('',#3583,1000.);
#606=VECTOR('',#3586,1000.);
#607=VECTOR('',#3587,1000.);
#608=VECTOR('',#3588,1000.);
#609=VECTOR('',#3589,1000.);
#610=VECTOR('',#3590,1000.);
#611=VECTOR('',#3591,1000.);
#612=VECTOR('',#3594,1000.);
#613=VECTOR('',#3595,1000.);
#614=VECTOR('',#3596,1000.);
#615=VECTOR('',#3597,1000.);
#616=VECTOR('',#3600,1000.);
#617=VECTOR('',#3601,1000.);
#618=VECTOR('',#3602,1000.);
#619=VECTOR('',#3605,1000.);
#620=VECTOR('',#3606,1000.);
#621=VECTOR('',#3607,1000.);
#622=VECTOR('',#3608,1000.);
#623=VECTOR('',#3611,1000.);
#624=VECTOR('',#3612,1000.);
#625=VECTOR('',#3613,1000.);
#626=VECTOR('',#3616,1000.);
#627=VECTOR('',#3617,1000.);
#628=VECTOR('',#3618,1000.);
#629=VECTOR('',#3621,1000.);
#630=VECTOR('',#3622,1000.);
#631=VECTOR('',#3623,1000.);
#632=VECTOR('',#3626,1000.);
#633=VECTOR('',#3627,1000.);
#634=VECTOR('',#3630,1000.);
#635=VECTOR('',#3633,1000.);
#636=VECTOR('',#3636,1000.);
#637=VECTOR('',#3645,1000.);
#638=VECTOR('',#3646,1000.);
#639=VECTOR('',#3647,1000.);
#640=VECTOR('',#3650,1000.);
#641=VECTOR('',#3651,1000.);
#642=VECTOR('',#3652,1000.);
#643=VECTOR('',#3655,1000.);
#644=VECTOR('',#3656,1000.);
#645=VECTOR('',#3657,1000.);
#646=VECTOR('',#3660,1000.);
#647=VECTOR('',#3661,1000.);
#648=VECTOR('',#3662,1000.);
#649=VECTOR('',#3665,1000.);
#650=VECTOR('',#3670,1000.);
#651=VECTOR('',#3671,1000.);
#652=VECTOR('',#3684,1000.);
#653=VECTOR('',#3685,1000.);
#654=VECTOR('',#3686,1000.);
#655=VECTOR('',#3689,1000.);
#656=VECTOR('',#3700,1000.);
#657=VECTOR('',#3707,1000.);
#658=VECTOR('',#3712,1000.);
#659=VECTOR('',#3717,1000.);
#660=VECTOR('',#3722,1000.);
#661=VECTOR('',#3727,1000.);
#662=VECTOR('',#3732,1000.);
#663=VECTOR('',#3737,1000.);
#664=VECTOR('',#3738,1000.);
#665=VECTOR('',#3741,1000.);
#666=VECTOR('',#3746,1000.);
#667=VECTOR('',#3747,1000.);
#668=VECTOR('',#3750,1000.);
#669=VECTOR('',#3755,1000.);
#670=VECTOR('',#3760,1000.);
#671=VECTOR('',#3765,1000.);
#672=VECTOR('',#3770,1000.);
#673=VECTOR('',#3775,1000.);
#674=VECTOR('',#3780,1000.);
#675=CYLINDRICAL_SURFACE('',#2751,3.);
#676=CYLINDRICAL_SURFACE('',#2760,3.);
#677=CYLINDRICAL_SURFACE('',#2769,3.);
#678=CYLINDRICAL_SURFACE('',#2778,3.);
#679=CYLINDRICAL_SURFACE('',#2782,3.);
#680=CYLINDRICAL_SURFACE('',#2795,3.);
#681=CYLINDRICAL_SURFACE('',#2798,3.);
#682=CYLINDRICAL_SURFACE('',#2801,3.);
#683=CYLINDRICAL_SURFACE('',#2803,12.5);
#684=CYLINDRICAL_SURFACE('',#2805,1.75);
#685=CYLINDRICAL_SURFACE('',#2806,1.75);
#686=CYLINDRICAL_SURFACE('',#2807,1.75);
#687=CYLINDRICAL_SURFACE('',#2808,1.75);
#688=CYLINDRICAL_SURFACE('',#2839,4.);
#689=CYLINDRICAL_SURFACE('',#2851,3.25);
#690=CYLINDRICAL_SURFACE('',#2855,1.6);
#691=CYLINDRICAL_SURFACE('',#2858,3.25);
#692=CYLINDRICAL_SURFACE('',#2861,1.6);
#693=CYLINDRICAL_SURFACE('',#2864,3.25);
#694=CYLINDRICAL_SURFACE('',#2868,1.6);
#695=CYLINDRICAL_SURFACE('',#2871,3.25);
#696=CYLINDRICAL_SURFACE('',#2874,1.6);
#697=CYLINDRICAL_SURFACE('',#2877,10.9);
#698=CYLINDRICAL_SURFACE('',#2899,3.);
#699=CYLINDRICAL_SURFACE('',#2907,1.19999999999999);
#700=CYLINDRICAL_SURFACE('',#2908,1.19999999999999);
#701=CYLINDRICAL_SURFACE('',#2909,1.2);
#702=CYLINDRICAL_SURFACE('',#2910,1.19999999999999);
#703=CYLINDRICAL_SURFACE('',#2927,4.);
#704=CYLINDRICAL_SURFACE('',#2930,1.);
#705=CYLINDRICAL_SURFACE('',#2931,1.);
#706=CYLINDRICAL_SURFACE('',#2932,0.999999999999999);
#707=CYLINDRICAL_SURFACE('',#2933,1.);
#708=CYLINDRICAL_SURFACE('',#2934,1.);
#709=CYLINDRICAL_SURFACE('',#2966,2.);
#710=CYLINDRICAL_SURFACE('',#2967,2.);
#711=CYLINDRICAL_SURFACE('',#2968,2.);
#712=CYLINDRICAL_SURFACE('',#2969,2.);
#713=CYLINDRICAL_SURFACE('',#2970,2.);
#714=CYLINDRICAL_SURFACE('',#2971,2.);
#715=CYLINDRICAL_SURFACE('',#2972,2.);
#716=CYLINDRICAL_SURFACE('',#2973,2.);
#717=FACE_OUTER_BOUND('',#855,.T.);
#718=FACE_OUTER_BOUND('',#856,.T.);
#719=FACE_OUTER_BOUND('',#857,.T.);
#720=FACE_OUTER_BOUND('',#859,.T.);
#721=FACE_OUTER_BOUND('',#860,.T.);
#722=FACE_OUTER_BOUND('',#861,.T.);
#723=FACE_OUTER_BOUND('',#863,.T.);
#724=FACE_OUTER_BOUND('',#864,.T.);
#725=FACE_OUTER_BOUND('',#865,.T.);
#726=FACE_OUTER_BOUND('',#867,.T.);
#727=FACE_OUTER_BOUND('',#868,.T.);
#728=FACE_OUTER_BOUND('',#869,.T.);
#729=FACE_OUTER_BOUND('',#871,.T.);
#730=FACE_OUTER_BOUND('',#872,.T.);
#731=FACE_OUTER_BOUND('',#873,.T.);
#732=FACE_OUTER_BOUND('',#879,.T.);
#733=FACE_OUTER_BOUND('',#880,.T.);
#734=FACE_OUTER_BOUND('',#881,.T.);
#735=FACE_OUTER_BOUND('',#882,.T.);
#736=FACE_OUTER_BOUND('',#883,.T.);
#737=FACE_OUTER_BOUND('',#884,.T.);
#738=FACE_OUTER_BOUND('',#885,.T.);
#739=FACE_OUTER_BOUND('',#886,.T.);
#740=FACE_OUTER_BOUND('',#887,.T.);
#741=FACE_OUTER_BOUND('',#888,.T.);
#742=FACE_OUTER_BOUND('',#889,.T.);
#743=FACE_OUTER_BOUND('',#890,.T.);
#744=FACE_OUTER_BOUND('',#896,.T.);
#745=FACE_OUTER_BOUND('',#897,.T.);
#746=FACE_OUTER_BOUND('',#898,.T.);
#747=FACE_OUTER_BOUND('',#899,.T.);
#748=FACE_OUTER_BOUND('',#900,.T.);
#749=FACE_OUTER_BOUND('',#906,.T.);
#750=FACE_OUTER_BOUND('',#907,.T.);
#751=FACE_OUTER_BOUND('',#908,.T.);
#752=FACE_OUTER_BOUND('',#909,.T.);
#753=FACE_OUTER_BOUND('',#910,.T.);
#754=FACE_OUTER_BOUND('',#911,.T.);
#755=FACE_OUTER_BOUND('',#912,.T.);
#756=FACE_OUTER_BOUND('',#913,.T.);
#757=FACE_OUTER_BOUND('',#914,.T.);
#758=FACE_OUTER_BOUND('',#915,.T.);
#759=FACE_OUTER_BOUND('',#916,.T.);
#760=FACE_OUTER_BOUND('',#917,.T.);
#761=FACE_OUTER_BOUND('',#918,.T.);
#762=FACE_OUTER_BOUND('',#919,.T.);
#763=FACE_OUTER_BOUND('',#920,.T.);
#764=FACE_OUTER_BOUND('',#921,.T.);
#765=FACE_OUTER_BOUND('',#922,.T.);
#766=FACE_OUTER_BOUND('',#923,.T.);
#767=FACE_OUTER_BOUND('',#924,.T.);
#768=FACE_OUTER_BOUND('',#925,.T.);
#769=FACE_OUTER_BOUND('',#926,.T.);
#770=FACE_OUTER_BOUND('',#927,.T.);
#771=FACE_OUTER_BOUND('',#928,.T.);
#772=FACE_OUTER_BOUND('',#929,.T.);
#773=FACE_OUTER_BOUND('',#930,.T.);
#774=FACE_OUTER_BOUND('',#931,.T.);
#775=FACE_OUTER_BOUND('',#932,.T.);
#776=FACE_OUTER_BOUND('',#933,.T.);
#777=FACE_OUTER_BOUND('',#934,.T.);
#778=FACE_OUTER_BOUND('',#935,.T.);
#779=FACE_OUTER_BOUND('',#936,.T.);
#780=FACE_OUTER_BOUND('',#937,.T.);
#781=FACE_OUTER_BOUND('',#938,.T.);
#782=FACE_OUTER_BOUND('',#944,.T.);
#783=FACE_OUTER_BOUND('',#945,.T.);
#784=FACE_OUTER_BOUND('',#946,.T.);
#785=FACE_OUTER_BOUND('',#947,.T.);
#786=FACE_OUTER_BOUND('',#948,.T.);
#787=FACE_OUTER_BOUND('',#949,.T.);
#788=FACE_OUTER_BOUND('',#950,.T.);
#789=FACE_OUTER_BOUND('',#951,.T.);
#790=FACE_OUTER_BOUND('',#952,.T.);
#791=FACE_OUTER_BOUND('',#953,.T.);
#792=FACE_OUTER_BOUND('',#954,.T.);
#793=FACE_OUTER_BOUND('',#955,.T.);
#794=FACE_OUTER_BOUND('',#956,.T.);
#795=FACE_OUTER_BOUND('',#958,.T.);
#796=FACE_OUTER_BOUND('',#960,.T.);
#797=FACE_OUTER_BOUND('',#962,.T.);
#798=FACE_OUTER_BOUND('',#964,.T.);
#799=FACE_OUTER_BOUND('',#965,.T.);
#800=FACE_OUTER_BOUND('',#966,.T.);
#801=FACE_OUTER_BOUND('',#967,.T.);
#802=FACE_OUTER_BOUND('',#968,.T.);
#803=FACE_OUTER_BOUND('',#969,.T.);
#804=FACE_OUTER_BOUND('',#970,.T.);
#805=FACE_OUTER_BOUND('',#971,.T.);
#806=FACE_OUTER_BOUND('',#972,.T.);
#807=FACE_OUTER_BOUND('',#973,.T.);
#808=FACE_OUTER_BOUND('',#974,.T.);
#809=FACE_OUTER_BOUND('',#975,.T.);
#810=FACE_OUTER_BOUND('',#976,.T.);
#811=FACE_OUTER_BOUND('',#977,.T.);
#812=FACE_OUTER_BOUND('',#978,.T.);
#813=FACE_OUTER_BOUND('',#979,.T.);
#814=FACE_OUTER_BOUND('',#980,.T.);
#815=FACE_OUTER_BOUND('',#981,.T.);
#816=FACE_OUTER_BOUND('',#982,.T.);
#817=FACE_OUTER_BOUND('',#984,.T.);
#818=FACE_OUTER_BOUND('',#985,.T.);
#819=FACE_OUTER_BOUND('',#986,.T.);
#820=FACE_OUTER_BOUND('',#987,.T.);
#821=FACE_OUTER_BOUND('',#988,.T.);
#822=FACE_OUTER_BOUND('',#989,.T.);
#823=FACE_OUTER_BOUND('',#990,.T.);
#824=FACE_OUTER_BOUND('',#991,.T.);
#825=FACE_OUTER_BOUND('',#992,.T.);
#826=FACE_OUTER_BOUND('',#993,.T.);
#827=FACE_OUTER_BOUND('',#994,.T.);
#828=FACE_OUTER_BOUND('',#995,.T.);
#829=FACE_OUTER_BOUND('',#996,.T.);
#830=FACE_OUTER_BOUND('',#997,.T.);
#831=FACE_OUTER_BOUND('',#998,.T.);
#832=FACE_OUTER_BOUND('',#999,.T.);
#833=FACE_OUTER_BOUND('',#1000,.T.);
#834=FACE_OUTER_BOUND('',#1001,.T.);
#835=FACE_OUTER_BOUND('',#1002,.T.);
#836=FACE_OUTER_BOUND('',#1003,.T.);
#837=FACE_OUTER_BOUND('',#1004,.T.);
#838=FACE_OUTER_BOUND('',#1005,.T.);
#839=FACE_OUTER_BOUND('',#1006,.T.);
#840=FACE_OUTER_BOUND('',#1007,.T.);
#841=FACE_OUTER_BOUND('',#1008,.T.);
#842=FACE_OUTER_BOUND('',#1009,.T.);
#843=FACE_OUTER_BOUND('',#1010,.T.);
#844=FACE_OUTER_BOUND('',#1011,.T.);
#845=FACE_OUTER_BOUND('',#1012,.T.);
#846=FACE_OUTER_BOUND('',#1013,.T.);
#847=FACE_OUTER_BOUND('',#1014,.T.);
#848=FACE_OUTER_BOUND('',#1015,.T.);
#849=FACE_OUTER_BOUND('',#1016,.T.);
#850=FACE_OUTER_BOUND('',#1017,.T.);
#851=FACE_OUTER_BOUND('',#1018,.T.);
#852=FACE_OUTER_BOUND('',#1019,.T.);
#853=FACE_OUTER_BOUND('',#1020,.T.);
#854=FACE_OUTER_BOUND('',#1021,.T.);
#855=EDGE_LOOP('',(#1799,#1800,#1801,#1802,#1803));
#856=EDGE_LOOP('',(#1804,#1805,#1806,#1807,#1808));
#857=EDGE_LOOP('',(#1809));
#858=EDGE_LOOP('',(#1810));
#859=EDGE_LOOP('',(#1811,#1812,#1813,#1814,#1815));
#860=EDGE_LOOP('',(#1816,#1817,#1818,#1819,#1820));
#861=EDGE_LOOP('',(#1821));
#862=EDGE_LOOP('',(#1822));
#863=EDGE_LOOP('',(#1823,#1824,#1825,#1826,#1827));
#864=EDGE_LOOP('',(#1828,#1829,#1830,#1831,#1832));
#865=EDGE_LOOP('',(#1833));
#866=EDGE_LOOP('',(#1834));
#867=EDGE_LOOP('',(#1835,#1836,#1837,#1838,#1839));
#868=EDGE_LOOP('',(#1840,#1841,#1842,#1843,#1844));
#869=EDGE_LOOP('',(#1845));
#870=EDGE_LOOP('',(#1846));
#871=EDGE_LOOP('',(#1847,#1848,#1849,#1850));
#872=EDGE_LOOP('',(#1851,#1852,#1853,#1854));
#873=EDGE_LOOP('',(#1855,#1856,#1857,#1858,#1859,#1860,#1861,#1862,#1863,
#1864,#1865,#1866,#1867,#1868,#1869,#1870));
#874=EDGE_LOOP('',(#1871));
#875=EDGE_LOOP('',(#1872));
#876=EDGE_LOOP('',(#1873));
#877=EDGE_LOOP('',(#1874));
#878=EDGE_LOOP('',(#1875));
#879=EDGE_LOOP('',(#1876,#1877,#1878,#1879));
#880=EDGE_LOOP('',(#1880,#1881,#1882,#1883));
#881=EDGE_LOOP('',(#1884,#1885,#1886,#1887));
#882=EDGE_LOOP('',(#1888,#1889,#1890,#1891));
#883=EDGE_LOOP('',(#1892,#1893,#1894,#1895));
#884=EDGE_LOOP('',(#1896,#1897,#1898,#1899));
#885=EDGE_LOOP('',(#1900,#1901,#1902,#1903));
#886=EDGE_LOOP('',(#1904,#1905,#1906,#1907));
#887=EDGE_LOOP('',(#1908,#1909,#1910,#1911));
#888=EDGE_LOOP('',(#1912,#1913,#1914,#1915));
#889=EDGE_LOOP('',(#1916,#1917,#1918,#1919));
#890=EDGE_LOOP('',(#1920,#1921,#1922,#1923,#1924,#1925,#1926,#1927,#1928,
#1929,#1930,#1931));
#891=EDGE_LOOP('',(#1932));
#892=EDGE_LOOP('',(#1933));
#893=EDGE_LOOP('',(#1934));
#894=EDGE_LOOP('',(#1935));
#895=EDGE_LOOP('',(#1936));
#896=EDGE_LOOP('',(#1937,#1938,#1939,#1940,#1941,#1942));
#897=EDGE_LOOP('',(#1943,#1944,#1945,#1946));
#898=EDGE_LOOP('',(#1947,#1948,#1949,#1950));
#899=EDGE_LOOP('',(#1951,#1952,#1953,#1954,#1955,#1956));
#900=EDGE_LOOP('',(#1957,#1958,#1959,#1960,#1961,#1962,#1963,#1964,#1965,
#1966,#1967,#1968,#1969,#1970,#1971,#1972,#1973,#1974,#1975,#1976,#1977,
#1978,#1979,#1980,#1981,#1982,#1983,#1984,#1985));
#901=EDGE_LOOP('',(#1986,#1987,#1988,#1989,#1990,#1991,#1992,#1993,#1994,
#1995));
#902=EDGE_LOOP('',(#1996,#1997,#1998));
#903=EDGE_LOOP('',(#1999,#2000,#2001));
#904=EDGE_LOOP('',(#2002,#2003,#2004));
#905=EDGE_LOOP('',(#2005,#2006,#2007));
#906=EDGE_LOOP('',(#2008,#2009,#2010,#2011,#2012,#2013));
#907=EDGE_LOOP('',(#2014,#2015,#2016,#2017,#2018,#2019,#2020,#2021));
#908=EDGE_LOOP('',(#2022,#2023,#2024,#2025,#2026,#2027));
#909=EDGE_LOOP('',(#2028,#2029,#2030,#2031,#2032,#2033,#2034));
#910=EDGE_LOOP('',(#2035,#2036,#2037,#2038));
#911=EDGE_LOOP('',(#2039,#2040,#2041,#2042,#2043,#2044,#2045));
#912=EDGE_LOOP('',(#2046,#2047,#2048,#2049,#2050,#2051,#2052,#2053));
#913=EDGE_LOOP('',(#2054,#2055,#2056,#2057));
#914=EDGE_LOOP('',(#2058,#2059,#2060,#2061,#2062,#2063));
#915=EDGE_LOOP('',(#2064,#2065,#2066,#2067));
#916=EDGE_LOOP('',(#2068,#2069,#2070,#2071,#2072,#2073,#2074,#2075));
#917=EDGE_LOOP('',(#2076,#2077,#2078,#2079));
#918=EDGE_LOOP('',(#2080,#2081,#2082,#2083,#2084,#2085));
#919=EDGE_LOOP('',(#2086,#2087,#2088,#2089));
#920=EDGE_LOOP('',(#2090,#2091,#2092,#2093,#2094,#2095,#2096,#2097,#2098));
#921=EDGE_LOOP('',(#2099,#2100,#2101,#2102,#2103,#2104,#2105));
#922=EDGE_LOOP('',(#2106,#2107,#2108,#2109,#2110,#2111,#2112));
#923=EDGE_LOOP('',(#2113,#2114,#2115,#2116,#2117,#2118,#2119,#2120,#2121,
#2122,#2123));
#924=EDGE_LOOP('',(#2124,#2125,#2126,#2127,#2128,#2129,#2130,#2131,#2132,
#2133,#2134));
#925=EDGE_LOOP('',(#2135,#2136,#2137,#2138,#2139,#2140,#2141,#2142));
#926=EDGE_LOOP('',(#2143,#2144,#2145,#2146));
#927=EDGE_LOOP('',(#2147,#2148,#2149,#2150,#2151));
#928=EDGE_LOOP('',(#2152,#2153,#2154,#2155,#2156,#2157));
#929=EDGE_LOOP('',(#2158,#2159,#2160,#2161,#2162,#2163,#2164,#2165,#2166));
#930=EDGE_LOOP('',(#2167,#2168,#2169,#2170,#2171));
#931=EDGE_LOOP('',(#2172,#2173,#2174,#2175,#2176));
#932=EDGE_LOOP('',(#2177,#2178,#2179,#2180,#2181));
#933=EDGE_LOOP('',(#2182,#2183,#2184,#2185,#2186));
#934=EDGE_LOOP('',(#2187,#2188,#2189,#2190));
#935=EDGE_LOOP('',(#2191,#2192,#2193,#2194));
#936=EDGE_LOOP('',(#2195,#2196,#2197,#2198));
#937=EDGE_LOOP('',(#2199,#2200,#2201,#2202,#2203,#2204));
#938=EDGE_LOOP('',(#2205));
#939=EDGE_LOOP('',(#2206,#2207,#2208));
#940=EDGE_LOOP('',(#2209,#2210,#2211));
#941=EDGE_LOOP('',(#2212,#2213,#2214));
#942=EDGE_LOOP('',(#2215,#2216,#2217));
#943=EDGE_LOOP('',(#2218,#2219,#2220));
#944=EDGE_LOOP('',(#2221,#2222,#2223,#2224));
#945=EDGE_LOOP('',(#2225,#2226,#2227,#2228,#2229));
#946=EDGE_LOOP('',(#2230,#2231,#2232,#2233));
#947=EDGE_LOOP('',(#2234,#2235,#2236,#2237));
#948=EDGE_LOOP('',(#2238,#2239,#2240,#2241,#2242,#2243,#2244));
#949=EDGE_LOOP('',(#2245,#2246,#2247,#2248,#2249,#2250));
#950=EDGE_LOOP('',(#2251,#2252,#2253,#2254,#2255,#2256,#2257,#2258));
#951=EDGE_LOOP('',(#2259,#2260,#2261,#2262));
#952=EDGE_LOOP('',(#2263,#2264,#2265,#2266));
#953=EDGE_LOOP('',(#2267,#2268,#2269,#2270));
#954=EDGE_LOOP('',(#2271,#2272,#2273,#2274));
#955=EDGE_LOOP('',(#2275,#2276,#2277,#2278));
#956=EDGE_LOOP('',(#2279,#2280,#2281));
#957=EDGE_LOOP('',(#2282,#2283,#2284));
#958=EDGE_LOOP('',(#2285,#2286,#2287));
#959=EDGE_LOOP('',(#2288,#2289,#2290));
#960=EDGE_LOOP('',(#2291,#2292,#2293));
#961=EDGE_LOOP('',(#2294,#2295,#2296));
#962=EDGE_LOOP('',(#2297,#2298,#2299));
#963=EDGE_LOOP('',(#2300,#2301,#2302));
#964=EDGE_LOOP('',(#2303,#2304,#2305,#2306,#2307,#2308));
#965=EDGE_LOOP('',(#2309,#2310,#2311,#2312,#2313,#2314));
#966=EDGE_LOOP('',(#2315,#2316,#2317,#2318));
#967=EDGE_LOOP('',(#2319,#2320,#2321,#2322,#2323,#2324));
#968=EDGE_LOOP('',(#2325,#2326,#2327,#2328,#2329,#2330));
#969=EDGE_LOOP('',(#2331,#2332,#2333,#2334));
#970=EDGE_LOOP('',(#2335,#2336,#2337,#2338,#2339,#2340));
#971=EDGE_LOOP('',(#2341,#2342,#2343,#2344,#2345,#2346,#2347,#2348));
#972=EDGE_LOOP('',(#2349,#2350,#2351,#2352));
#973=EDGE_LOOP('',(#2353,#2354,#2355,#2356));
#974=EDGE_LOOP('',(#2357,#2358,#2359,#2360));
#975=EDGE_LOOP('',(#2361,#2362,#2363,#2364));
#976=EDGE_LOOP('',(#2365,#2366,#2367,#2368));
#977=EDGE_LOOP('',(#2369,#2370,#2371,#2372));
#978=EDGE_LOOP('',(#2373,#2374,#2375,#2376));
#979=EDGE_LOOP('',(#2377,#2378,#2379,#2380));
#980=EDGE_LOOP('',(#2381,#2382,#2383,#2384));
#981=EDGE_LOOP('',(#2385,#2386,#2387,#2388));
#982=EDGE_LOOP('',(#2389,#2390,#2391,#2392,#2393,#2394,#2395,#2396,#2397,
#2398,#2399,#2400,#2401,#2402,#2403,#2404,#2405,#2406,#2407,#2408));
#983=EDGE_LOOP('',(#2409,#2410,#2411));
#984=EDGE_LOOP('',(#2412,#2413,#2414,#2415));
#985=EDGE_LOOP('',(#2416,#2417,#2418,#2419));
#986=EDGE_LOOP('',(#2420,#2421,#2422,#2423));
#987=EDGE_LOOP('',(#2424,#2425,#2426,#2427));
#988=EDGE_LOOP('',(#2428,#2429,#2430,#2431));
#989=EDGE_LOOP('',(#2432,#2433,#2434,#2435));
#990=EDGE_LOOP('',(#2436,#2437,#2438,#2439));
#991=EDGE_LOOP('',(#2440,#2441,#2442,#2443));
#992=EDGE_LOOP('',(#2444,#2445,#2446,#2447));
#993=EDGE_LOOP('',(#2448,#2449,#2450,#2451));
#994=EDGE_LOOP('',(#2452,#2453,#2454,#2455,#2456,#2457));
#995=EDGE_LOOP('',(#2458,#2459,#2460,#2461));
#996=EDGE_LOOP('',(#2462,#2463,#2464,#2465));
#997=EDGE_LOOP('',(#2466,#2467,#2468,#2469));
#998=EDGE_LOOP('',(#2470,#2471,#2472,#2473));
#999=EDGE_LOOP('',(#2474,#2475,#2476,#2477));
#1000=EDGE_LOOP('',(#2478,#2479,#2480,#2481));
#1001=EDGE_LOOP('',(#2482,#2483,#2484,#2485));
#1002=EDGE_LOOP('',(#2486,#2487,#2488,#2489));
#1003=EDGE_LOOP('',(#2490,#2491,#2492,#2493,#2494,#2495));
#1004=EDGE_LOOP('',(#2496,#2497,#2498));
#1005=EDGE_LOOP('',(#2499,#2500,#2501,#2502,#2503));
#1006=EDGE_LOOP('',(#2504,#2505,#2506,#2507,#2508));
#1007=EDGE_LOOP('',(#2509,#2510,#2511));
#1008=EDGE_LOOP('',(#2512,#2513,#2514,#2515,#2516));
#1009=EDGE_LOOP('',(#2517,#2518,#2519,#2520,#2521));
#1010=EDGE_LOOP('',(#2522,#2523,#2524,#2525));
#1011=EDGE_LOOP('',(#2526,#2527,#2528,#2529));
#1012=EDGE_LOOP('',(#2530,#2531,#2532,#2533));
#1013=EDGE_LOOP('',(#2534,#2535,#2536,#2537));
#1014=EDGE_LOOP('',(#2538,#2539,#2540,#2541));
#1015=EDGE_LOOP('',(#2542,#2543,#2544,#2545));
#1016=EDGE_LOOP('',(#2546,#2547,#2548,#2549));
#1017=EDGE_LOOP('',(#2550,#2551,#2552,#2553));
#1018=EDGE_LOOP('',(#2554,#2555,#2556,#2557));
#1019=EDGE_LOOP('',(#2558,#2559,#2560,#2561));
#1020=EDGE_LOOP('',(#2562,#2563,#2564,#2565));
#1021=EDGE_LOOP('',(#2566,#2567,#2568,#2569,#2570,#2571,#2572,#2573,#2574,
#2575,#2576,#2577,#2578,#2579,#2580,#2581,#2582,#2583,#2584,#2585,#2586));
#1022=EDGE_LOOP('',(#2587));
#1023=EDGE_LOOP('',(#2588));
#1024=CIRCLE('',#2747,2.8);
#1025=CIRCLE('',#2748,0.2);
#1026=CIRCLE('',#2749,3.);
#1027=CIRCLE('',#2750,3.);
#1028=CIRCLE('',#2752,3.);
#1029=CIRCLE('',#2754,1.75);
#1030=CIRCLE('',#2756,2.8);
#1031=CIRCLE('',#2757,0.2);
#1032=CIRCLE('',#2758,3.);
#1033=CIRCLE('',#2759,3.);
#1034=CIRCLE('',#2761,3.);
#1035=CIRCLE('',#2763,1.75);
#1036=CIRCLE('',#2765,2.8);
#1037=CIRCLE('',#2766,0.2);
#1038=CIRCLE('',#2767,3.);
#1039=CIRCLE('',#2768,3.);
#1040=CIRCLE('',#2770,3.);
#1041=CIRCLE('',#2772,1.75);
#1042=CIRCLE('',#2774,2.8);
#1043=CIRCLE('',#2775,0.2);
#1044=CIRCLE('',#2776,3.);
#1045=CIRCLE('',#2777,3.);
#1046=CIRCLE('',#2779,3.);
#1047=CIRCLE('',#2781,1.75);
#1048=CIRCLE('',#2783,3.);
#1049=CIRCLE('',#2784,3.);
#1050=CIRCLE('',#2787,3.);
#1051=CIRCLE('',#2788,3.);
#1052=CIRCLE('',#2789,3.);
#1053=CIRCLE('',#2790,12.5);
#1054=CIRCLE('',#2791,1.75);
#1055=CIRCLE('',#2792,1.75);
#1056=CIRCLE('',#2793,1.75);
#1057=CIRCLE('',#2794,1.75);
#1058=CIRCLE('',#2796,3.);
#1059=CIRCLE('',#2799,3.);
#1060=CIRCLE('',#2802,3.);
#1061=CIRCLE('',#2804,12.5);
#1062=CIRCLE('',#2814,4.);
#1063=CIRCLE('',#2817,0.999999999999999);
#1064=CIRCLE('',#2818,3.25);
#1065=CIRCLE('',#2819,2.);
#1066=CIRCLE('',#2820,2.);
#1067=CIRCLE('',#2821,3.25);
#1068=CIRCLE('',#2822,2.);
#1069=CIRCLE('',#2823,2.);
#1070=CIRCLE('',#2824,3.25);
#1071=CIRCLE('',#2825,2.);
#1072=CIRCLE('',#2826,2.);
#1073=CIRCLE('',#2827,3.25);
#1074=CIRCLE('',#2828,1.);
#1075=CIRCLE('',#2829,1.);
#1076=CIRCLE('',#2830,1.);
#1077=CIRCLE('',#2831,1.);
#1078=CIRCLE('',#2832,1.19999999999999);
#1079=CIRCLE('',#2833,1.2);
#1080=CIRCLE('',#2834,1.19999999999999);
#1081=CIRCLE('',#2835,1.19999999999999);
#1082=CIRCLE('',#2838,4.);
#1083=CIRCLE('',#2840,4.);
#1084=CIRCLE('',#2841,4.);
#1085=CIRCLE('',#2844,10.9);
#1086=CIRCLE('',#2845,9.89999999999999);
#1087=CIRCLE('',#2847,10.9);
#1088=CIRCLE('',#2848,12.9);
#1089=CIRCLE('',#2849,12.9);
#1090=CIRCLE('',#2850,10.9);
#1091=CIRCLE('',#2852,3.25);
#1092=CIRCLE('',#2853,3.25);
#1093=CIRCLE('',#2854,3.25);
#1094=CIRCLE('',#2856,1.6);
#1095=CIRCLE('',#2857,1.6);
#1096=CIRCLE('',#2859,3.25);
#1097=CIRCLE('',#2860,3.25);
#1098=CIRCLE('',#2862,1.6);
#1099=CIRCLE('',#2863,1.6);
#1100=CIRCLE('',#2865,3.25);
#1101=CIRCLE('',#2866,3.25);
#1102=CIRCLE('',#2867,3.25);
#1103=CIRCLE('',#2869,1.6);
#1104=CIRCLE('',#2870,1.6);
#1105=CIRCLE('',#2872,3.25);
#1106=CIRCLE('',#2873,3.25);
#1107=CIRCLE('',#2875,1.6);
#1108=CIRCLE('',#2876,1.6);
#1109=CIRCLE('',#2878,10.9);
#1110=CIRCLE('',#2880,1.2);
#1111=CIRCLE('',#2881,2.2);
#1112=CIRCLE('',#2882,1.2);
#1113=CIRCLE('',#2884,1.2);
#1114=CIRCLE('',#2885,2.2);
#1115=CIRCLE('',#2886,1.2);
#1116=CIRCLE('',#2888,1.2);
#1117=CIRCLE('',#2889,2.2);
#1118=CIRCLE('',#2890,1.2);
#1119=CIRCLE('',#2892,1.2);
#1120=CIRCLE('',#2893,2.2);
#1121=CIRCLE('',#2894,2.2);
#1122=CIRCLE('',#2895,1.2);
#1123=CIRCLE('',#2897,2.);
#1124=CIRCLE('',#2898,2.);
#1125=CIRCLE('',#2900,3.);
#1126=CIRCLE('',#2901,3.);
#1127=CIRCLE('',#2904,12.9);
#1128=CIRCLE('',#2905,12.9);
#1129=CIRCLE('',#2915,1.);
#1130=CIRCLE('',#2916,1.);
#1131=CIRCLE('',#2920,4.);
#1132=CIRCLE('',#2921,0.999999999999999);
#1133=CIRCLE('',#2925,1.);
#1134=CIRCLE('',#2926,1.);
#1135=CIRCLE('',#2928,4.);
#1136=CIRCLE('',#2958,2.);
#1137=CIRCLE('',#2959,2.);
#1138=CIRCLE('',#2960,2.);
#1139=CIRCLE('',#2961,2.);
#1140=CIRCLE('',#2962,2.);
#1141=CIRCLE('',#2963,2.);
#1142=CIRCLE('',#2964,2.);
#1143=CIRCLE('',#2965,2.);
#1144=VERTEX_POINT('',#3788);
#1145=VERTEX_POINT('',#3790);
#1146=VERTEX_POINT('',#3792);
#1147=VERTEX_POINT('',#3796);
#1148=VERTEX_POINT('',#3800);
#1149=VERTEX_POINT('',#3803);
#1150=VERTEX_POINT('',#3805);
#1151=VERTEX_POINT('',#3807);
#1152=VERTEX_POINT('',#3811);
#1153=VERTEX_POINT('',#3815);
#1154=VERTEX_POINT('',#3818);
#1155=VERTEX_POINT('',#3820);
#1156=VERTEX_POINT('',#3822);
#1157=VERTEX_POINT('',#3826);
#1158=VERTEX_POINT('',#3830);
#1159=VERTEX_POINT('',#3833);
#1160=VERTEX_POINT('',#3835);
#1161=VERTEX_POINT('',#3837);
#1162=VERTEX_POINT('',#3841);
#1163=VERTEX_POINT('',#3845);
#1164=VERTEX_POINT('',#3848);
#1165=VERTEX_POINT('',#3849);
#1166=VERTEX_POINT('',#3851);
#1167=VERTEX_POINT('',#3853);
#1168=VERTEX_POINT('',#3857);
#1169=VERTEX_POINT('',#3859);
#1170=VERTEX_POINT('',#3863);
#1171=VERTEX_POINT('',#3865);
#1172=VERTEX_POINT('',#3867);
#1173=VERTEX_POINT('',#3869);
#1174=VERTEX_POINT('',#3871);
#1175=VERTEX_POINT('',#3873);
#1176=VERTEX_POINT('',#3875);
#1177=VERTEX_POINT('',#3877);
#1178=VERTEX_POINT('',#3879);
#1179=VERTEX_POINT('',#3881);
#1180=VERTEX_POINT('',#3883);
#1181=VERTEX_POINT('',#3885);
#1182=VERTEX_POINT('',#3887);
#1183=VERTEX_POINT('',#3890);
#1184=VERTEX_POINT('',#3892);
#1185=VERTEX_POINT('',#3894);
#1186=VERTEX_POINT('',#3896);
#1187=VERTEX_POINT('',#3898);
#1188=VERTEX_POINT('',#3901);
#1189=VERTEX_POINT('',#3903);
#1190=VERTEX_POINT('',#3907);
#1191=VERTEX_POINT('',#3911);
#1192=VERTEX_POINT('',#3913);
#1193=VERTEX_POINT('',#3919);
#1194=VERTEX_POINT('',#3923);
#1195=VERTEX_POINT('',#3935);
#1196=VERTEX_POINT('',#3939);
#1197=VERTEX_POINT('',#3941);
#1198=VERTEX_POINT('',#3946);
#1199=VERTEX_POINT('',#3948);
#1200=VERTEX_POINT('',#3953);
#1201=VERTEX_POINT('',#3957);
#1202=VERTEX_POINT('',#3959);
#1203=VERTEX_POINT('',#3961);
#1204=VERTEX_POINT('',#3965);
#1205=VERTEX_POINT('',#3967);
#1206=VERTEX_POINT('',#3969);
#1207=VERTEX_POINT('',#3971);
#1208=VERTEX_POINT('',#3973);
#1209=VERTEX_POINT('',#3975);
#1210=VERTEX_POINT('',#3977);
#1211=VERTEX_POINT('',#3979);
#1212=VERTEX_POINT('',#3981);
#1213=VERTEX_POINT('',#3983);
#1214=VERTEX_POINT('',#3985);
#1215=VERTEX_POINT('',#3987);
#1216=VERTEX_POINT('',#3989);
#1217=VERTEX_POINT('',#3991);
#1218=VERTEX_POINT('',#3993);
#1219=VERTEX_POINT('',#3995);
#1220=VERTEX_POINT('',#3997);
#1221=VERTEX_POINT('',#3999);
#1222=VERTEX_POINT('',#4001);
#1223=VERTEX_POINT('',#4003);
#1224=VERTEX_POINT('',#4005);
#1225=VERTEX_POINT('',#4007);
#1226=VERTEX_POINT('',#4009);
#1227=VERTEX_POINT('',#4011);
#1228=VERTEX_POINT('',#4013);
#1229=VERTEX_POINT('',#4015);
#1230=VERTEX_POINT('',#4018);
#1231=VERTEX_POINT('',#4019);
#1232=VERTEX_POINT('',#4021);
#1233=VERTEX_POINT('',#4023);
#1234=VERTEX_POINT('',#4025);
#1235=VERTEX_POINT('',#4027);
#1236=VERTEX_POINT('',#4029);
#1237=VERTEX_POINT('',#4031);
#1238=VERTEX_POINT('',#4033);
#1239=VERTEX_POINT('',#4035);
#1240=VERTEX_POINT('',#4038);
#1241=VERTEX_POINT('',#4039);
#1242=VERTEX_POINT('',#4041);
#1243=VERTEX_POINT('',#4044);
#1244=VERTEX_POINT('',#4045);
#1245=VERTEX_POINT('',#4047);
#1246=VERTEX_POINT('',#4050);
#1247=VERTEX_POINT('',#4051);
#1248=VERTEX_POINT('',#4053);
#1249=VERTEX_POINT('',#4056);
#1250=VERTEX_POINT('',#4057);
#1251=VERTEX_POINT('',#4059);
#1252=VERTEX_POINT('',#4063);
#1253=VERTEX_POINT('',#4065);
#1254=VERTEX_POINT('',#4067);
#1255=VERTEX_POINT('',#4071);
#1256=VERTEX_POINT('',#4073);
#1257=VERTEX_POINT('',#4075);
#1258=VERTEX_POINT('',#4077);
#1259=VERTEX_POINT('',#4079);
#1260=VERTEX_POINT('',#4083);
#1261=VERTEX_POINT('',#4085);
#1262=VERTEX_POINT('',#4089);
#1263=VERTEX_POINT('',#4091);
#1264=VERTEX_POINT('',#4095);
#1265=VERTEX_POINT('',#4097);
#1266=VERTEX_POINT('',#4101);
#1267=VERTEX_POINT('',#4102);
#1268=VERTEX_POINT('',#4104);
#1269=VERTEX_POINT('',#4113);
#1270=VERTEX_POINT('',#4115);
#1271=VERTEX_POINT('',#4119);
#1272=VERTEX_POINT('',#4121);
#1273=VERTEX_POINT('',#4132);
#1274=VERTEX_POINT('',#4133);
#1275=VERTEX_POINT('',#4135);
#1276=VERTEX_POINT('',#4137);
#1277=VERTEX_POINT('',#4139);
#1278=VERTEX_POINT('',#4141);
#1279=VERTEX_POINT('',#4146);
#1280=VERTEX_POINT('',#4147);
#1281=VERTEX_POINT('',#4149);
#1282=VERTEX_POINT('',#4151);
#1283=VERTEX_POINT('',#4155);
#1284=VERTEX_POINT('',#4156);
#1285=VERTEX_POINT('',#4158);
#1286=VERTEX_POINT('',#4160);
#1287=VERTEX_POINT('',#4165);
#1288=VERTEX_POINT('',#4166);
#1289=VERTEX_POINT('',#4168);
#1290=VERTEX_POINT('',#4170);
#1291=VERTEX_POINT('',#4174);
#1292=VERTEX_POINT('',#4175);
#1293=VERTEX_POINT('',#4178);
#1294=VERTEX_POINT('',#4180);
#1295=VERTEX_POINT('',#4182);
#1296=VERTEX_POINT('',#4184);
#1297=VERTEX_POINT('',#4188);
#1298=VERTEX_POINT('',#4189);
#1299=VERTEX_POINT('',#4191);
#1300=VERTEX_POINT('',#4193);
#1301=VERTEX_POINT('',#4197);
#1302=VERTEX_POINT('',#4198);
#1303=VERTEX_POINT('',#4201);
#1304=VERTEX_POINT('',#4203);
#1305=VERTEX_POINT('',#4207);
#1306=VERTEX_POINT('',#4208);
#1307=VERTEX_POINT('',#4210);
#1308=VERTEX_POINT('',#4212);
#1309=VERTEX_POINT('',#4217);
#1310=VERTEX_POINT('',#4232);
#1311=VERTEX_POINT('',#4237);
#1312=VERTEX_POINT('',#4254);
#1313=VERTEX_POINT('',#4255);
#1314=VERTEX_POINT('',#4259);
#1315=VERTEX_POINT('',#4261);
#1316=VERTEX_POINT('',#4264);
#1317=VERTEX_POINT('',#4270);
#1318=VERTEX_POINT('',#4271);
#1319=VERTEX_POINT('',#4275);
#1320=VERTEX_POINT('',#4277);
#1321=VERTEX_POINT('',#4280);
#1322=VERTEX_POINT('',#4286);
#1323=VERTEX_POINT('',#4287);
#1324=VERTEX_POINT('',#4291);
#1325=VERTEX_POINT('',#4294);
#1326=VERTEX_POINT('',#4304);
#1327=VERTEX_POINT('',#4310);
#1328=VERTEX_POINT('',#4311);
#1329=VERTEX_POINT('',#4315);
#1330=VERTEX_POINT('',#4317);
#1331=VERTEX_POINT('',#4320);
#1332=VERTEX_POINT('',#4330);
#1333=VERTEX_POINT('',#4336);
#1334=VERTEX_POINT('',#4338);
#1335=VERTEX_POINT('',#4340);
#1336=VERTEX_POINT('',#4343);
#1337=VERTEX_POINT('',#4347);
#1338=VERTEX_POINT('',#4348);
#1339=VERTEX_POINT('',#4350);
#1340=VERTEX_POINT('',#4352);
#1341=VERTEX_POINT('',#4356);
#1342=VERTEX_POINT('',#4358);
#1343=VERTEX_POINT('',#4360);
#1344=VERTEX_POINT('',#4364);
#1345=VERTEX_POINT('',#4366);
#1346=VERTEX_POINT('',#4372);
#1347=VERTEX_POINT('',#4374);
#1348=VERTEX_POINT('',#4378);
#1349=VERTEX_POINT('',#4394);
#1350=VERTEX_POINT('',#4396);
#1351=VERTEX_POINT('',#4400);
#1352=VERTEX_POINT('',#4402);
#1353=VERTEX_POINT('',#4406);
#1354=VERTEX_POINT('',#4407);
#1355=VERTEX_POINT('',#4416);
#1356=VERTEX_POINT('',#4419);
#1357=VERTEX_POINT('',#4422);
#1358=VERTEX_POINT('',#4425);
#1359=VERTEX_POINT('',#4428);
#1360=VERTEX_POINT('',#4432);
#1361=VERTEX_POINT('',#4434);
#1362=VERTEX_POINT('',#4442);
#1363=VERTEX_POINT('',#4444);
#1364=VERTEX_POINT('',#4448);
#1365=VERTEX_POINT('',#4465);
#1366=VERTEX_POINT('',#4468);
#1367=VERTEX_POINT('',#4472);
#1368=VERTEX_POINT('',#4475);
#1369=VERTEX_POINT('',#4479);
#1370=VERTEX_POINT('',#4482);
#1371=VERTEX_POINT('',#4486);
#1372=VERTEX_POINT('',#4489);
#1373=VERTEX_POINT('',#4493);
#1374=VERTEX_POINT('',#4494);
#1375=VERTEX_POINT('',#4496);
#1376=VERTEX_POINT('',#4498);
#1377=VERTEX_POINT('',#4500);
#1378=VERTEX_POINT('',#4502);
#1379=VERTEX_POINT('',#4506);
#1380=VERTEX_POINT('',#4507);
#1381=VERTEX_POINT('',#4513);
#1382=VERTEX_POINT('',#4515);
#1383=VERTEX_POINT('',#4519);
#1384=VERTEX_POINT('',#4521);
#1385=VERTEX_POINT('',#4530);
#1386=VERTEX_POINT('',#4532);
#1387=VERTEX_POINT('',#4537);
#1388=VERTEX_POINT('',#4541);
#1389=VERTEX_POINT('',#4554);
#1390=VERTEX_POINT('',#4555);
#1391=VERTEX_POINT('',#4560);
#1392=VERTEX_POINT('',#4561);
#1393=VERTEX_POINT('',#4566);
#1394=VERTEX_POINT('',#4567);
#1395=VERTEX_POINT('',#4572);
#1396=VERTEX_POINT('',#4573);
#1397=VERTEX_POINT('',#4578);
#1398=VERTEX_POINT('',#4582);
#1399=VERTEX_POINT('',#4584);
#1400=VERTEX_POINT('',#4591);
#1401=VERTEX_POINT('',#4594);
#1402=VERTEX_POINT('',#4626);
#1403=VERTEX_POINT('',#4633);
#1404=EDGE_CURVE('',#1144,#1144,#1024,.T.);
#1405=EDGE_CURVE('',#1144,#1145,#1025,.T.);
#1406=EDGE_CURVE('',#1145,#1146,#1026,.T.);
#1407=EDGE_CURVE('',#1146,#1145,#1027,.T.);
#1408=EDGE_CURVE('',#1146,#1147,#159,.T.);
#1409=EDGE_CURVE('',#1147,#1147,#1028,.T.);
#1410=EDGE_CURVE('',#1148,#1148,#1029,.T.);
#1411=EDGE_CURVE('',#1149,#1149,#1030,.T.);
#1412=EDGE_CURVE('',#1149,#1150,#1031,.T.);
#1413=EDGE_CURVE('',#1150,#1151,#1032,.T.);
#1414=EDGE_CURVE('',#1151,#1150,#1033,.T.);
#1415=EDGE_CURVE('',#1151,#1152,#160,.T.);
#1416=EDGE_CURVE('',#1152,#1152,#1034,.T.);
#1417=EDGE_CURVE('',#1153,#1153,#1035,.T.);
#1418=EDGE_CURVE('',#1154,#1154,#1036,.T.);
#1419=EDGE_CURVE('',#1154,#1155,#1037,.T.);
#1420=EDGE_CURVE('',#1155,#1156,#1038,.T.);
#1421=EDGE_CURVE('',#1156,#1155,#1039,.T.);
#1422=EDGE_CURVE('',#1156,#1157,#161,.T.);
#1423=EDGE_CURVE('',#1157,#1157,#1040,.T.);
#1424=EDGE_CURVE('',#1158,#1158,#1041,.T.);
#1425=EDGE_CURVE('',#1159,#1159,#1042,.T.);
#1426=EDGE_CURVE('',#1159,#1160,#1043,.T.);
#1427=EDGE_CURVE('',#1160,#1161,#1044,.T.);
#1428=EDGE_CURVE('',#1161,#1160,#1045,.T.);
#1429=EDGE_CURVE('',#1161,#1162,#162,.T.);
#1430=EDGE_CURVE('',#1162,#1162,#1046,.T.);
#1431=EDGE_CURVE('',#1163,#1163,#1047,.T.);
#1432=EDGE_CURVE('',#1164,#1165,#1048,.T.);
#1433=EDGE_CURVE('',#1165,#1166,#163,.T.);
#1434=EDGE_CURVE('',#1166,#1167,#1049,.T.);
#1435=EDGE_CURVE('',#1167,#1164,#164,.T.);
#1436=EDGE_CURVE('',#1168,#1167,#165,.T.);
#1437=EDGE_CURVE('',#1169,#1168,#166,.T.);
#1438=EDGE_CURVE('',#1169,#1164,#167,.T.);
#1439=EDGE_CURVE('',#1170,#1166,#168,.T.);
#1440=EDGE_CURVE('',#1171,#1170,#1050,.T.);
#1441=EDGE_CURVE('',#1172,#1171,#169,.T.);
#1442=EDGE_CURVE('',#1173,#1172,#1051,.T.);
#1443=EDGE_CURVE('',#1174,#1173,#170,.T.);
#1444=EDGE_CURVE('',#1175,#1174,#1052,.T.);
#1445=EDGE_CURVE('',#1176,#1175,#171,.T.);
#1446=EDGE_CURVE('',#1176,#1177,#172,.T.);
#1447=EDGE_CURVE('',#1178,#1177,#173,.T.);
#1448=EDGE_CURVE('',#1179,#1178,#174,.T.);
#1449=EDGE_CURVE('',#1180,#1179,#175,.T.);
#1450=EDGE_CURVE('',#1181,#1180,#176,.T.);
#1451=EDGE_CURVE('',#1182,#1181,#177,.T.);
#1452=EDGE_CURVE('',#1182,#1168,#178,.T.);
#1453=EDGE_CURVE('',#1183,#1183,#1053,.T.);
#1454=EDGE_CURVE('',#1184,#1184,#1054,.T.);
#1455=EDGE_CURVE('',#1185,#1185,#1055,.T.);
#1456=EDGE_CURVE('',#1186,#1186,#1056,.T.);
#1457=EDGE_CURVE('',#1187,#1187,#1057,.T.);
#1458=EDGE_CURVE('',#1174,#1188,#179,.T.);
#1459=EDGE_CURVE('',#1188,#1189,#1058,.T.);
#1460=EDGE_CURVE('',#1189,#1175,#180,.T.);
#1461=EDGE_CURVE('',#1190,#1173,#181,.T.);
#1462=EDGE_CURVE('',#1190,#1188,#182,.T.);
#1463=EDGE_CURVE('',#1170,#1191,#183,.T.);
#1464=EDGE_CURVE('',#1191,#1192,#1059,.T.);
#1465=EDGE_CURVE('',#1192,#1171,#184,.T.);
#1466=EDGE_CURVE('',#1165,#1191,#185,.T.);
#1467=EDGE_CURVE('',#1193,#1190,#1060,.T.);
#1468=EDGE_CURVE('',#1172,#1193,#186,.T.);
#1469=EDGE_CURVE('',#1194,#1194,#1061,.T.);
#1470=EDGE_CURVE('',#1194,#1183,#187,.T.);
#1471=EDGE_CURVE('',#1158,#1184,#188,.T.);
#1472=EDGE_CURVE('',#1148,#1185,#189,.T.);
#1473=EDGE_CURVE('',#1153,#1186,#190,.T.);
#1474=EDGE_CURVE('',#1163,#1187,#191,.T.);
#1475=EDGE_CURVE('',#1195,#1189,#192,.T.);
#1476=EDGE_CURVE('',#1176,#1195,#193,.T.);
#1477=EDGE_CURVE('',#1196,#1169,#194,.T.);
#1478=EDGE_CURVE('',#1197,#1196,#195,.T.);
#1479=EDGE_CURVE('',#1195,#1197,#196,.T.);
#1480=EDGE_CURVE('',#1192,#1193,#197,.T.);
#1481=EDGE_CURVE('',#1182,#1198,#198,.T.);
#1482=EDGE_CURVE('',#1198,#1199,#199,.T.);
#1483=EDGE_CURVE('',#1196,#1199,#200,.T.);
#1484=EDGE_CURVE('',#1200,#1181,#201,.T.);
#1485=EDGE_CURVE('',#1198,#1200,#1062,.T.);
#1486=EDGE_CURVE('',#1201,#1180,#202,.T.);
#1487=EDGE_CURVE('',#1201,#1202,#203,.T.);
#1488=EDGE_CURVE('',#1203,#1202,#204,.T.);
#1489=EDGE_CURVE('',#1203,#1200,#205,.T.);
#1490=EDGE_CURVE('',#1204,#1179,#206,.T.);
#1491=EDGE_CURVE('',#1204,#1205,#1063,.T.);
#1492=EDGE_CURVE('',#1206,#1205,#207,.T.);
#1493=EDGE_CURVE('',#1207,#1206,#208,.T.);
#1494=EDGE_CURVE('',#1208,#1207,#209,.T.);
#1495=EDGE_CURVE('',#1209,#1208,#1064,.T.);
#1496=EDGE_CURVE('',#1209,#1210,#1065,.T.);
#1497=EDGE_CURVE('',#1211,#1210,#210,.T.);
#1498=EDGE_CURVE('',#1211,#1212,#1066,.T.);
#1499=EDGE_CURVE('',#1213,#1212,#211,.T.);
#1500=EDGE_CURVE('',#1214,#1213,#1067,.T.);
#1501=EDGE_CURVE('',#1214,#1215,#1068,.T.);
#1502=EDGE_CURVE('',#1216,#1215,#212,.T.);
#1503=EDGE_CURVE('',#1216,#1217,#1069,.T.);
#1504=EDGE_CURVE('',#1218,#1217,#1070,.T.);
#1505=EDGE_CURVE('',#1219,#1218,#213,.T.);
#1506=EDGE_CURVE('',#1219,#1220,#1071,.T.);
#1507=EDGE_CURVE('',#1221,#1220,#214,.T.);
#1508=EDGE_CURVE('',#1221,#1222,#1072,.T.);
#1509=EDGE_CURVE('',#1223,#1222,#1073,.T.);
#1510=EDGE_CURVE('',#1224,#1223,#215,.T.);
#1511=EDGE_CURVE('',#1225,#1224,#216,.T.);
#1512=EDGE_CURVE('',#1226,#1225,#217,.T.);
#1513=EDGE_CURVE('',#1227,#1226,#218,.T.);
#1514=EDGE_CURVE('',#1227,#1228,#1074,.T.);
#1515=EDGE_CURVE('',#1229,#1228,#219,.T.);
#1516=EDGE_CURVE('',#1229,#1201,#1075,.T.);
#1517=EDGE_CURVE('',#1230,#1231,#220,.T.);
#1518=EDGE_CURVE('',#1230,#1232,#221,.T.);
#1519=EDGE_CURVE('',#1232,#1233,#1076,.T.);
#1520=EDGE_CURVE('',#1233,#1234,#222,.T.);
#1521=EDGE_CURVE('',#1234,#1235,#1077,.T.);
#1522=EDGE_CURVE('',#1235,#1236,#223,.T.);
#1523=EDGE_CURVE('',#1237,#1236,#224,.T.);
#1524=EDGE_CURVE('',#1238,#1237,#225,.T.);
#1525=EDGE_CURVE('',#1239,#1238,#226,.T.);
#1526=EDGE_CURVE('',#1231,#1239,#227,.T.);
#1527=EDGE_CURVE('',#1240,#1241,#228,.T.);
#1528=EDGE_CURVE('',#1242,#1240,#229,.T.);
#1529=EDGE_CURVE('',#1241,#1242,#1078,.T.);
#1530=EDGE_CURVE('',#1243,#1244,#230,.T.);
#1531=EDGE_CURVE('',#1245,#1243,#231,.T.);
#1532=EDGE_CURVE('',#1244,#1245,#1079,.T.);
#1533=EDGE_CURVE('',#1246,#1247,#232,.T.);
#1534=EDGE_CURVE('',#1248,#1246,#233,.T.);
#1535=EDGE_CURVE('',#1247,#1248,#1080,.T.);
#1536=EDGE_CURVE('',#1249,#1250,#234,.T.);
#1537=EDGE_CURVE('',#1251,#1249,#235,.T.);
#1538=EDGE_CURVE('',#1250,#1251,#1081,.T.);
#1539=EDGE_CURVE('',#1178,#1252,#236,.T.);
#1540=EDGE_CURVE('',#1253,#1252,#237,.T.);
#1541=EDGE_CURVE('',#1254,#1253,#238,.T.);
#1542=EDGE_CURVE('',#1254,#1204,#239,.T.);
#1543=EDGE_CURVE('',#1255,#1177,#240,.T.);
#1544=EDGE_CURVE('',#1255,#1256,#241,.T.);
#1545=EDGE_CURVE('',#1256,#1257,#242,.T.);
#1546=EDGE_CURVE('',#1257,#1258,#243,.T.);
#1547=EDGE_CURVE('',#1259,#1258,#244,.T.);
#1548=EDGE_CURVE('',#1252,#1259,#1082,.T.);
#1549=EDGE_CURVE('',#1260,#1203,#1083,.T.);
#1550=EDGE_CURVE('',#1261,#1260,#245,.T.);
#1551=EDGE_CURVE('',#1199,#1261,#1084,.T.);
#1552=EDGE_CURVE('',#1262,#1197,#246,.T.);
#1553=EDGE_CURVE('',#1263,#1262,#247,.T.);
#1554=EDGE_CURVE('',#1263,#1255,#248,.T.);
#1555=EDGE_CURVE('',#1264,#1264,#1085,.T.);
#1556=EDGE_CURVE('',#1264,#1265,#249,.T.);
#1557=EDGE_CURVE('',#1265,#1265,#1086,.T.);
#1558=EDGE_CURVE('',#1266,#1267,#1087,.T.);
#1559=EDGE_CURVE('',#1268,#1266,#29,.T.);
#1560=EDGE_CURVE('',#1269,#1268,#1088,.T.);
#1561=EDGE_CURVE('',#1270,#1269,#19,.T.);
#1562=EDGE_CURVE('',#1271,#1270,#1089,.T.);
#1563=EDGE_CURVE('',#1272,#1271,#30,.T.);
#1564=EDGE_CURVE('',#1267,#1272,#1090,.T.);
#1565=EDGE_CURVE('',#1273,#1274,#1091,.T.);
#1566=EDGE_CURVE('',#1273,#1275,#250,.T.);
#1567=EDGE_CURVE('',#1275,#1276,#1092,.T.);
#1568=EDGE_CURVE('',#1276,#1277,#251,.T.);
#1569=EDGE_CURVE('',#1278,#1277,#1093,.T.);
#1570=EDGE_CURVE('',#1278,#1209,#252,.T.);
#1571=EDGE_CURVE('',#1274,#1208,#253,.T.);
#1572=EDGE_CURVE('',#1279,#1280,#1094,.T.);
#1573=EDGE_CURVE('',#1281,#1280,#254,.T.);
#1574=EDGE_CURVE('',#1281,#1282,#1095,.T.);
#1575=EDGE_CURVE('',#1282,#1279,#255,.T.);
#1576=EDGE_CURVE('',#1283,#1284,#1096,.T.);
#1577=EDGE_CURVE('',#1283,#1285,#256,.T.);
#1578=EDGE_CURVE('',#1286,#1285,#1097,.T.);
#1579=EDGE_CURVE('',#1286,#1214,#257,.T.);
#1580=EDGE_CURVE('',#1284,#1213,#258,.T.);
#1581=EDGE_CURVE('',#1287,#1288,#1098,.T.);
#1582=EDGE_CURVE('',#1289,#1288,#259,.T.);
#1583=EDGE_CURVE('',#1289,#1290,#1099,.T.);
#1584=EDGE_CURVE('',#1290,#1287,#260,.T.);
#1585=EDGE_CURVE('',#1291,#1292,#1100,.T.);
#1586=EDGE_CURVE('',#1291,#1223,#261,.T.);
#1587=EDGE_CURVE('',#1222,#1293,#262,.T.);
#1588=EDGE_CURVE('',#1294,#1293,#1101,.T.);
#1589=EDGE_CURVE('',#1294,#1295,#263,.T.);
#1590=EDGE_CURVE('',#1295,#1296,#1102,.T.);
#1591=EDGE_CURVE('',#1292,#1296,#264,.T.);
#1592=EDGE_CURVE('',#1297,#1298,#1103,.T.);
#1593=EDGE_CURVE('',#1299,#1298,#265,.T.);
#1594=EDGE_CURVE('',#1299,#1300,#1104,.T.);
#1595=EDGE_CURVE('',#1300,#1297,#266,.T.);
#1596=EDGE_CURVE('',#1301,#1302,#1105,.T.);
#1597=EDGE_CURVE('',#1301,#1218,#267,.T.);
#1598=EDGE_CURVE('',#1217,#1303,#268,.T.);
#1599=EDGE_CURVE('',#1304,#1303,#1106,.T.);
#1600=EDGE_CURVE('',#1302,#1304,#269,.T.);
#1601=EDGE_CURVE('',#1305,#1306,#1107,.T.);
#1602=EDGE_CURVE('',#1307,#1306,#270,.T.);
#1603=EDGE_CURVE('',#1307,#1308,#1108,.T.);
#1604=EDGE_CURVE('',#1308,#1305,#271,.T.);
#1605=EDGE_CURVE('',#1267,#1264,#272,.T.);
#1606=EDGE_CURVE('',#1309,#1272,#31,.F.);
#1607=EDGE_CURVE('',#1310,#1309,#32,.F.);
#1608=EDGE_CURVE('',#1310,#1311,#1109,.T.);
#1609=EDGE_CURVE('',#1266,#1311,#33,.F.);
#1610=EDGE_CURVE('',#1312,#1313,#20,.T.);
#1611=EDGE_CURVE('',#1314,#1313,#1110,.T.);
#1612=EDGE_CURVE('',#1314,#1315,#273,.T.);
#1613=EDGE_CURVE('',#1315,#1315,#1111,.T.);
#1614=EDGE_CURVE('',#1316,#1314,#1112,.T.);
#1615=EDGE_CURVE('',#1316,#1312,#21,.T.);
#1616=EDGE_CURVE('',#1317,#1318,#22,.T.);
#1617=EDGE_CURVE('',#1319,#1318,#1113,.T.);
#1618=EDGE_CURVE('',#1319,#1320,#274,.T.);
#1619=EDGE_CURVE('',#1320,#1320,#1114,.T.);
#1620=EDGE_CURVE('',#1321,#1319,#1115,.T.);
#1621=EDGE_CURVE('',#1321,#1317,#23,.T.);
#1622=EDGE_CURVE('',#1322,#1323,#24,.T.);
#1623=EDGE_CURVE('',#1324,#1323,#1116,.T.);
#1624=EDGE_CURVE('',#1324,#1309,#275,.T.);
#1625=EDGE_CURVE('',#1271,#1325,#1117,.T.);
#1626=EDGE_CURVE('',#1325,#1310,#34,.T.);
#1627=EDGE_CURVE('',#1326,#1324,#1118,.T.);
#1628=EDGE_CURVE('',#1326,#1322,#25,.T.);
#1629=EDGE_CURVE('',#1327,#1328,#26,.T.);
#1630=EDGE_CURVE('',#1329,#1328,#1119,.T.);
#1631=EDGE_CURVE('',#1329,#1330,#276,.T.);
#1632=EDGE_CURVE('',#1330,#1268,#1120,.T.);
#1633=EDGE_CURVE('',#1311,#1331,#35,.T.);
#1634=EDGE_CURVE('',#1331,#1330,#1121,.T.);
#1635=EDGE_CURVE('',#1332,#1329,#1122,.T.);
#1636=EDGE_CURVE('',#1332,#1327,#27,.T.);
#1637=EDGE_CURVE('',#1296,#1333,#277,.T.);
#1638=EDGE_CURVE('',#1295,#1334,#1123,.T.);
#1639=EDGE_CURVE('',#1335,#1334,#278,.T.);
#1640=EDGE_CURVE('',#1335,#1276,#1124,.T.);
#1641=EDGE_CURVE('',#1336,#1275,#279,.T.);
#1642=EDGE_CURVE('',#1333,#1336,#280,.T.);
#1643=EDGE_CURVE('',#1337,#1338,#1125,.T.);
#1644=EDGE_CURVE('',#1338,#1339,#281,.T.);
#1645=EDGE_CURVE('',#1340,#1339,#1126,.T.);
#1646=EDGE_CURVE('',#1337,#1340,#282,.T.);
#1647=EDGE_CURVE('',#1258,#1341,#283,.T.);
#1648=EDGE_CURVE('',#1342,#1341,#284,.T.);
#1649=EDGE_CURVE('',#1343,#1342,#285,.T.);
#1650=EDGE_CURVE('',#1343,#1259,#286,.T.);
#1651=EDGE_CURVE('',#1344,#1325,#1127,.T.);
#1652=EDGE_CURVE('',#1344,#1345,#28,.T.);
#1653=EDGE_CURVE('',#1331,#1345,#1128,.T.);
#1654=EDGE_CURVE('',#1225,#1346,#287,.T.);
#1655=EDGE_CURVE('',#1346,#1347,#288,.T.);
#1656=EDGE_CURVE('',#1270,#1347,#289,.T.);
#1657=EDGE_CURVE('',#1261,#1269,#290,.T.);
#1658=EDGE_CURVE('',#1348,#1260,#291,.T.);
#1659=EDGE_CURVE('',#1348,#1226,#292,.T.);
#1660=EDGE_CURVE('',#1328,#1250,#293,.T.);
#1661=EDGE_CURVE('',#1332,#1251,#294,.T.);
#1662=EDGE_CURVE('',#1323,#1241,#295,.T.);
#1663=EDGE_CURVE('',#1326,#1242,#296,.T.);
#1664=EDGE_CURVE('',#1318,#1244,#297,.T.);
#1665=EDGE_CURVE('',#1321,#1245,#298,.T.);
#1666=EDGE_CURVE('',#1313,#1247,#299,.T.);
#1667=EDGE_CURVE('',#1316,#1248,#300,.T.);
#1668=EDGE_CURVE('',#1236,#1349,#301,.T.);
#1669=EDGE_CURVE('',#1235,#1350,#302,.T.);
#1670=EDGE_CURVE('',#1350,#1349,#303,.T.);
#1671=EDGE_CURVE('',#1351,#1230,#304,.T.);
#1672=EDGE_CURVE('',#1351,#1352,#305,.T.);
#1673=EDGE_CURVE('',#1352,#1232,#306,.T.);
#1674=EDGE_CURVE('',#1353,#1354,#307,.T.);
#1675=EDGE_CURVE('',#1354,#1234,#308,.T.);
#1676=EDGE_CURVE('',#1233,#1353,#309,.T.);
#1677=EDGE_CURVE('',#1351,#1349,#310,.T.);
#1678=EDGE_CURVE('',#1350,#1354,#1129,.T.);
#1679=EDGE_CURVE('',#1353,#1352,#1130,.T.);
#1680=EDGE_CURVE('',#1355,#1338,#311,.T.);
#1681=EDGE_CURVE('',#1337,#1355,#312,.T.);
#1682=EDGE_CURVE('',#1356,#1297,#313,.T.);
#1683=EDGE_CURVE('',#1298,#1356,#314,.T.);
#1684=EDGE_CURVE('',#1357,#1305,#315,.T.);
#1685=EDGE_CURVE('',#1306,#1357,#316,.T.);
#1686=EDGE_CURVE('',#1358,#1279,#317,.T.);
#1687=EDGE_CURVE('',#1280,#1358,#318,.T.);
#1688=EDGE_CURVE('',#1359,#1287,#319,.T.);
#1689=EDGE_CURVE('',#1288,#1359,#320,.T.);
#1690=EDGE_CURVE('',#1205,#1360,#321,.T.);
#1691=EDGE_CURVE('',#1361,#1360,#322,.T.);
#1692=EDGE_CURVE('',#1361,#1206,#323,.T.);
#1693=EDGE_CURVE('',#1253,#1346,#1131,.T.);
#1694=EDGE_CURVE('',#1346,#1361,#324,.T.);
#1695=EDGE_CURVE('',#1360,#1254,#1132,.T.);
#1696=EDGE_CURVE('',#1228,#1362,#325,.T.);
#1697=EDGE_CURVE('',#1363,#1362,#326,.T.);
#1698=EDGE_CURVE('',#1363,#1229,#327,.T.);
#1699=EDGE_CURVE('',#1364,#1348,#328,.T.);
#1700=EDGE_CURVE('',#1364,#1227,#329,.T.);
#1701=EDGE_CURVE('',#1362,#1364,#1133,.T.);
#1702=EDGE_CURVE('',#1202,#1363,#1134,.T.);
#1703=EDGE_CURVE('',#1347,#1343,#1135,.T.);
#1704=EDGE_CURVE('',#1224,#1333,#330,.T.);
#1705=EDGE_CURVE('',#1336,#1207,#331,.T.);
#1706=EDGE_CURVE('',#1274,#1365,#332,.T.);
#1707=EDGE_CURVE('',#1365,#1273,#333,.T.);
#1708=EDGE_CURVE('',#1281,#1366,#334,.T.);
#1709=EDGE_CURVE('',#1366,#1282,#335,.T.);
#1710=EDGE_CURVE('',#1367,#1283,#336,.T.);
#1711=EDGE_CURVE('',#1284,#1367,#337,.T.);
#1712=EDGE_CURVE('',#1289,#1368,#338,.T.);
#1713=EDGE_CURVE('',#1368,#1290,#339,.T.);
#1714=EDGE_CURVE('',#1292,#1369,#340,.T.);
#1715=EDGE_CURVE('',#1369,#1291,#341,.T.);
#1716=EDGE_CURVE('',#1299,#1370,#342,.T.);
#1717=EDGE_CURVE('',#1370,#1300,#343,.T.);
#1718=EDGE_CURVE('',#1302,#1371,#344,.T.);
#1719=EDGE_CURVE('',#1371,#1301,#345,.T.);
#1720=EDGE_CURVE('',#1307,#1372,#346,.T.);
#1721=EDGE_CURVE('',#1372,#1308,#347,.T.);
#1722=EDGE_CURVE('',#1373,#1374,#348,.T.);
#1723=EDGE_CURVE('',#1373,#1375,#349,.T.);
#1724=EDGE_CURVE('',#1376,#1375,#350,.T.);
#1725=EDGE_CURVE('',#1376,#1377,#351,.T.);
#1726=EDGE_CURVE('',#1378,#1377,#352,.T.);
#1727=EDGE_CURVE('',#1378,#1374,#353,.T.);
#1728=EDGE_CURVE('',#1379,#1380,#354,.T.);
#1729=EDGE_CURVE('',#1379,#1263,#355,.T.);
#1730=EDGE_CURVE('',#1262,#1378,#356,.T.);
#1731=EDGE_CURVE('',#1377,#1380,#357,.T.);
#1732=EDGE_CURVE('',#1375,#1381,#358,.T.);
#1733=EDGE_CURVE('',#1382,#1381,#359,.T.);
#1734=EDGE_CURVE('',#1382,#1376,#360,.T.);
#1735=EDGE_CURVE('',#1341,#1383,#361,.T.);
#1736=EDGE_CURVE('',#1384,#1383,#362,.T.);
#1737=EDGE_CURVE('',#1384,#1373,#363,.T.);
#1738=EDGE_CURVE('',#1374,#1342,#364,.T.);
#1739=EDGE_CURVE('',#1383,#1379,#365,.T.);
#1740=EDGE_CURVE('',#1380,#1382,#366,.T.);
#1741=EDGE_CURVE('',#1381,#1384,#367,.T.);
#1742=EDGE_CURVE('',#1237,#1385,#368,.T.);
#1743=EDGE_CURVE('',#1386,#1385,#369,.T.);
#1744=EDGE_CURVE('',#1238,#1386,#370,.T.);
#1745=EDGE_CURVE('',#1345,#1386,#371,.T.);
#1746=EDGE_CURVE('',#1387,#1344,#372,.T.);
#1747=EDGE_CURVE('',#1239,#1387,#373,.T.);
#1748=EDGE_CURVE('',#1231,#1388,#374,.T.);
#1749=EDGE_CURVE('',#1385,#1388,#375,.T.);
#1750=EDGE_CURVE('',#1342,#1262,#376,.T.);
#1751=EDGE_CURVE('',#1256,#1379,#377,.T.);
#1752=EDGE_CURVE('',#1257,#1383,#378,.T.);
#1753=EDGE_CURVE('',#1389,#1390,#379,.T.);
#1754=EDGE_CURVE('',#1389,#1221,#380,.T.);
#1755=EDGE_CURVE('',#1220,#1390,#381,.T.);
#1756=EDGE_CURVE('',#1391,#1392,#382,.T.);
#1757=EDGE_CURVE('',#1391,#1216,#383,.T.);
#1758=EDGE_CURVE('',#1215,#1392,#384,.T.);
#1759=EDGE_CURVE('',#1393,#1394,#385,.T.);
#1760=EDGE_CURVE('',#1393,#1335,#386,.T.);
#1761=EDGE_CURVE('',#1334,#1394,#387,.T.);
#1762=EDGE_CURVE('',#1395,#1396,#388,.T.);
#1763=EDGE_CURVE('',#1395,#1211,#389,.T.);
#1764=EDGE_CURVE('',#1210,#1396,#390,.T.);
#1765=EDGE_CURVE('',#1304,#1397,#391,.T.);
#1766=EDGE_CURVE('',#1303,#1391,#1136,.T.);
#1767=EDGE_CURVE('',#1392,#1286,#1137,.T.);
#1768=EDGE_CURVE('',#1398,#1285,#392,.T.);
#1769=EDGE_CURVE('',#1399,#1398,#393,.T.);
#1770=EDGE_CURVE('',#1399,#1395,#1138,.T.);
#1771=EDGE_CURVE('',#1396,#1278,#1139,.T.);
#1772=EDGE_CURVE('',#1277,#1393,#1140,.T.);
#1773=EDGE_CURVE('',#1394,#1294,#1141,.T.);
#1774=EDGE_CURVE('',#1293,#1389,#1142,.T.);
#1775=EDGE_CURVE('',#1390,#1400,#1143,.T.);
#1776=EDGE_CURVE('',#1397,#1400,#394,.T.);
#1777=EDGE_CURVE('',#1401,#1339,#395,.T.);
#1778=EDGE_CURVE('',#1340,#1401,#396,.T.);
#1779=EDGE_CURVE('',#1212,#1399,#397,.T.);
#1780=EDGE_CURVE('',#1400,#1219,#398,.T.);
#1781=EDGE_CURVE('',#1368,#1359,#399,.T.);
#1782=EDGE_CURVE('',#1367,#1398,#400,.T.);
#1783=EDGE_CURVE('',#1372,#1357,#401,.T.);
#1784=EDGE_CURVE('',#1370,#1356,#402,.T.);
#1785=EDGE_CURVE('',#1366,#1358,#403,.T.);
#1786=EDGE_CURVE('',#1371,#1397,#404,.T.);
#1787=EDGE_CURVE('',#1402,#1224,#405,.T.);
#1788=EDGE_CURVE('',#1333,#1402,#406,.T.);
#1789=EDGE_CURVE('',#1369,#1402,#407,.T.);
#1790=EDGE_CURVE('',#1403,#1336,#408,.T.);
#1791=EDGE_CURVE('',#1207,#1403,#409,.T.);
#1792=EDGE_CURVE('',#1365,#1403,#410,.T.);
#1793=EDGE_CURVE('',#1355,#1401,#411,.T.);
#1794=EDGE_CURVE('',#1327,#1249,#412,.T.);
#1795=EDGE_CURVE('',#1312,#1246,#413,.T.);
#1796=EDGE_CURVE('',#1317,#1243,#414,.T.);
#1797=EDGE_CURVE('',#1322,#1240,#415,.T.);
#1798=EDGE_CURVE('',#1388,#1387,#416,.T.);
#1799=ORIENTED_EDGE('',*,*,#1404,.T.);
#1800=ORIENTED_EDGE('',*,*,#1405,.T.);
#1801=ORIENTED_EDGE('',*,*,#1406,.T.);
#1802=ORIENTED_EDGE('',*,*,#1407,.T.);
#1803=ORIENTED_EDGE('',*,*,#1405,.F.);
#1804=ORIENTED_EDGE('',*,*,#1407,.F.);
#1805=ORIENTED_EDGE('',*,*,#1408,.T.);
#1806=ORIENTED_EDGE('',*,*,#1409,.F.);
#1807=ORIENTED_EDGE('',*,*,#1408,.F.);
#1808=ORIENTED_EDGE('',*,*,#1406,.F.);
#1809=ORIENTED_EDGE('',*,*,#1404,.F.);
#1810=ORIENTED_EDGE('',*,*,#1410,.T.);
#1811=ORIENTED_EDGE('',*,*,#1411,.T.);
#1812=ORIENTED_EDGE('',*,*,#1412,.T.);
#1813=ORIENTED_EDGE('',*,*,#1413,.T.);
#1814=ORIENTED_EDGE('',*,*,#1414,.T.);
#1815=ORIENTED_EDGE('',*,*,#1412,.F.);
#1816=ORIENTED_EDGE('',*,*,#1414,.F.);
#1817=ORIENTED_EDGE('',*,*,#1415,.T.);
#1818=ORIENTED_EDGE('',*,*,#1416,.F.);
#1819=ORIENTED_EDGE('',*,*,#1415,.F.);
#1820=ORIENTED_EDGE('',*,*,#1413,.F.);
#1821=ORIENTED_EDGE('',*,*,#1411,.F.);
#1822=ORIENTED_EDGE('',*,*,#1417,.T.);
#1823=ORIENTED_EDGE('',*,*,#1418,.T.);
#1824=ORIENTED_EDGE('',*,*,#1419,.T.);
#1825=ORIENTED_EDGE('',*,*,#1420,.T.);
#1826=ORIENTED_EDGE('',*,*,#1421,.T.);
#1827=ORIENTED_EDGE('',*,*,#1419,.F.);
#1828=ORIENTED_EDGE('',*,*,#1421,.F.);
#1829=ORIENTED_EDGE('',*,*,#1422,.T.);
#1830=ORIENTED_EDGE('',*,*,#1423,.F.);
#1831=ORIENTED_EDGE('',*,*,#1422,.F.);
#1832=ORIENTED_EDGE('',*,*,#1420,.F.);
#1833=ORIENTED_EDGE('',*,*,#1418,.F.);
#1834=ORIENTED_EDGE('',*,*,#1424,.T.);
#1835=ORIENTED_EDGE('',*,*,#1425,.T.);
#1836=ORIENTED_EDGE('',*,*,#1426,.T.);
#1837=ORIENTED_EDGE('',*,*,#1427,.T.);
#1838=ORIENTED_EDGE('',*,*,#1428,.T.);
#1839=ORIENTED_EDGE('',*,*,#1426,.F.);
#1840=ORIENTED_EDGE('',*,*,#1428,.F.);
#1841=ORIENTED_EDGE('',*,*,#1429,.T.);
#1842=ORIENTED_EDGE('',*,*,#1430,.F.);
#1843=ORIENTED_EDGE('',*,*,#1429,.F.);
#1844=ORIENTED_EDGE('',*,*,#1427,.F.);
#1845=ORIENTED_EDGE('',*,*,#1425,.F.);
#1846=ORIENTED_EDGE('',*,*,#1431,.T.);
#1847=ORIENTED_EDGE('',*,*,#1432,.T.);
#1848=ORIENTED_EDGE('',*,*,#1433,.T.);
#1849=ORIENTED_EDGE('',*,*,#1434,.T.);
#1850=ORIENTED_EDGE('',*,*,#1435,.T.);
#1851=ORIENTED_EDGE('',*,*,#1435,.F.);
#1852=ORIENTED_EDGE('',*,*,#1436,.F.);
#1853=ORIENTED_EDGE('',*,*,#1437,.F.);
#1854=ORIENTED_EDGE('',*,*,#1438,.T.);
#1855=ORIENTED_EDGE('',*,*,#1434,.F.);
#1856=ORIENTED_EDGE('',*,*,#1439,.F.);
#1857=ORIENTED_EDGE('',*,*,#1440,.F.);
#1858=ORIENTED_EDGE('',*,*,#1441,.F.);
#1859=ORIENTED_EDGE('',*,*,#1442,.F.);
#1860=ORIENTED_EDGE('',*,*,#1443,.F.);
#1861=ORIENTED_EDGE('',*,*,#1444,.F.);
#1862=ORIENTED_EDGE('',*,*,#1445,.F.);
#1863=ORIENTED_EDGE('',*,*,#1446,.T.);
#1864=ORIENTED_EDGE('',*,*,#1447,.F.);
#1865=ORIENTED_EDGE('',*,*,#1448,.F.);
#1866=ORIENTED_EDGE('',*,*,#1449,.F.);
#1867=ORIENTED_EDGE('',*,*,#1450,.F.);
#1868=ORIENTED_EDGE('',*,*,#1451,.F.);
#1869=ORIENTED_EDGE('',*,*,#1452,.T.);
#1870=ORIENTED_EDGE('',*,*,#1436,.T.);
#1871=ORIENTED_EDGE('',*,*,#1453,.T.);
#1872=ORIENTED_EDGE('',*,*,#1454,.T.);
#1873=ORIENTED_EDGE('',*,*,#1455,.T.);
#1874=ORIENTED_EDGE('',*,*,#1456,.T.);
#1875=ORIENTED_EDGE('',*,*,#1457,.T.);
#1876=ORIENTED_EDGE('',*,*,#1444,.T.);
#1877=ORIENTED_EDGE('',*,*,#1458,.T.);
#1878=ORIENTED_EDGE('',*,*,#1459,.T.);
#1879=ORIENTED_EDGE('',*,*,#1460,.T.);
#1880=ORIENTED_EDGE('',*,*,#1458,.F.);
#1881=ORIENTED_EDGE('',*,*,#1443,.T.);
#1882=ORIENTED_EDGE('',*,*,#1461,.F.);
#1883=ORIENTED_EDGE('',*,*,#1462,.T.);
#1884=ORIENTED_EDGE('',*,*,#1440,.T.);
#1885=ORIENTED_EDGE('',*,*,#1463,.T.);
#1886=ORIENTED_EDGE('',*,*,#1464,.T.);
#1887=ORIENTED_EDGE('',*,*,#1465,.T.);
#1888=ORIENTED_EDGE('',*,*,#1433,.F.);
#1889=ORIENTED_EDGE('',*,*,#1466,.T.);
#1890=ORIENTED_EDGE('',*,*,#1463,.F.);
#1891=ORIENTED_EDGE('',*,*,#1439,.T.);
#1892=ORIENTED_EDGE('',*,*,#1467,.T.);
#1893=ORIENTED_EDGE('',*,*,#1461,.T.);
#1894=ORIENTED_EDGE('',*,*,#1442,.T.);
#1895=ORIENTED_EDGE('',*,*,#1468,.T.);
#1896=ORIENTED_EDGE('',*,*,#1469,.F.);
#1897=ORIENTED_EDGE('',*,*,#1470,.T.);
#1898=ORIENTED_EDGE('',*,*,#1453,.F.);
#1899=ORIENTED_EDGE('',*,*,#1470,.F.);
#1900=ORIENTED_EDGE('',*,*,#1424,.F.);
#1901=ORIENTED_EDGE('',*,*,#1471,.T.);
#1902=ORIENTED_EDGE('',*,*,#1454,.F.);
#1903=ORIENTED_EDGE('',*,*,#1471,.F.);
#1904=ORIENTED_EDGE('',*,*,#1410,.F.);
#1905=ORIENTED_EDGE('',*,*,#1472,.T.);
#1906=ORIENTED_EDGE('',*,*,#1455,.F.);
#1907=ORIENTED_EDGE('',*,*,#1472,.F.);
#1908=ORIENTED_EDGE('',*,*,#1417,.F.);
#1909=ORIENTED_EDGE('',*,*,#1473,.T.);
#1910=ORIENTED_EDGE('',*,*,#1456,.F.);
#1911=ORIENTED_EDGE('',*,*,#1473,.F.);
#1912=ORIENTED_EDGE('',*,*,#1431,.F.);
#1913=ORIENTED_EDGE('',*,*,#1474,.T.);
#1914=ORIENTED_EDGE('',*,*,#1457,.F.);
#1915=ORIENTED_EDGE('',*,*,#1474,.F.);
#1916=ORIENTED_EDGE('',*,*,#1460,.F.);
#1917=ORIENTED_EDGE('',*,*,#1475,.F.);
#1918=ORIENTED_EDGE('',*,*,#1476,.F.);
#1919=ORIENTED_EDGE('',*,*,#1445,.T.);
#1920=ORIENTED_EDGE('',*,*,#1432,.F.);
#1921=ORIENTED_EDGE('',*,*,#1438,.F.);
#1922=ORIENTED_EDGE('',*,*,#1477,.F.);
#1923=ORIENTED_EDGE('',*,*,#1478,.F.);
#1924=ORIENTED_EDGE('',*,*,#1479,.F.);
#1925=ORIENTED_EDGE('',*,*,#1475,.T.);
#1926=ORIENTED_EDGE('',*,*,#1459,.F.);
#1927=ORIENTED_EDGE('',*,*,#1462,.F.);
#1928=ORIENTED_EDGE('',*,*,#1467,.F.);
#1929=ORIENTED_EDGE('',*,*,#1480,.F.);
#1930=ORIENTED_EDGE('',*,*,#1464,.F.);
#1931=ORIENTED_EDGE('',*,*,#1466,.F.);
#1932=ORIENTED_EDGE('',*,*,#1469,.T.);
#1933=ORIENTED_EDGE('',*,*,#1423,.T.);
#1934=ORIENTED_EDGE('',*,*,#1416,.T.);
#1935=ORIENTED_EDGE('',*,*,#1430,.T.);
#1936=ORIENTED_EDGE('',*,*,#1409,.T.);
#1937=ORIENTED_EDGE('',*,*,#1437,.T.);
#1938=ORIENTED_EDGE('',*,*,#1452,.F.);
#1939=ORIENTED_EDGE('',*,*,#1481,.T.);
#1940=ORIENTED_EDGE('',*,*,#1482,.T.);
#1941=ORIENTED_EDGE('',*,*,#1483,.F.);
#1942=ORIENTED_EDGE('',*,*,#1477,.T.);
#1943=ORIENTED_EDGE('',*,*,#1465,.F.);
#1944=ORIENTED_EDGE('',*,*,#1480,.T.);
#1945=ORIENTED_EDGE('',*,*,#1468,.F.);
#1946=ORIENTED_EDGE('',*,*,#1441,.T.);
#1947=ORIENTED_EDGE('',*,*,#1451,.T.);
#1948=ORIENTED_EDGE('',*,*,#1484,.F.);
#1949=ORIENTED_EDGE('',*,*,#1485,.F.);
#1950=ORIENTED_EDGE('',*,*,#1481,.F.);
#1951=ORIENTED_EDGE('',*,*,#1450,.T.);
#1952=ORIENTED_EDGE('',*,*,#1486,.F.);
#1953=ORIENTED_EDGE('',*,*,#1487,.T.);
#1954=ORIENTED_EDGE('',*,*,#1488,.F.);
#1955=ORIENTED_EDGE('',*,*,#1489,.T.);
#1956=ORIENTED_EDGE('',*,*,#1484,.T.);
#1957=ORIENTED_EDGE('',*,*,#1449,.T.);
#1958=ORIENTED_EDGE('',*,*,#1490,.F.);
#1959=ORIENTED_EDGE('',*,*,#1491,.T.);
#1960=ORIENTED_EDGE('',*,*,#1492,.F.);
#1961=ORIENTED_EDGE('',*,*,#1493,.F.);
#1962=ORIENTED_EDGE('',*,*,#1494,.F.);
#1963=ORIENTED_EDGE('',*,*,#1495,.F.);
#1964=ORIENTED_EDGE('',*,*,#1496,.T.);
#1965=ORIENTED_EDGE('',*,*,#1497,.F.);
#1966=ORIENTED_EDGE('',*,*,#1498,.T.);
#1967=ORIENTED_EDGE('',*,*,#1499,.F.);
#1968=ORIENTED_EDGE('',*,*,#1500,.F.);
#1969=ORIENTED_EDGE('',*,*,#1501,.T.);
#1970=ORIENTED_EDGE('',*,*,#1502,.F.);
#1971=ORIENTED_EDGE('',*,*,#1503,.T.);
#1972=ORIENTED_EDGE('',*,*,#1504,.F.);
#1973=ORIENTED_EDGE('',*,*,#1505,.F.);
#1974=ORIENTED_EDGE('',*,*,#1506,.T.);
#1975=ORIENTED_EDGE('',*,*,#1507,.F.);
#1976=ORIENTED_EDGE('',*,*,#1508,.T.);
#1977=ORIENTED_EDGE('',*,*,#1509,.F.);
#1978=ORIENTED_EDGE('',*,*,#1510,.F.);
#1979=ORIENTED_EDGE('',*,*,#1511,.F.);
#1980=ORIENTED_EDGE('',*,*,#1512,.F.);
#1981=ORIENTED_EDGE('',*,*,#1513,.F.);
#1982=ORIENTED_EDGE('',*,*,#1514,.T.);
#1983=ORIENTED_EDGE('',*,*,#1515,.F.);
#1984=ORIENTED_EDGE('',*,*,#1516,.T.);
#1985=ORIENTED_EDGE('',*,*,#1486,.T.);
#1986=ORIENTED_EDGE('',*,*,#1517,.F.);
#1987=ORIENTED_EDGE('',*,*,#1518,.T.);
#1988=ORIENTED_EDGE('',*,*,#1519,.T.);
#1989=ORIENTED_EDGE('',*,*,#1520,.T.);
#1990=ORIENTED_EDGE('',*,*,#1521,.T.);
#1991=ORIENTED_EDGE('',*,*,#1522,.T.);
#1992=ORIENTED_EDGE('',*,*,#1523,.F.);
#1993=ORIENTED_EDGE('',*,*,#1524,.F.);
#1994=ORIENTED_EDGE('',*,*,#1525,.F.);
#1995=ORIENTED_EDGE('',*,*,#1526,.F.);
#1996=ORIENTED_EDGE('',*,*,#1527,.F.);
#1997=ORIENTED_EDGE('',*,*,#1528,.F.);
#1998=ORIENTED_EDGE('',*,*,#1529,.F.);
#1999=ORIENTED_EDGE('',*,*,#1530,.F.);
#2000=ORIENTED_EDGE('',*,*,#1531,.F.);
#2001=ORIENTED_EDGE('',*,*,#1532,.F.);
#2002=ORIENTED_EDGE('',*,*,#1533,.F.);
#2003=ORIENTED_EDGE('',*,*,#1534,.F.);
#2004=ORIENTED_EDGE('',*,*,#1535,.F.);
#2005=ORIENTED_EDGE('',*,*,#1536,.F.);
#2006=ORIENTED_EDGE('',*,*,#1537,.F.);
#2007=ORIENTED_EDGE('',*,*,#1538,.F.);
#2008=ORIENTED_EDGE('',*,*,#1448,.T.);
#2009=ORIENTED_EDGE('',*,*,#1539,.T.);
#2010=ORIENTED_EDGE('',*,*,#1540,.F.);
#2011=ORIENTED_EDGE('',*,*,#1541,.F.);
#2012=ORIENTED_EDGE('',*,*,#1542,.T.);
#2013=ORIENTED_EDGE('',*,*,#1490,.T.);
#2014=ORIENTED_EDGE('',*,*,#1447,.T.);
#2015=ORIENTED_EDGE('',*,*,#1543,.F.);
#2016=ORIENTED_EDGE('',*,*,#1544,.T.);
#2017=ORIENTED_EDGE('',*,*,#1545,.T.);
#2018=ORIENTED_EDGE('',*,*,#1546,.T.);
#2019=ORIENTED_EDGE('',*,*,#1547,.F.);
#2020=ORIENTED_EDGE('',*,*,#1548,.F.);
#2021=ORIENTED_EDGE('',*,*,#1539,.F.);
#2022=ORIENTED_EDGE('',*,*,#1485,.T.);
#2023=ORIENTED_EDGE('',*,*,#1489,.F.);
#2024=ORIENTED_EDGE('',*,*,#1549,.F.);
#2025=ORIENTED_EDGE('',*,*,#1550,.F.);
#2026=ORIENTED_EDGE('',*,*,#1551,.F.);
#2027=ORIENTED_EDGE('',*,*,#1482,.F.);
#2028=ORIENTED_EDGE('',*,*,#1476,.T.);
#2029=ORIENTED_EDGE('',*,*,#1479,.T.);
#2030=ORIENTED_EDGE('',*,*,#1552,.F.);
#2031=ORIENTED_EDGE('',*,*,#1553,.F.);
#2032=ORIENTED_EDGE('',*,*,#1554,.T.);
#2033=ORIENTED_EDGE('',*,*,#1543,.T.);
#2034=ORIENTED_EDGE('',*,*,#1446,.F.);
#2035=ORIENTED_EDGE('',*,*,#1555,.F.);
#2036=ORIENTED_EDGE('',*,*,#1556,.T.);
#2037=ORIENTED_EDGE('',*,*,#1557,.F.);
#2038=ORIENTED_EDGE('',*,*,#1556,.F.);
#2039=ORIENTED_EDGE('',*,*,#1558,.F.);
#2040=ORIENTED_EDGE('',*,*,#1559,.F.);
#2041=ORIENTED_EDGE('',*,*,#1560,.F.);
#2042=ORIENTED_EDGE('',*,*,#1561,.F.);
#2043=ORIENTED_EDGE('',*,*,#1562,.F.);
#2044=ORIENTED_EDGE('',*,*,#1563,.F.);
#2045=ORIENTED_EDGE('',*,*,#1564,.F.);
#2046=ORIENTED_EDGE('',*,*,#1565,.F.);
#2047=ORIENTED_EDGE('',*,*,#1566,.T.);
#2048=ORIENTED_EDGE('',*,*,#1567,.T.);
#2049=ORIENTED_EDGE('',*,*,#1568,.T.);
#2050=ORIENTED_EDGE('',*,*,#1569,.F.);
#2051=ORIENTED_EDGE('',*,*,#1570,.T.);
#2052=ORIENTED_EDGE('',*,*,#1495,.T.);
#2053=ORIENTED_EDGE('',*,*,#1571,.F.);
#2054=ORIENTED_EDGE('',*,*,#1572,.T.);
#2055=ORIENTED_EDGE('',*,*,#1573,.F.);
#2056=ORIENTED_EDGE('',*,*,#1574,.T.);
#2057=ORIENTED_EDGE('',*,*,#1575,.T.);
#2058=ORIENTED_EDGE('',*,*,#1576,.F.);
#2059=ORIENTED_EDGE('',*,*,#1577,.T.);
#2060=ORIENTED_EDGE('',*,*,#1578,.F.);
#2061=ORIENTED_EDGE('',*,*,#1579,.T.);
#2062=ORIENTED_EDGE('',*,*,#1500,.T.);
#2063=ORIENTED_EDGE('',*,*,#1580,.F.);
#2064=ORIENTED_EDGE('',*,*,#1581,.T.);
#2065=ORIENTED_EDGE('',*,*,#1582,.F.);
#2066=ORIENTED_EDGE('',*,*,#1583,.T.);
#2067=ORIENTED_EDGE('',*,*,#1584,.T.);
#2068=ORIENTED_EDGE('',*,*,#1585,.F.);
#2069=ORIENTED_EDGE('',*,*,#1586,.T.);
#2070=ORIENTED_EDGE('',*,*,#1509,.T.);
#2071=ORIENTED_EDGE('',*,*,#1587,.T.);
#2072=ORIENTED_EDGE('',*,*,#1588,.F.);
#2073=ORIENTED_EDGE('',*,*,#1589,.T.);
#2074=ORIENTED_EDGE('',*,*,#1590,.T.);
#2075=ORIENTED_EDGE('',*,*,#1591,.F.);
#2076=ORIENTED_EDGE('',*,*,#1592,.T.);
#2077=ORIENTED_EDGE('',*,*,#1593,.F.);
#2078=ORIENTED_EDGE('',*,*,#1594,.T.);
#2079=ORIENTED_EDGE('',*,*,#1595,.T.);
#2080=ORIENTED_EDGE('',*,*,#1596,.F.);
#2081=ORIENTED_EDGE('',*,*,#1597,.T.);
#2082=ORIENTED_EDGE('',*,*,#1504,.T.);
#2083=ORIENTED_EDGE('',*,*,#1598,.T.);
#2084=ORIENTED_EDGE('',*,*,#1599,.F.);
#2085=ORIENTED_EDGE('',*,*,#1600,.F.);
#2086=ORIENTED_EDGE('',*,*,#1601,.T.);
#2087=ORIENTED_EDGE('',*,*,#1602,.F.);
#2088=ORIENTED_EDGE('',*,*,#1603,.T.);
#2089=ORIENTED_EDGE('',*,*,#1604,.T.);
#2090=ORIENTED_EDGE('',*,*,#1558,.T.);
#2091=ORIENTED_EDGE('',*,*,#1605,.T.);
#2092=ORIENTED_EDGE('',*,*,#1555,.T.);
#2093=ORIENTED_EDGE('',*,*,#1605,.F.);
#2094=ORIENTED_EDGE('',*,*,#1564,.T.);
#2095=ORIENTED_EDGE('',*,*,#1606,.F.);
#2096=ORIENTED_EDGE('',*,*,#1607,.F.);
#2097=ORIENTED_EDGE('',*,*,#1608,.T.);
#2098=ORIENTED_EDGE('',*,*,#1609,.F.);
#2099=ORIENTED_EDGE('',*,*,#1610,.T.);
#2100=ORIENTED_EDGE('',*,*,#1611,.F.);
#2101=ORIENTED_EDGE('',*,*,#1612,.T.);
#2102=ORIENTED_EDGE('',*,*,#1613,.T.);
#2103=ORIENTED_EDGE('',*,*,#1612,.F.);
#2104=ORIENTED_EDGE('',*,*,#1614,.F.);
#2105=ORIENTED_EDGE('',*,*,#1615,.T.);
#2106=ORIENTED_EDGE('',*,*,#1616,.T.);
#2107=ORIENTED_EDGE('',*,*,#1617,.F.);
#2108=ORIENTED_EDGE('',*,*,#1618,.T.);
#2109=ORIENTED_EDGE('',*,*,#1619,.T.);
#2110=ORIENTED_EDGE('',*,*,#1618,.F.);
#2111=ORIENTED_EDGE('',*,*,#1620,.F.);
#2112=ORIENTED_EDGE('',*,*,#1621,.T.);
#2113=ORIENTED_EDGE('',*,*,#1622,.T.);
#2114=ORIENTED_EDGE('',*,*,#1623,.F.);
#2115=ORIENTED_EDGE('',*,*,#1624,.T.);
#2116=ORIENTED_EDGE('',*,*,#1606,.T.);
#2117=ORIENTED_EDGE('',*,*,#1563,.T.);
#2118=ORIENTED_EDGE('',*,*,#1625,.T.);
#2119=ORIENTED_EDGE('',*,*,#1626,.T.);
#2120=ORIENTED_EDGE('',*,*,#1607,.T.);
#2121=ORIENTED_EDGE('',*,*,#1624,.F.);
#2122=ORIENTED_EDGE('',*,*,#1627,.F.);
#2123=ORIENTED_EDGE('',*,*,#1628,.T.);
#2124=ORIENTED_EDGE('',*,*,#1629,.T.);
#2125=ORIENTED_EDGE('',*,*,#1630,.F.);
#2126=ORIENTED_EDGE('',*,*,#1631,.T.);
#2127=ORIENTED_EDGE('',*,*,#1632,.T.);
#2128=ORIENTED_EDGE('',*,*,#1559,.T.);
#2129=ORIENTED_EDGE('',*,*,#1609,.T.);
#2130=ORIENTED_EDGE('',*,*,#1633,.T.);
#2131=ORIENTED_EDGE('',*,*,#1634,.T.);
#2132=ORIENTED_EDGE('',*,*,#1631,.F.);
#2133=ORIENTED_EDGE('',*,*,#1635,.F.);
#2134=ORIENTED_EDGE('',*,*,#1636,.T.);
#2135=ORIENTED_EDGE('',*,*,#1637,.F.);
#2136=ORIENTED_EDGE('',*,*,#1590,.F.);
#2137=ORIENTED_EDGE('',*,*,#1638,.T.);
#2138=ORIENTED_EDGE('',*,*,#1639,.F.);
#2139=ORIENTED_EDGE('',*,*,#1640,.T.);
#2140=ORIENTED_EDGE('',*,*,#1567,.F.);
#2141=ORIENTED_EDGE('',*,*,#1641,.F.);
#2142=ORIENTED_EDGE('',*,*,#1642,.F.);
#2143=ORIENTED_EDGE('',*,*,#1643,.T.);
#2144=ORIENTED_EDGE('',*,*,#1644,.T.);
#2145=ORIENTED_EDGE('',*,*,#1645,.F.);
#2146=ORIENTED_EDGE('',*,*,#1646,.F.);
#2147=ORIENTED_EDGE('',*,*,#1547,.T.);
#2148=ORIENTED_EDGE('',*,*,#1647,.T.);
#2149=ORIENTED_EDGE('',*,*,#1648,.F.);
#2150=ORIENTED_EDGE('',*,*,#1649,.F.);
#2151=ORIENTED_EDGE('',*,*,#1650,.T.);
#2152=ORIENTED_EDGE('',*,*,#1651,.F.);
#2153=ORIENTED_EDGE('',*,*,#1652,.T.);
#2154=ORIENTED_EDGE('',*,*,#1653,.F.);
#2155=ORIENTED_EDGE('',*,*,#1633,.F.);
#2156=ORIENTED_EDGE('',*,*,#1608,.F.);
#2157=ORIENTED_EDGE('',*,*,#1626,.F.);
#2158=ORIENTED_EDGE('',*,*,#1512,.T.);
#2159=ORIENTED_EDGE('',*,*,#1654,.T.);
#2160=ORIENTED_EDGE('',*,*,#1655,.T.);
#2161=ORIENTED_EDGE('',*,*,#1656,.F.);
#2162=ORIENTED_EDGE('',*,*,#1561,.T.);
#2163=ORIENTED_EDGE('',*,*,#1657,.F.);
#2164=ORIENTED_EDGE('',*,*,#1550,.T.);
#2165=ORIENTED_EDGE('',*,*,#1658,.F.);
#2166=ORIENTED_EDGE('',*,*,#1659,.T.);
#2167=ORIENTED_EDGE('',*,*,#1635,.T.);
#2168=ORIENTED_EDGE('',*,*,#1630,.T.);
#2169=ORIENTED_EDGE('',*,*,#1660,.T.);
#2170=ORIENTED_EDGE('',*,*,#1538,.T.);
#2171=ORIENTED_EDGE('',*,*,#1661,.F.);
#2172=ORIENTED_EDGE('',*,*,#1627,.T.);
#2173=ORIENTED_EDGE('',*,*,#1623,.T.);
#2174=ORIENTED_EDGE('',*,*,#1662,.T.);
#2175=ORIENTED_EDGE('',*,*,#1529,.T.);
#2176=ORIENTED_EDGE('',*,*,#1663,.F.);
#2177=ORIENTED_EDGE('',*,*,#1620,.T.);
#2178=ORIENTED_EDGE('',*,*,#1617,.T.);
#2179=ORIENTED_EDGE('',*,*,#1664,.T.);
#2180=ORIENTED_EDGE('',*,*,#1532,.T.);
#2181=ORIENTED_EDGE('',*,*,#1665,.F.);
#2182=ORIENTED_EDGE('',*,*,#1614,.T.);
#2183=ORIENTED_EDGE('',*,*,#1611,.T.);
#2184=ORIENTED_EDGE('',*,*,#1666,.T.);
#2185=ORIENTED_EDGE('',*,*,#1535,.T.);
#2186=ORIENTED_EDGE('',*,*,#1667,.F.);
#2187=ORIENTED_EDGE('',*,*,#1668,.F.);
#2188=ORIENTED_EDGE('',*,*,#1522,.F.);
#2189=ORIENTED_EDGE('',*,*,#1669,.T.);
#2190=ORIENTED_EDGE('',*,*,#1670,.T.);
#2191=ORIENTED_EDGE('',*,*,#1671,.F.);
#2192=ORIENTED_EDGE('',*,*,#1672,.T.);
#2193=ORIENTED_EDGE('',*,*,#1673,.T.);
#2194=ORIENTED_EDGE('',*,*,#1518,.F.);
#2195=ORIENTED_EDGE('',*,*,#1674,.T.);
#2196=ORIENTED_EDGE('',*,*,#1675,.T.);
#2197=ORIENTED_EDGE('',*,*,#1520,.F.);
#2198=ORIENTED_EDGE('',*,*,#1676,.T.);
#2199=ORIENTED_EDGE('',*,*,#1672,.F.);
#2200=ORIENTED_EDGE('',*,*,#1677,.T.);
#2201=ORIENTED_EDGE('',*,*,#1670,.F.);
#2202=ORIENTED_EDGE('',*,*,#1678,.T.);
#2203=ORIENTED_EDGE('',*,*,#1674,.F.);
#2204=ORIENTED_EDGE('',*,*,#1679,.T.);
#2205=ORIENTED_EDGE('',*,*,#1557,.T.);
#2206=ORIENTED_EDGE('',*,*,#1680,.T.);
#2207=ORIENTED_EDGE('',*,*,#1643,.F.);
#2208=ORIENTED_EDGE('',*,*,#1681,.T.);
#2209=ORIENTED_EDGE('',*,*,#1682,.F.);
#2210=ORIENTED_EDGE('',*,*,#1683,.F.);
#2211=ORIENTED_EDGE('',*,*,#1592,.F.);
#2212=ORIENTED_EDGE('',*,*,#1684,.F.);
#2213=ORIENTED_EDGE('',*,*,#1685,.F.);
#2214=ORIENTED_EDGE('',*,*,#1601,.F.);
#2215=ORIENTED_EDGE('',*,*,#1686,.F.);
#2216=ORIENTED_EDGE('',*,*,#1687,.F.);
#2217=ORIENTED_EDGE('',*,*,#1572,.F.);
#2218=ORIENTED_EDGE('',*,*,#1688,.F.);
#2219=ORIENTED_EDGE('',*,*,#1689,.F.);
#2220=ORIENTED_EDGE('',*,*,#1581,.F.);
#2221=ORIENTED_EDGE('',*,*,#1492,.T.);
#2222=ORIENTED_EDGE('',*,*,#1690,.T.);
#2223=ORIENTED_EDGE('',*,*,#1691,.F.);
#2224=ORIENTED_EDGE('',*,*,#1692,.T.);
#2225=ORIENTED_EDGE('',*,*,#1693,.T.);
#2226=ORIENTED_EDGE('',*,*,#1694,.T.);
#2227=ORIENTED_EDGE('',*,*,#1691,.T.);
#2228=ORIENTED_EDGE('',*,*,#1695,.T.);
#2229=ORIENTED_EDGE('',*,*,#1541,.T.);
#2230=ORIENTED_EDGE('',*,*,#1515,.T.);
#2231=ORIENTED_EDGE('',*,*,#1696,.T.);
#2232=ORIENTED_EDGE('',*,*,#1697,.F.);
#2233=ORIENTED_EDGE('',*,*,#1698,.T.);
#2234=ORIENTED_EDGE('',*,*,#1699,.F.);
#2235=ORIENTED_EDGE('',*,*,#1700,.T.);
#2236=ORIENTED_EDGE('',*,*,#1513,.T.);
#2237=ORIENTED_EDGE('',*,*,#1659,.F.);
#2238=ORIENTED_EDGE('',*,*,#1697,.T.);
#2239=ORIENTED_EDGE('',*,*,#1701,.T.);
#2240=ORIENTED_EDGE('',*,*,#1699,.T.);
#2241=ORIENTED_EDGE('',*,*,#1658,.T.);
#2242=ORIENTED_EDGE('',*,*,#1549,.T.);
#2243=ORIENTED_EDGE('',*,*,#1488,.T.);
#2244=ORIENTED_EDGE('',*,*,#1702,.T.);
#2245=ORIENTED_EDGE('',*,*,#1548,.T.);
#2246=ORIENTED_EDGE('',*,*,#1650,.F.);
#2247=ORIENTED_EDGE('',*,*,#1703,.F.);
#2248=ORIENTED_EDGE('',*,*,#1655,.F.);
#2249=ORIENTED_EDGE('',*,*,#1693,.F.);
#2250=ORIENTED_EDGE('',*,*,#1540,.T.);
#2251=ORIENTED_EDGE('',*,*,#1654,.F.);
#2252=ORIENTED_EDGE('',*,*,#1511,.T.);
#2253=ORIENTED_EDGE('',*,*,#1704,.T.);
#2254=ORIENTED_EDGE('',*,*,#1642,.T.);
#2255=ORIENTED_EDGE('',*,*,#1705,.T.);
#2256=ORIENTED_EDGE('',*,*,#1493,.T.);
#2257=ORIENTED_EDGE('',*,*,#1692,.F.);
#2258=ORIENTED_EDGE('',*,*,#1694,.F.);
#2259=ORIENTED_EDGE('',*,*,#1701,.F.);
#2260=ORIENTED_EDGE('',*,*,#1696,.F.);
#2261=ORIENTED_EDGE('',*,*,#1514,.F.);
#2262=ORIENTED_EDGE('',*,*,#1700,.F.);
#2263=ORIENTED_EDGE('',*,*,#1702,.F.);
#2264=ORIENTED_EDGE('',*,*,#1487,.F.);
#2265=ORIENTED_EDGE('',*,*,#1516,.F.);
#2266=ORIENTED_EDGE('',*,*,#1698,.F.);
#2267=ORIENTED_EDGE('',*,*,#1695,.F.);
#2268=ORIENTED_EDGE('',*,*,#1690,.F.);
#2269=ORIENTED_EDGE('',*,*,#1491,.F.);
#2270=ORIENTED_EDGE('',*,*,#1542,.F.);
#2271=ORIENTED_EDGE('',*,*,#1678,.F.);
#2272=ORIENTED_EDGE('',*,*,#1669,.F.);
#2273=ORIENTED_EDGE('',*,*,#1521,.F.);
#2274=ORIENTED_EDGE('',*,*,#1675,.F.);
#2275=ORIENTED_EDGE('',*,*,#1679,.F.);
#2276=ORIENTED_EDGE('',*,*,#1676,.F.);
#2277=ORIENTED_EDGE('',*,*,#1519,.F.);
#2278=ORIENTED_EDGE('',*,*,#1673,.F.);
#2279=ORIENTED_EDGE('',*,*,#1565,.T.);
#2280=ORIENTED_EDGE('',*,*,#1706,.T.);
#2281=ORIENTED_EDGE('',*,*,#1707,.T.);
#2282=ORIENTED_EDGE('',*,*,#1708,.T.);
#2283=ORIENTED_EDGE('',*,*,#1709,.T.);
#2284=ORIENTED_EDGE('',*,*,#1574,.F.);
#2285=ORIENTED_EDGE('',*,*,#1710,.T.);
#2286=ORIENTED_EDGE('',*,*,#1576,.T.);
#2287=ORIENTED_EDGE('',*,*,#1711,.T.);
#2288=ORIENTED_EDGE('',*,*,#1712,.T.);
#2289=ORIENTED_EDGE('',*,*,#1713,.T.);
#2290=ORIENTED_EDGE('',*,*,#1583,.F.);
#2291=ORIENTED_EDGE('',*,*,#1585,.T.);
#2292=ORIENTED_EDGE('',*,*,#1714,.T.);
#2293=ORIENTED_EDGE('',*,*,#1715,.T.);
#2294=ORIENTED_EDGE('',*,*,#1716,.T.);
#2295=ORIENTED_EDGE('',*,*,#1717,.T.);
#2296=ORIENTED_EDGE('',*,*,#1594,.F.);
#2297=ORIENTED_EDGE('',*,*,#1596,.T.);
#2298=ORIENTED_EDGE('',*,*,#1718,.T.);
#2299=ORIENTED_EDGE('',*,*,#1719,.T.);
#2300=ORIENTED_EDGE('',*,*,#1720,.T.);
#2301=ORIENTED_EDGE('',*,*,#1721,.T.);
#2302=ORIENTED_EDGE('',*,*,#1603,.F.);
#2303=ORIENTED_EDGE('',*,*,#1722,.F.);
#2304=ORIENTED_EDGE('',*,*,#1723,.T.);
#2305=ORIENTED_EDGE('',*,*,#1724,.F.);
#2306=ORIENTED_EDGE('',*,*,#1725,.T.);
#2307=ORIENTED_EDGE('',*,*,#1726,.F.);
#2308=ORIENTED_EDGE('',*,*,#1727,.T.);
#2309=ORIENTED_EDGE('',*,*,#1728,.F.);
#2310=ORIENTED_EDGE('',*,*,#1729,.T.);
#2311=ORIENTED_EDGE('',*,*,#1553,.T.);
#2312=ORIENTED_EDGE('',*,*,#1730,.T.);
#2313=ORIENTED_EDGE('',*,*,#1726,.T.);
#2314=ORIENTED_EDGE('',*,*,#1731,.T.);
#2315=ORIENTED_EDGE('',*,*,#1724,.T.);
#2316=ORIENTED_EDGE('',*,*,#1732,.T.);
#2317=ORIENTED_EDGE('',*,*,#1733,.F.);
#2318=ORIENTED_EDGE('',*,*,#1734,.T.);
#2319=ORIENTED_EDGE('',*,*,#1648,.T.);
#2320=ORIENTED_EDGE('',*,*,#1735,.T.);
#2321=ORIENTED_EDGE('',*,*,#1736,.F.);
#2322=ORIENTED_EDGE('',*,*,#1737,.T.);
#2323=ORIENTED_EDGE('',*,*,#1722,.T.);
#2324=ORIENTED_EDGE('',*,*,#1738,.T.);
#2325=ORIENTED_EDGE('',*,*,#1736,.T.);
#2326=ORIENTED_EDGE('',*,*,#1739,.T.);
#2327=ORIENTED_EDGE('',*,*,#1728,.T.);
#2328=ORIENTED_EDGE('',*,*,#1740,.T.);
#2329=ORIENTED_EDGE('',*,*,#1733,.T.);
#2330=ORIENTED_EDGE('',*,*,#1741,.T.);
#2331=ORIENTED_EDGE('',*,*,#1524,.T.);
#2332=ORIENTED_EDGE('',*,*,#1742,.T.);
#2333=ORIENTED_EDGE('',*,*,#1743,.F.);
#2334=ORIENTED_EDGE('',*,*,#1744,.F.);
#2335=ORIENTED_EDGE('',*,*,#1525,.T.);
#2336=ORIENTED_EDGE('',*,*,#1744,.T.);
#2337=ORIENTED_EDGE('',*,*,#1745,.F.);
#2338=ORIENTED_EDGE('',*,*,#1652,.F.);
#2339=ORIENTED_EDGE('',*,*,#1746,.F.);
#2340=ORIENTED_EDGE('',*,*,#1747,.F.);
#2341=ORIENTED_EDGE('',*,*,#1742,.F.);
#2342=ORIENTED_EDGE('',*,*,#1523,.T.);
#2343=ORIENTED_EDGE('',*,*,#1668,.T.);
#2344=ORIENTED_EDGE('',*,*,#1677,.F.);
#2345=ORIENTED_EDGE('',*,*,#1671,.T.);
#2346=ORIENTED_EDGE('',*,*,#1517,.T.);
#2347=ORIENTED_EDGE('',*,*,#1748,.T.);
#2348=ORIENTED_EDGE('',*,*,#1749,.F.);
#2349=ORIENTED_EDGE('',*,*,#1738,.F.);
#2350=ORIENTED_EDGE('',*,*,#1727,.F.);
#2351=ORIENTED_EDGE('',*,*,#1730,.F.);
#2352=ORIENTED_EDGE('',*,*,#1750,.F.);
#2353=ORIENTED_EDGE('',*,*,#1554,.F.);
#2354=ORIENTED_EDGE('',*,*,#1729,.F.);
#2355=ORIENTED_EDGE('',*,*,#1751,.F.);
#2356=ORIENTED_EDGE('',*,*,#1544,.F.);
#2357=ORIENTED_EDGE('',*,*,#1751,.T.);
#2358=ORIENTED_EDGE('',*,*,#1739,.F.);
#2359=ORIENTED_EDGE('',*,*,#1752,.F.);
#2360=ORIENTED_EDGE('',*,*,#1545,.F.);
#2361=ORIENTED_EDGE('',*,*,#1752,.T.);
#2362=ORIENTED_EDGE('',*,*,#1735,.F.);
#2363=ORIENTED_EDGE('',*,*,#1647,.F.);
#2364=ORIENTED_EDGE('',*,*,#1546,.F.);
#2365=ORIENTED_EDGE('',*,*,#1741,.F.);
#2366=ORIENTED_EDGE('',*,*,#1732,.F.);
#2367=ORIENTED_EDGE('',*,*,#1723,.F.);
#2368=ORIENTED_EDGE('',*,*,#1737,.F.);
#2369=ORIENTED_EDGE('',*,*,#1740,.F.);
#2370=ORIENTED_EDGE('',*,*,#1731,.F.);
#2371=ORIENTED_EDGE('',*,*,#1725,.F.);
#2372=ORIENTED_EDGE('',*,*,#1734,.F.);
#2373=ORIENTED_EDGE('',*,*,#1753,.F.);
#2374=ORIENTED_EDGE('',*,*,#1754,.T.);
#2375=ORIENTED_EDGE('',*,*,#1507,.T.);
#2376=ORIENTED_EDGE('',*,*,#1755,.T.);
#2377=ORIENTED_EDGE('',*,*,#1756,.F.);
#2378=ORIENTED_EDGE('',*,*,#1757,.T.);
#2379=ORIENTED_EDGE('',*,*,#1502,.T.);
#2380=ORIENTED_EDGE('',*,*,#1758,.T.);
#2381=ORIENTED_EDGE('',*,*,#1759,.F.);
#2382=ORIENTED_EDGE('',*,*,#1760,.T.);
#2383=ORIENTED_EDGE('',*,*,#1639,.T.);
#2384=ORIENTED_EDGE('',*,*,#1761,.T.);
#2385=ORIENTED_EDGE('',*,*,#1762,.F.);
#2386=ORIENTED_EDGE('',*,*,#1763,.T.);
#2387=ORIENTED_EDGE('',*,*,#1497,.T.);
#2388=ORIENTED_EDGE('',*,*,#1764,.T.);
#2389=ORIENTED_EDGE('',*,*,#1765,.F.);
#2390=ORIENTED_EDGE('',*,*,#1599,.T.);
#2391=ORIENTED_EDGE('',*,*,#1766,.T.);
#2392=ORIENTED_EDGE('',*,*,#1756,.T.);
#2393=ORIENTED_EDGE('',*,*,#1767,.T.);
#2394=ORIENTED_EDGE('',*,*,#1578,.T.);
#2395=ORIENTED_EDGE('',*,*,#1768,.F.);
#2396=ORIENTED_EDGE('',*,*,#1769,.F.);
#2397=ORIENTED_EDGE('',*,*,#1770,.T.);
#2398=ORIENTED_EDGE('',*,*,#1762,.T.);
#2399=ORIENTED_EDGE('',*,*,#1771,.T.);
#2400=ORIENTED_EDGE('',*,*,#1569,.T.);
#2401=ORIENTED_EDGE('',*,*,#1772,.T.);
#2402=ORIENTED_EDGE('',*,*,#1759,.T.);
#2403=ORIENTED_EDGE('',*,*,#1773,.T.);
#2404=ORIENTED_EDGE('',*,*,#1588,.T.);
#2405=ORIENTED_EDGE('',*,*,#1774,.T.);
#2406=ORIENTED_EDGE('',*,*,#1753,.T.);
#2407=ORIENTED_EDGE('',*,*,#1775,.T.);
#2408=ORIENTED_EDGE('',*,*,#1776,.F.);
#2409=ORIENTED_EDGE('',*,*,#1777,.F.);
#2410=ORIENTED_EDGE('',*,*,#1778,.F.);
#2411=ORIENTED_EDGE('',*,*,#1645,.T.);
#2412=ORIENTED_EDGE('',*,*,#1779,.F.);
#2413=ORIENTED_EDGE('',*,*,#1498,.F.);
#2414=ORIENTED_EDGE('',*,*,#1763,.F.);
#2415=ORIENTED_EDGE('',*,*,#1770,.F.);
#2416=ORIENTED_EDGE('',*,*,#1771,.F.);
#2417=ORIENTED_EDGE('',*,*,#1764,.F.);
#2418=ORIENTED_EDGE('',*,*,#1496,.F.);
#2419=ORIENTED_EDGE('',*,*,#1570,.F.);
#2420=ORIENTED_EDGE('',*,*,#1508,.F.);
#2421=ORIENTED_EDGE('',*,*,#1754,.F.);
#2422=ORIENTED_EDGE('',*,*,#1774,.F.);
#2423=ORIENTED_EDGE('',*,*,#1587,.F.);
#2424=ORIENTED_EDGE('',*,*,#1503,.F.);
#2425=ORIENTED_EDGE('',*,*,#1757,.F.);
#2426=ORIENTED_EDGE('',*,*,#1766,.F.);
#2427=ORIENTED_EDGE('',*,*,#1598,.F.);
#2428=ORIENTED_EDGE('',*,*,#1767,.F.);
#2429=ORIENTED_EDGE('',*,*,#1758,.F.);
#2430=ORIENTED_EDGE('',*,*,#1501,.F.);
#2431=ORIENTED_EDGE('',*,*,#1579,.F.);
#2432=ORIENTED_EDGE('',*,*,#1780,.F.);
#2433=ORIENTED_EDGE('',*,*,#1775,.F.);
#2434=ORIENTED_EDGE('',*,*,#1755,.F.);
#2435=ORIENTED_EDGE('',*,*,#1506,.F.);
#2436=ORIENTED_EDGE('',*,*,#1640,.F.);
#2437=ORIENTED_EDGE('',*,*,#1760,.F.);
#2438=ORIENTED_EDGE('',*,*,#1772,.F.);
#2439=ORIENTED_EDGE('',*,*,#1568,.F.);
#2440=ORIENTED_EDGE('',*,*,#1773,.F.);
#2441=ORIENTED_EDGE('',*,*,#1761,.F.);
#2442=ORIENTED_EDGE('',*,*,#1638,.F.);
#2443=ORIENTED_EDGE('',*,*,#1589,.F.);
#2444=ORIENTED_EDGE('',*,*,#1781,.T.);
#2445=ORIENTED_EDGE('',*,*,#1688,.T.);
#2446=ORIENTED_EDGE('',*,*,#1584,.F.);
#2447=ORIENTED_EDGE('',*,*,#1713,.F.);
#2448=ORIENTED_EDGE('',*,*,#1582,.T.);
#2449=ORIENTED_EDGE('',*,*,#1689,.T.);
#2450=ORIENTED_EDGE('',*,*,#1781,.F.);
#2451=ORIENTED_EDGE('',*,*,#1712,.F.);
#2452=ORIENTED_EDGE('',*,*,#1769,.T.);
#2453=ORIENTED_EDGE('',*,*,#1782,.F.);
#2454=ORIENTED_EDGE('',*,*,#1711,.F.);
#2455=ORIENTED_EDGE('',*,*,#1580,.T.);
#2456=ORIENTED_EDGE('',*,*,#1499,.T.);
#2457=ORIENTED_EDGE('',*,*,#1779,.T.);
#2458=ORIENTED_EDGE('',*,*,#1768,.T.);
#2459=ORIENTED_EDGE('',*,*,#1577,.F.);
#2460=ORIENTED_EDGE('',*,*,#1710,.F.);
#2461=ORIENTED_EDGE('',*,*,#1782,.T.);
#2462=ORIENTED_EDGE('',*,*,#1783,.T.);
#2463=ORIENTED_EDGE('',*,*,#1684,.T.);
#2464=ORIENTED_EDGE('',*,*,#1604,.F.);
#2465=ORIENTED_EDGE('',*,*,#1721,.F.);
#2466=ORIENTED_EDGE('',*,*,#1602,.T.);
#2467=ORIENTED_EDGE('',*,*,#1685,.T.);
#2468=ORIENTED_EDGE('',*,*,#1783,.F.);
#2469=ORIENTED_EDGE('',*,*,#1720,.F.);
#2470=ORIENTED_EDGE('',*,*,#1784,.T.);
#2471=ORIENTED_EDGE('',*,*,#1682,.T.);
#2472=ORIENTED_EDGE('',*,*,#1595,.F.);
#2473=ORIENTED_EDGE('',*,*,#1717,.F.);
#2474=ORIENTED_EDGE('',*,*,#1593,.T.);
#2475=ORIENTED_EDGE('',*,*,#1683,.T.);
#2476=ORIENTED_EDGE('',*,*,#1784,.F.);
#2477=ORIENTED_EDGE('',*,*,#1716,.F.);
#2478=ORIENTED_EDGE('',*,*,#1785,.T.);
#2479=ORIENTED_EDGE('',*,*,#1686,.T.);
#2480=ORIENTED_EDGE('',*,*,#1575,.F.);
#2481=ORIENTED_EDGE('',*,*,#1709,.F.);
#2482=ORIENTED_EDGE('',*,*,#1573,.T.);
#2483=ORIENTED_EDGE('',*,*,#1687,.T.);
#2484=ORIENTED_EDGE('',*,*,#1785,.F.);
#2485=ORIENTED_EDGE('',*,*,#1708,.F.);
#2486=ORIENTED_EDGE('',*,*,#1765,.T.);
#2487=ORIENTED_EDGE('',*,*,#1786,.F.);
#2488=ORIENTED_EDGE('',*,*,#1718,.F.);
#2489=ORIENTED_EDGE('',*,*,#1600,.T.);
#2490=ORIENTED_EDGE('',*,*,#1776,.T.);
#2491=ORIENTED_EDGE('',*,*,#1780,.T.);
#2492=ORIENTED_EDGE('',*,*,#1505,.T.);
#2493=ORIENTED_EDGE('',*,*,#1597,.F.);
#2494=ORIENTED_EDGE('',*,*,#1719,.F.);
#2495=ORIENTED_EDGE('',*,*,#1786,.T.);
#2496=ORIENTED_EDGE('',*,*,#1704,.F.);
#2497=ORIENTED_EDGE('',*,*,#1787,.F.);
#2498=ORIENTED_EDGE('',*,*,#1788,.F.);
#2499=ORIENTED_EDGE('',*,*,#1591,.T.);
#2500=ORIENTED_EDGE('',*,*,#1637,.T.);
#2501=ORIENTED_EDGE('',*,*,#1788,.T.);
#2502=ORIENTED_EDGE('',*,*,#1789,.F.);
#2503=ORIENTED_EDGE('',*,*,#1714,.F.);
#2504=ORIENTED_EDGE('',*,*,#1789,.T.);
#2505=ORIENTED_EDGE('',*,*,#1787,.T.);
#2506=ORIENTED_EDGE('',*,*,#1510,.T.);
#2507=ORIENTED_EDGE('',*,*,#1586,.F.);
#2508=ORIENTED_EDGE('',*,*,#1715,.F.);
#2509=ORIENTED_EDGE('',*,*,#1705,.F.);
#2510=ORIENTED_EDGE('',*,*,#1790,.F.);
#2511=ORIENTED_EDGE('',*,*,#1791,.F.);
#2512=ORIENTED_EDGE('',*,*,#1571,.T.);
#2513=ORIENTED_EDGE('',*,*,#1494,.T.);
#2514=ORIENTED_EDGE('',*,*,#1791,.T.);
#2515=ORIENTED_EDGE('',*,*,#1792,.F.);
#2516=ORIENTED_EDGE('',*,*,#1706,.F.);
#2517=ORIENTED_EDGE('',*,*,#1792,.T.);
#2518=ORIENTED_EDGE('',*,*,#1790,.T.);
#2519=ORIENTED_EDGE('',*,*,#1641,.T.);
#2520=ORIENTED_EDGE('',*,*,#1566,.F.);
#2521=ORIENTED_EDGE('',*,*,#1707,.F.);
#2522=ORIENTED_EDGE('',*,*,#1777,.T.);
#2523=ORIENTED_EDGE('',*,*,#1644,.F.);
#2524=ORIENTED_EDGE('',*,*,#1680,.F.);
#2525=ORIENTED_EDGE('',*,*,#1793,.T.);
#2526=ORIENTED_EDGE('',*,*,#1778,.T.);
#2527=ORIENTED_EDGE('',*,*,#1793,.F.);
#2528=ORIENTED_EDGE('',*,*,#1681,.F.);
#2529=ORIENTED_EDGE('',*,*,#1646,.T.);
#2530=ORIENTED_EDGE('',*,*,#1794,.T.);
#2531=ORIENTED_EDGE('',*,*,#1536,.T.);
#2532=ORIENTED_EDGE('',*,*,#1660,.F.);
#2533=ORIENTED_EDGE('',*,*,#1629,.F.);
#2534=ORIENTED_EDGE('',*,*,#1661,.T.);
#2535=ORIENTED_EDGE('',*,*,#1537,.T.);
#2536=ORIENTED_EDGE('',*,*,#1794,.F.);
#2537=ORIENTED_EDGE('',*,*,#1636,.F.);
#2538=ORIENTED_EDGE('',*,*,#1795,.T.);
#2539=ORIENTED_EDGE('',*,*,#1533,.T.);
#2540=ORIENTED_EDGE('',*,*,#1666,.F.);
#2541=ORIENTED_EDGE('',*,*,#1610,.F.);
#2542=ORIENTED_EDGE('',*,*,#1667,.T.);
#2543=ORIENTED_EDGE('',*,*,#1534,.T.);
#2544=ORIENTED_EDGE('',*,*,#1795,.F.);
#2545=ORIENTED_EDGE('',*,*,#1615,.F.);
#2546=ORIENTED_EDGE('',*,*,#1796,.T.);
#2547=ORIENTED_EDGE('',*,*,#1530,.T.);
#2548=ORIENTED_EDGE('',*,*,#1664,.F.);
#2549=ORIENTED_EDGE('',*,*,#1616,.F.);
#2550=ORIENTED_EDGE('',*,*,#1665,.T.);
#2551=ORIENTED_EDGE('',*,*,#1531,.T.);
#2552=ORIENTED_EDGE('',*,*,#1796,.F.);
#2553=ORIENTED_EDGE('',*,*,#1621,.F.);
#2554=ORIENTED_EDGE('',*,*,#1797,.T.);
#2555=ORIENTED_EDGE('',*,*,#1527,.T.);
#2556=ORIENTED_EDGE('',*,*,#1662,.F.);
#2557=ORIENTED_EDGE('',*,*,#1622,.F.);
#2558=ORIENTED_EDGE('',*,*,#1663,.T.);
#2559=ORIENTED_EDGE('',*,*,#1528,.T.);
#2560=ORIENTED_EDGE('',*,*,#1797,.F.);
#2561=ORIENTED_EDGE('',*,*,#1628,.F.);
#2562=ORIENTED_EDGE('',*,*,#1526,.T.);
#2563=ORIENTED_EDGE('',*,*,#1747,.T.);
#2564=ORIENTED_EDGE('',*,*,#1798,.F.);
#2565=ORIENTED_EDGE('',*,*,#1748,.F.);
#2566=ORIENTED_EDGE('',*,*,#1478,.T.);
#2567=ORIENTED_EDGE('',*,*,#1483,.T.);
#2568=ORIENTED_EDGE('',*,*,#1551,.T.);
#2569=ORIENTED_EDGE('',*,*,#1657,.T.);
#2570=ORIENTED_EDGE('',*,*,#1560,.T.);
#2571=ORIENTED_EDGE('',*,*,#1632,.F.);
#2572=ORIENTED_EDGE('',*,*,#1634,.F.);
#2573=ORIENTED_EDGE('',*,*,#1653,.T.);
#2574=ORIENTED_EDGE('',*,*,#1745,.T.);
#2575=ORIENTED_EDGE('',*,*,#1743,.T.);
#2576=ORIENTED_EDGE('',*,*,#1749,.T.);
#2577=ORIENTED_EDGE('',*,*,#1798,.T.);
#2578=ORIENTED_EDGE('',*,*,#1746,.T.);
#2579=ORIENTED_EDGE('',*,*,#1651,.T.);
#2580=ORIENTED_EDGE('',*,*,#1625,.F.);
#2581=ORIENTED_EDGE('',*,*,#1562,.T.);
#2582=ORIENTED_EDGE('',*,*,#1656,.T.);
#2583=ORIENTED_EDGE('',*,*,#1703,.T.);
#2584=ORIENTED_EDGE('',*,*,#1649,.T.);
#2585=ORIENTED_EDGE('',*,*,#1750,.T.);
#2586=ORIENTED_EDGE('',*,*,#1552,.T.);
#2587=ORIENTED_EDGE('',*,*,#1619,.F.);
#2588=ORIENTED_EDGE('',*,*,#1613,.F.);
#2589=TOROIDAL_SURFACE('',#2746,2.8,0.2);
#2590=TOROIDAL_SURFACE('',#2755,2.8,0.2);
#2591=TOROIDAL_SURFACE('',#2764,2.8,0.2);
#2592=TOROIDAL_SURFACE('',#2773,2.8,0.2);
#2593=ADVANCED_FACE('',(#717),#2589,.T.);
#2594=ADVANCED_FACE('',(#718),#675,.T.);
#2595=ADVANCED_FACE('',(#719,#43),#74,.T.);
#2596=ADVANCED_FACE('',(#720),#2590,.T.);
#2597=ADVANCED_FACE('',(#721),#676,.T.);
#2598=ADVANCED_FACE('',(#722,#44),#75,.T.);
#2599=ADVANCED_FACE('',(#723),#2591,.T.);
#2600=ADVANCED_FACE('',(#724),#677,.T.);
#2601=ADVANCED_FACE('',(#725,#45),#76,.T.);
#2602=ADVANCED_FACE('',(#726),#2592,.T.);
#2603=ADVANCED_FACE('',(#727),#678,.T.);
#2604=ADVANCED_FACE('',(#728,#46),#77,.T.);
#2605=ADVANCED_FACE('',(#729),#679,.T.);
#2606=ADVANCED_FACE('',(#730),#78,.T.);
#2607=ADVANCED_FACE('',(#731,#47,#48,#49,#50,#51),#79,.T.);
#2608=ADVANCED_FACE('',(#732),#680,.T.);
#2609=ADVANCED_FACE('',(#733),#80,.T.);
#2610=ADVANCED_FACE('',(#734),#681,.T.);
#2611=ADVANCED_FACE('',(#735),#81,.T.);
#2612=ADVANCED_FACE('',(#736),#682,.T.);
#2613=ADVANCED_FACE('',(#737),#683,.F.);
#2614=ADVANCED_FACE('',(#738),#684,.F.);
#2615=ADVANCED_FACE('',(#739),#685,.F.);
#2616=ADVANCED_FACE('',(#740),#686,.F.);
#2617=ADVANCED_FACE('',(#741),#687,.F.);
#2618=ADVANCED_FACE('',(#742),#82,.T.);
#2619=ADVANCED_FACE('',(#743,#52,#53,#54,#55,#56),#83,.F.);
#2620=ADVANCED_FACE('',(#744),#84,.T.);
#2621=ADVANCED_FACE('',(#745),#85,.T.);
#2622=ADVANCED_FACE('',(#746),#86,.T.);
#2623=ADVANCED_FACE('',(#747),#87,.T.);
#2624=ADVANCED_FACE('',(#748,#57,#58,#59,#60,#61),#88,.T.);
#2625=ADVANCED_FACE('',(#749),#89,.T.);
#2626=ADVANCED_FACE('',(#750),#90,.T.);
#2627=ADVANCED_FACE('',(#751),#688,.T.);
#2628=ADVANCED_FACE('',(#752),#91,.T.);
#2629=ADVANCED_FACE('',(#753),#36,.T.);
#2630=ADVANCED_FACE('',(#754),#37,.T.);
#2631=ADVANCED_FACE('',(#755),#689,.F.);
#2632=ADVANCED_FACE('',(#756),#690,.F.);
#2633=ADVANCED_FACE('',(#757),#691,.F.);
#2634=ADVANCED_FACE('',(#758),#692,.F.);
#2635=ADVANCED_FACE('',(#759),#693,.F.);
#2636=ADVANCED_FACE('',(#760),#694,.F.);
#2637=ADVANCED_FACE('',(#761),#695,.F.);
#2638=ADVANCED_FACE('',(#762),#696,.F.);
#2639=ADVANCED_FACE('',(#763),#697,.T.);
#2640=ADVANCED_FACE('',(#764),#38,.F.);
#2641=ADVANCED_FACE('',(#765),#39,.F.);
#2642=ADVANCED_FACE('',(#766),#40,.F.);
#2643=ADVANCED_FACE('',(#767),#41,.F.);
#2644=ADVANCED_FACE('',(#768),#92,.T.);
#2645=ADVANCED_FACE('',(#769),#698,.F.);
#2646=ADVANCED_FACE('',(#770),#93,.T.);
#2647=ADVANCED_FACE('',(#771),#42,.T.);
#2648=ADVANCED_FACE('',(#772),#94,.T.);
#2649=ADVANCED_FACE('',(#773),#699,.F.);
#2650=ADVANCED_FACE('',(#774),#700,.F.);
#2651=ADVANCED_FACE('',(#775),#701,.F.);
#2652=ADVANCED_FACE('',(#776),#702,.F.);
#2653=ADVANCED_FACE('',(#777),#95,.T.);
#2654=ADVANCED_FACE('',(#778),#96,.T.);
#2655=ADVANCED_FACE('',(#779),#97,.T.);
#2656=ADVANCED_FACE('',(#780),#98,.F.);
#2657=ADVANCED_FACE('',(#781,#62,#63,#64,#65,#66),#99,.T.);
#2658=ADVANCED_FACE('',(#782),#100,.F.);
#2659=ADVANCED_FACE('',(#783),#101,.T.);
#2660=ADVANCED_FACE('',(#784),#102,.F.);
#2661=ADVANCED_FACE('',(#785),#103,.F.);
#2662=ADVANCED_FACE('',(#786),#104,.T.);
#2663=ADVANCED_FACE('',(#787),#703,.T.);
#2664=ADVANCED_FACE('',(#788),#105,.T.);
#2665=ADVANCED_FACE('',(#789),#704,.T.);
#2666=ADVANCED_FACE('',(#790),#705,.F.);
#2667=ADVANCED_FACE('',(#791),#706,.F.);
#2668=ADVANCED_FACE('',(#792),#707,.F.);
#2669=ADVANCED_FACE('',(#793),#708,.F.);
#2670=ADVANCED_FACE('',(#794,#67),#106,.F.);
#2671=ADVANCED_FACE('',(#795,#68),#107,.F.);
#2672=ADVANCED_FACE('',(#796,#69),#108,.F.);
#2673=ADVANCED_FACE('',(#797,#70),#109,.F.);
#2674=ADVANCED_FACE('',(#798),#110,.F.);
#2675=ADVANCED_FACE('',(#799),#111,.F.);
#2676=ADVANCED_FACE('',(#800),#112,.F.);
#2677=ADVANCED_FACE('',(#801),#113,.F.);
#2678=ADVANCED_FACE('',(#802),#114,.T.);
#2679=ADVANCED_FACE('',(#803),#115,.F.);
#2680=ADVANCED_FACE('',(#804),#116,.F.);
#2681=ADVANCED_FACE('',(#805),#117,.F.);
#2682=ADVANCED_FACE('',(#806),#118,.T.);
#2683=ADVANCED_FACE('',(#807),#119,.F.);
#2684=ADVANCED_FACE('',(#808),#120,.T.);
#2685=ADVANCED_FACE('',(#809),#121,.F.);
#2686=ADVANCED_FACE('',(#810),#122,.F.);
#2687=ADVANCED_FACE('',(#811),#123,.F.);
#2688=ADVANCED_FACE('',(#812),#124,.F.);
#2689=ADVANCED_FACE('',(#813),#125,.F.);
#2690=ADVANCED_FACE('',(#814),#126,.F.);
#2691=ADVANCED_FACE('',(#815),#127,.F.);
#2692=ADVANCED_FACE('',(#816,#71),#128,.T.);
#2693=ADVANCED_FACE('',(#817),#709,.T.);
#2694=ADVANCED_FACE('',(#818),#710,.T.);
#2695=ADVANCED_FACE('',(#819),#711,.T.);
#2696=ADVANCED_FACE('',(#820),#712,.T.);
#2697=ADVANCED_FACE('',(#821),#713,.T.);
#2698=ADVANCED_FACE('',(#822),#714,.T.);
#2699=ADVANCED_FACE('',(#823),#715,.T.);
#2700=ADVANCED_FACE('',(#824),#716,.T.);
#2701=ADVANCED_FACE('',(#825),#129,.F.);
#2702=ADVANCED_FACE('',(#826),#130,.F.);
#2703=ADVANCED_FACE('',(#827),#131,.F.);
#2704=ADVANCED_FACE('',(#828),#132,.F.);
#2705=ADVANCED_FACE('',(#829),#133,.F.);
#2706=ADVANCED_FACE('',(#830),#134,.F.);
#2707=ADVANCED_FACE('',(#831),#135,.F.);
#2708=ADVANCED_FACE('',(#832),#136,.F.);
#2709=ADVANCED_FACE('',(#833),#137,.F.);
#2710=ADVANCED_FACE('',(#834),#138,.F.);
#2711=ADVANCED_FACE('',(#835),#139,.F.);
#2712=ADVANCED_FACE('',(#836),#140,.F.);
#2713=ADVANCED_FACE('',(#837),#141,.F.);
#2714=ADVANCED_FACE('',(#838),#142,.F.);
#2715=ADVANCED_FACE('',(#839),#143,.F.);
#2716=ADVANCED_FACE('',(#840),#144,.F.);
#2717=ADVANCED_FACE('',(#841),#145,.F.);
#2718=ADVANCED_FACE('',(#842),#146,.F.);
#2719=ADVANCED_FACE('',(#843),#147,.F.);
#2720=ADVANCED_FACE('',(#844),#148,.F.);
#2721=ADVANCED_FACE('',(#845),#149,.F.);
#2722=ADVANCED_FACE('',(#846),#150,.F.);
#2723=ADVANCED_FACE('',(#847),#151,.F.);
#2724=ADVANCED_FACE('',(#848),#152,.F.);
#2725=ADVANCED_FACE('',(#849),#153,.F.);
#2726=ADVANCED_FACE('',(#850),#154,.F.);
#2727=ADVANCED_FACE('',(#851),#155,.F.);
#2728=ADVANCED_FACE('',(#852),#156,.F.);
#2729=ADVANCED_FACE('',(#853),#157,.F.);
#2730=ADVANCED_FACE('',(#854,#72,#73),#158,.F.);
#2731=CLOSED_SHELL('',(#2593,#2594,#2595,#2596,#2597,#2598,#2599,#2600,
#2601,#2602,#2603,#2604,#2605,#2606,#2607,#2608,#2609,#2610,#2611,#2612,
#2613,#2614,#2615,#2616,#2617,#2618,#2619,#2620,#2621,#2622,#2623,#2624,
#2625,#2626,#2627,#2628,#2629,#2630,#2631,#2632,#2633,#2634,#2635,#2636,
#2637,#2638,#2639,#2640,#2641,#2642,#2643,#2644,#2645,#2646,#2647,#2648,
#2649,#2650,#2651,#2652,#2653,#2654,#2655,#2656,#2657,#2658,#2659,#2660,
#2661,#2662,#2663,#2664,#2665,#2666,#2667,#2668,#2669,#2670,#2671,#2672,
#2673,#2674,#2675,#2676,#2677,#2678,#2679,#2680,#2681,#2682,#2683,#2684,
#2685,#2686,#2687,#2688,#2689,#2690,#2691,#2692,#2693,#2694,#2695,#2696,
#2697,#2698,#2699,#2700,#2701,#2702,#2703,#2704,#2705,#2706,#2707,#2708,
#2709,#2710,#2711,#2712,#2713,#2714,#2715,#2716,#2717,#2718,#2719,#2720,
#2721,#2722,#2723,#2724,#2725,#2726,#2727,#2728,#2729,#2730));
#2732=DERIVED_UNIT_ELEMENT(#2734,1.);
#2733=DERIVED_UNIT_ELEMENT(#4665,-3.);
#2734=(
MASS_UNIT()
NAMED_UNIT(*)
SI_UNIT(.KILO.,.GRAM.)
);
#2735=DERIVED_UNIT((#2732,#2733));
#2736=MEASURE_REPRESENTATION_ITEM('density measure',
POSITIVE_RATIO_MEASURE(7850.),#2735);
#2737=PROPERTY_DEFINITION_REPRESENTATION(#2742,#2739);
#2738=PROPERTY_DEFINITION_REPRESENTATION(#2743,#2740);
#2739=REPRESENTATION('material name',(#2741),#4662);
#2740=REPRESENTATION('density',(#2736),#4662);
#2741=DESCRIPTIVE_REPRESENTATION_ITEM('Steel','Steel');
#2742=PROPERTY_DEFINITION('material property','material name',#4677);
#2743=PROPERTY_DEFINITION('material property','density of part',#4677);
#2744=AXIS2_PLACEMENT_3D('',#3785,#3005,#3006);
#2745=AXIS2_PLACEMENT_3D('',#3786,#3007,#3008);
#2746=AXIS2_PLACEMENT_3D('',#3787,#3009,#3010);
#2747=AXIS2_PLACEMENT_3D('',#3789,#3011,#3012);
#2748=AXIS2_PLACEMENT_3D('',#3791,#3013,#3014);
#2749=AXIS2_PLACEMENT_3D('',#3793,#3015,#3016);
#2750=AXIS2_PLACEMENT_3D('',#3794,#3017,#3018);
#2751=AXIS2_PLACEMENT_3D('',#3795,#3019,#3020);
#2752=AXIS2_PLACEMENT_3D('',#3798,#3022,#3023);
#2753=AXIS2_PLACEMENT_3D('',#3799,#3024,#3025);
#2754=AXIS2_PLACEMENT_3D('',#3801,#3026,#3027);
#2755=AXIS2_PLACEMENT_3D('',#3802,#3028,#3029);
#2756=AXIS2_PLACEMENT_3D('',#3804,#3030,#3031);
#2757=AXIS2_PLACEMENT_3D('',#3806,#3032,#3033);
#2758=AXIS2_PLACEMENT_3D('',#3808,#3034,#3035);
#2759=AXIS2_PLACEMENT_3D('',#3809,#3036,#3037);
#2760=AXIS2_PLACEMENT_3D('',#3810,#3038,#3039);
#2761=AXIS2_PLACEMENT_3D('',#3813,#3041,#3042);
#2762=AXIS2_PLACEMENT_3D('',#3814,#3043,#3044);
#2763=AXIS2_PLACEMENT_3D('',#3816,#3045,#3046);
#2764=AXIS2_PLACEMENT_3D('',#3817,#3047,#3048);
#2765=AXIS2_PLACEMENT_3D('',#3819,#3049,#3050);
#2766=AXIS2_PLACEMENT_3D('',#3821,#3051,#3052);
#2767=AXIS2_PLACEMENT_3D('',#3823,#3053,#3054);
#2768=AXIS2_PLACEMENT_3D('',#3824,#3055,#3056);
#2769=AXIS2_PLACEMENT_3D('',#3825,#3057,#3058);
#2770=AXIS2_PLACEMENT_3D('',#3828,#3060,#3061);
#2771=AXIS2_PLACEMENT_3D('',#3829,#3062,#3063);
#2772=AXIS2_PLACEMENT_3D('',#3831,#3064,#3065);
#2773=AXIS2_PLACEMENT_3D('',#3832,#3066,#3067);
#2774=AXIS2_PLACEMENT_3D('',#3834,#3068,#3069);
#2775=AXIS2_PLACEMENT_3D('',#3836,#3070,#3071);
#2776=AXIS2_PLACEMENT_3D('',#3838,#3072,#3073);
#2777=AXIS2_PLACEMENT_3D('',#3839,#3074,#3075);
#2778=AXIS2_PLACEMENT_3D('',#3840,#3076,#3077);
#2779=AXIS2_PLACEMENT_3D('',#3843,#3079,#3080);
#2780=AXIS2_PLACEMENT_3D('',#3844,#3081,#3082);
#2781=AXIS2_PLACEMENT_3D('',#3846,#3083,#3084);
#2782=AXIS2_PLACEMENT_3D('',#3847,#3085,#3086);
#2783=AXIS2_PLACEMENT_3D('',#3850,#3087,#3088);
#2784=AXIS2_PLACEMENT_3D('',#3854,#3090,#3091);
#2785=AXIS2_PLACEMENT_3D('',#3856,#3093,#3094);
#2786=AXIS2_PLACEMENT_3D('',#3862,#3098,#3099);
#2787=AXIS2_PLACEMENT_3D('',#3866,#3101,#3102);
#2788=AXIS2_PLACEMENT_3D('',#3870,#3104,#3105);
#2789=AXIS2_PLACEMENT_3D('',#3874,#3107,#3108);
#2790=AXIS2_PLACEMENT_3D('',#3891,#3117,#3118);
#2791=AXIS2_PLACEMENT_3D('',#3893,#3119,#3120);
#2792=AXIS2_PLACEMENT_3D('',#3895,#3121,#3122);
#2793=AXIS2_PLACEMENT_3D('',#3897,#3123,#3124);
#2794=AXIS2_PLACEMENT_3D('',#3899,#3125,#3126);
#2795=AXIS2_PLACEMENT_3D('',#3900,#3127,#3128);
#2796=AXIS2_PLACEMENT_3D('',#3904,#3130,#3131);
#2797=AXIS2_PLACEMENT_3D('',#3906,#3133,#3134);
#2798=AXIS2_PLACEMENT_3D('',#3910,#3137,#3138);
#2799=AXIS2_PLACEMENT_3D('',#3914,#3140,#3141);
#2800=AXIS2_PLACEMENT_3D('',#3916,#3143,#3144);
#2801=AXIS2_PLACEMENT_3D('',#3918,#3146,#3147);
#2802=AXIS2_PLACEMENT_3D('',#3920,#3148,#3149);
#2803=AXIS2_PLACEMENT_3D('',#3922,#3151,#3152);
#2804=AXIS2_PLACEMENT_3D('',#3924,#3153,#3154);
#2805=AXIS2_PLACEMENT_3D('',#3926,#3156,#3157);
#2806=AXIS2_PLACEMENT_3D('',#3928,#3159,#3160);
#2807=AXIS2_PLACEMENT_3D('',#3930,#3162,#3163);
#2808=AXIS2_PLACEMENT_3D('',#3932,#3165,#3166);
#2809=AXIS2_PLACEMENT_3D('',#3934,#3168,#3169);
#2810=AXIS2_PLACEMENT_3D('',#3938,#3172,#3173);
#2811=AXIS2_PLACEMENT_3D('',#3945,#3178,#3179);
#2812=AXIS2_PLACEMENT_3D('',#3951,#3183,#3184);
#2813=AXIS2_PLACEMENT_3D('',#3952,#3185,#3186);
#2814=AXIS2_PLACEMENT_3D('',#3955,#3188,#3189);
#2815=AXIS2_PLACEMENT_3D('',#3956,#3190,#3191);
#2816=AXIS2_PLACEMENT_3D('',#3964,#3196,#3197);
#2817=AXIS2_PLACEMENT_3D('',#3968,#3199,#3200);
#2818=AXIS2_PLACEMENT_3D('',#3976,#3204,#3205);
#2819=AXIS2_PLACEMENT_3D('',#3978,#3206,#3207);
#2820=AXIS2_PLACEMENT_3D('',#3982,#3209,#3210);
#2821=AXIS2_PLACEMENT_3D('',#3986,#3212,#3213);
#2822=AXIS2_PLACEMENT_3D('',#3988,#3214,#3215);
#2823=AXIS2_PLACEMENT_3D('',#3992,#3217,#3218);
#2824=AXIS2_PLACEMENT_3D('',#3994,#3219,#3220);
#2825=AXIS2_PLACEMENT_3D('',#3998,#3222,#3223);
#2826=AXIS2_PLACEMENT_3D('',#4002,#3225,#3226);
#2827=AXIS2_PLACEMENT_3D('',#4004,#3227,#3228);
#2828=AXIS2_PLACEMENT_3D('',#4014,#3233,#3234);
#2829=AXIS2_PLACEMENT_3D('',#4017,#3236,#3237);
#2830=AXIS2_PLACEMENT_3D('',#4024,#3240,#3241);
#2831=AXIS2_PLACEMENT_3D('',#4028,#3243,#3244);
#2832=AXIS2_PLACEMENT_3D('',#4043,#3252,#3253);
#2833=AXIS2_PLACEMENT_3D('',#4049,#3256,#3257);
#2834=AXIS2_PLACEMENT_3D('',#4055,#3260,#3261);
#2835=AXIS2_PLACEMENT_3D('',#4061,#3264,#3265);
#2836=AXIS2_PLACEMENT_3D('',#4062,#3266,#3267);
#2837=AXIS2_PLACEMENT_3D('',#4070,#3272,#3273);
#2838=AXIS2_PLACEMENT_3D('',#4081,#3279,#3280);
#2839=AXIS2_PLACEMENT_3D('',#4082,#3281,#3282);
#2840=AXIS2_PLACEMENT_3D('',#4084,#3283,#3284);
#2841=AXIS2_PLACEMENT_3D('',#4087,#3286,#3287);
#2842=AXIS2_PLACEMENT_3D('',#4088,#3288,#3289);
#2843=AXIS2_PLACEMENT_3D('',#4094,#3293,#3294);
#2844=AXIS2_PLACEMENT_3D('',#4096,#3295,#3296);
#2845=AXIS2_PLACEMENT_3D('',#4099,#3298,#3299);
#2846=AXIS2_PLACEMENT_3D('',#4100,#3300,#3301);
#2847=AXIS2_PLACEMENT_3D('',#4103,#3302,#3303);
#2848=AXIS2_PLACEMENT_3D('',#4114,#3304,#3305);
#2849=AXIS2_PLACEMENT_3D('',#4120,#3306,#3307);
#2850=AXIS2_PLACEMENT_3D('',#4130,#3308,#3309);
#2851=AXIS2_PLACEMENT_3D('',#4131,#3310,#3311);
#2852=AXIS2_PLACEMENT_3D('',#4134,#3312,#3313);
#2853=AXIS2_PLACEMENT_3D('',#4138,#3315,#3316);
#2854=AXIS2_PLACEMENT_3D('',#4142,#3318,#3319);
#2855=AXIS2_PLACEMENT_3D('',#4145,#3322,#3323);
#2856=AXIS2_PLACEMENT_3D('',#4148,#3324,#3325);
#2857=AXIS2_PLACEMENT_3D('',#4152,#3327,#3328);
#2858=AXIS2_PLACEMENT_3D('',#4154,#3330,#3331);
#2859=AXIS2_PLACEMENT_3D('',#4157,#3332,#3333);
#2860=AXIS2_PLACEMENT_3D('',#4161,#3335,#3336);
#2861=AXIS2_PLACEMENT_3D('',#4164,#3339,#3340);
#2862=AXIS2_PLACEMENT_3D('',#4167,#3341,#3342);
#2863=AXIS2_PLACEMENT_3D('',#4171,#3344,#3345);
#2864=AXIS2_PLACEMENT_3D('',#4173,#3347,#3348);
#2865=AXIS2_PLACEMENT_3D('',#4176,#3349,#3350);
#2866=AXIS2_PLACEMENT_3D('',#4181,#3353,#3354);
#2867=AXIS2_PLACEMENT_3D('',#4185,#3356,#3357);
#2868=AXIS2_PLACEMENT_3D('',#4187,#3359,#3360);
#2869=AXIS2_PLACEMENT_3D('',#4190,#3361,#3362);
#2870=AXIS2_PLACEMENT_3D('',#4194,#3364,#3365);
#2871=AXIS2_PLACEMENT_3D('',#4196,#3367,#3368);
#2872=AXIS2_PLACEMENT_3D('',#4199,#3369,#3370);
#2873=AXIS2_PLACEMENT_3D('',#4204,#3373,#3374);
#2874=AXIS2_PLACEMENT_3D('',#4206,#3376,#3377);
#2875=AXIS2_PLACEMENT_3D('',#4209,#3378,#3379);
#2876=AXIS2_PLACEMENT_3D('',#4213,#3381,#3382);
#2877=AXIS2_PLACEMENT_3D('',#4215,#3384,#3385);
#2878=AXIS2_PLACEMENT_3D('',#4238,#3387,#3388);
#2879=AXIS2_PLACEMENT_3D('',#4253,#3389,#3390);
#2880=AXIS2_PLACEMENT_3D('',#4260,#3391,#3392);
#2881=AXIS2_PLACEMENT_3D('',#4263,#3394,#3395);
#2882=AXIS2_PLACEMENT_3D('',#4265,#3396,#3397);
#2883=AXIS2_PLACEMENT_3D('',#4269,#3398,#3399);
#2884=AXIS2_PLACEMENT_3D('',#4276,#3400,#3401);
#2885=AXIS2_PLACEMENT_3D('',#4279,#3403,#3404);
#2886=AXIS2_PLACEMENT_3D('',#4281,#3405,#3406);
#2887=AXIS2_PLACEMENT_3D('',#4285,#3407,#3408);
#2888=AXIS2_PLACEMENT_3D('',#4292,#3409,#3410);
#2889=AXIS2_PLACEMENT_3D('',#4295,#3412,#3413);
#2890=AXIS2_PLACEMENT_3D('',#4305,#3414,#3415);
#2891=AXIS2_PLACEMENT_3D('',#4309,#3416,#3417);
#2892=AXIS2_PLACEMENT_3D('',#4316,#3418,#3419);
#2893=AXIS2_PLACEMENT_3D('',#4319,#3421,#3422);
#2894=AXIS2_PLACEMENT_3D('',#4329,#3423,#3424);
#2895=AXIS2_PLACEMENT_3D('',#4331,#3425,#3426);
#2896=AXIS2_PLACEMENT_3D('',#4335,#3427,#3428);
#2897=AXIS2_PLACEMENT_3D('',#4339,#3430,#3431);
#2898=AXIS2_PLACEMENT_3D('',#4342,#3433,#3434);
#2899=AXIS2_PLACEMENT_3D('',#4346,#3437,#3438);
#2900=AXIS2_PLACEMENT_3D('',#4349,#3439,#3440);
#2901=AXIS2_PLACEMENT_3D('',#4353,#3442,#3443);
#2902=AXIS2_PLACEMENT_3D('',#4355,#3445,#3446);
#2903=AXIS2_PLACEMENT_3D('',#4363,#3451,#3452);
#2904=AXIS2_PLACEMENT_3D('',#4365,#3453,#3454);
#2905=AXIS2_PLACEMENT_3D('',#4370,#3455,#3456);
#2906=AXIS2_PLACEMENT_3D('',#4371,#3457,#3458);
#2907=AXIS2_PLACEMENT_3D('',#4381,#3465,#3466);
#2908=AXIS2_PLACEMENT_3D('',#4384,#3469,#3470);
#2909=AXIS2_PLACEMENT_3D('',#4387,#3473,#3474);
#2910=AXIS2_PLACEMENT_3D('',#4390,#3477,#3478);
#2911=AXIS2_PLACEMENT_3D('',#4393,#3481,#3482);
#2912=AXIS2_PLACEMENT_3D('',#4399,#3486,#3487);
#2913=AXIS2_PLACEMENT_3D('',#4405,#3491,#3492);
#2914=AXIS2_PLACEMENT_3D('',#4411,#3496,#3497);
#2915=AXIS2_PLACEMENT_3D('',#4413,#3499,#3500);
#2916=AXIS2_PLACEMENT_3D('',#4414,#3501,#3502);
#2917=AXIS2_PLACEMENT_3D('',#4415,#3503,#3504);
#2918=AXIS2_PLACEMENT_3D('',#4431,#3515,#3516);
#2919=AXIS2_PLACEMENT_3D('',#4437,#3520,#3521);
#2920=AXIS2_PLACEMENT_3D('',#4438,#3522,#3523);
#2921=AXIS2_PLACEMENT_3D('',#4440,#3525,#3526);
#2922=AXIS2_PLACEMENT_3D('',#4441,#3527,#3528);
#2923=AXIS2_PLACEMENT_3D('',#4447,#3532,#3533);
#2924=AXIS2_PLACEMENT_3D('',#4451,#3536,#3537);
#2925=AXIS2_PLACEMENT_3D('',#4452,#3538,#3539);
#2926=AXIS2_PLACEMENT_3D('',#4453,#3540,#3541);
#2927=AXIS2_PLACEMENT_3D('',#4454,#3542,#3543);
#2928=AXIS2_PLACEMENT_3D('',#4455,#3544,#3545);
#2929=AXIS2_PLACEMENT_3D('',#4456,#3546,#3547);
#2930=AXIS2_PLACEMENT_3D('',#4459,#3550,#3551);
#2931=AXIS2_PLACEMENT_3D('',#4460,#3552,#3553);
#2932=AXIS2_PLACEMENT_3D('',#4461,#3554,#3555);
#2933=AXIS2_PLACEMENT_3D('',#4462,#3556,#3557);
#2934=AXIS2_PLACEMENT_3D('',#4463,#3558,#3559);
#2935=AXIS2_PLACEMENT_3D('',#4464,#3560,#3561);
#2936=AXIS2_PLACEMENT_3D('',#4471,#3566,#3567);
#2937=AXIS2_PLACEMENT_3D('',#4478,#3572,#3573);
#2938=AXIS2_PLACEMENT_3D('',#4485,#3578,#3579);
#2939=AXIS2_PLACEMENT_3D('',#4492,#3584,#3585);
#2940=AXIS2_PLACEMENT_3D('',#4505,#3592,#3593);
#2941=AXIS2_PLACEMENT_3D('',#4512,#3598,#3599);
#2942=AXIS2_PLACEMENT_3D('',#4518,#3603,#3604);
#2943=AXIS2_PLACEMENT_3D('',#4525,#3609,#3610);
#2944=AXIS2_PLACEMENT_3D('',#4529,#3614,#3615);
#2945=AXIS2_PLACEMENT_3D('',#4535,#3619,#3620);
#2946=AXIS2_PLACEMENT_3D('',#4540,#3624,#3625);
#2947=AXIS2_PLACEMENT_3D('',#4544,#3628,#3629);
#2948=AXIS2_PLACEMENT_3D('',#4546,#3631,#3632);
#2949=AXIS2_PLACEMENT_3D('',#4548,#3634,#3635);
#2950=AXIS2_PLACEMENT_3D('',#4550,#3637,#3638);
#2951=AXIS2_PLACEMENT_3D('',#4551,#3639,#3640);
#2952=AXIS2_PLACEMENT_3D('',#4552,#3641,#3642);
#2953=AXIS2_PLACEMENT_3D('',#4553,#3643,#3644);
#2954=AXIS2_PLACEMENT_3D('',#4559,#3648,#3649);
#2955=AXIS2_PLACEMENT_3D('',#4565,#3653,#3654);
#2956=AXIS2_PLACEMENT_3D('',#4571,#3658,#3659);
#2957=AXIS2_PLACEMENT_3D('',#4577,#3663,#3664);
#2958=AXIS2_PLACEMENT_3D('',#4580,#3666,#3667);
#2959=AXIS2_PLACEMENT_3D('',#4581,#3668,#3669);
#2960=AXIS2_PLACEMENT_3D('',#4586,#3672,#3673);
#2961=AXIS2_PLACEMENT_3D('',#4587,#3674,#3675);
#2962=AXIS2_PLACEMENT_3D('',#4588,#3676,#3677);
#2963=AXIS2_PLACEMENT_3D('',#4589,#3678,#3679);
#2964=AXIS2_PLACEMENT_3D('',#4590,#3680,#3681);
#2965=AXIS2_PLACEMENT_3D('',#4592,#3682,#3683);
#2966=AXIS2_PLACEMENT_3D('',#4597,#3687,#3688);
#2967=AXIS2_PLACEMENT_3D('',#4599,#3690,#3691);
#2968=AXIS2_PLACEMENT_3D('',#4600,#3692,#3693);
#2969=AXIS2_PLACEMENT_3D('',#4601,#3694,#3695);
#2970=AXIS2_PLACEMENT_3D('',#4602,#3696,#3697);
#2971=AXIS2_PLACEMENT_3D('',#4603,#3698,#3699);
#2972=AXIS2_PLACEMENT_3D('',#4605,#3701,#3702);
#2973=AXIS2_PLACEMENT_3D('',#4606,#3703,#3704);
#2974=AXIS2_PLACEMENT_3D('',#4607,#3705,#3706);
#2975=AXIS2_PLACEMENT_3D('',#4609,#3708,#3709);
#2976=AXIS2_PLACEMENT_3D('',#4610,#3710,#3711);
#2977=AXIS2_PLACEMENT_3D('',#4612,#3713,#3714);
#2978=AXIS2_PLACEMENT_3D('',#4613,#3715,#3716);
#2979=AXIS2_PLACEMENT_3D('',#4615,#3718,#3719);
#2980=AXIS2_PLACEMENT_3D('',#4616,#3720,#3721);
#2981=AXIS2_PLACEMENT_3D('',#4618,#3723,#3724);
#2982=AXIS2_PLACEMENT_3D('',#4619,#3725,#3726);
#2983=AXIS2_PLACEMENT_3D('',#4621,#3728,#3729);
#2984=AXIS2_PLACEMENT_3D('',#4622,#3730,#3731);
#2985=AXIS2_PLACEMENT_3D('',#4624,#3733,#3734);
#2986=AXIS2_PLACEMENT_3D('',#4625,#3735,#3736);
#2987=AXIS2_PLACEMENT_3D('',#4629,#3739,#3740);
#2988=AXIS2_PLACEMENT_3D('',#4631,#3742,#3743);
#2989=AXIS2_PLACEMENT_3D('',#4632,#3744,#3745);
#2990=AXIS2_PLACEMENT_3D('',#4636,#3748,#3749);
#2991=AXIS2_PLACEMENT_3D('',#4638,#3751,#3752);
#2992=AXIS2_PLACEMENT_3D('',#4639,#3753,#3754);
#2993=AXIS2_PLACEMENT_3D('',#4641,#3756,#3757);
#2994=AXIS2_PLACEMENT_3D('',#4642,#3758,#3759);
#2995=AXIS2_PLACEMENT_3D('',#4644,#3761,#3762);
#2996=AXIS2_PLACEMENT_3D('',#4645,#3763,#3764);
#2997=AXIS2_PLACEMENT_3D('',#4647,#3766,#3767);
#2998=AXIS2_PLACEMENT_3D('',#4648,#3768,#3769);
#2999=AXIS2_PLACEMENT_3D('',#4650,#3771,#3772);
#3000=AXIS2_PLACEMENT_3D('',#4651,#3773,#3774);
#3001=AXIS2_PLACEMENT_3D('',#4653,#3776,#3777);
#3002=AXIS2_PLACEMENT_3D('',#4654,#3778,#3779);
#3003=AXIS2_PLACEMENT_3D('',#4656,#3781,#3782);
#3004=AXIS2_PLACEMENT_3D('',#4657,#3783,#3784);
#3005=DIRECTION('axis',(0.,0.,1.));
#3006=DIRECTION('refdir',(1.,0.,0.));
#3007=DIRECTION('axis',(0.,0.,1.));
#3008=DIRECTION('refdir',(1.,0.,0.));
#3009=DIRECTION('center_axis',(5.21145751740313E-24,1.,-1.32662041466803E-29));
#3010=DIRECTION('ref_axis',(0.,0.,1.));
#3011=DIRECTION('center_axis',(-5.21145751740313E-24,-1.,1.32662041466803E-29));
#3012=DIRECTION('ref_axis',(5.92118946432007E-15,-1.32662041775383E-29,
-1.));
#3013=DIRECTION('center_axis',(-1.,5.21145751740313E-24,0.));
#3014=DIRECTION('ref_axis',(0.,0.,-1.));
#3015=DIRECTION('center_axis',(5.21145751740313E-24,1.,-1.32662041466803E-29));
#3016=DIRECTION('ref_axis',(5.92118946432007E-15,0.,-1.));
#3017=DIRECTION('center_axis',(5.21145751740313E-24,1.,-1.32662041466803E-29));
#3018=DIRECTION('ref_axis',(5.92118946432007E-15,0.,-1.));
#3019=DIRECTION('center_axis',(0.,1.,0.));
#3020=DIRECTION('ref_axis',(3.28322400564268E-15,0.,-1.));
#3021=DIRECTION('',(0.,-1.,0.));
#3022=DIRECTION('center_axis',(-1.9627954350056E-16,-1.,0.));
#3023=DIRECTION('ref_axis',(3.28322400564268E-15,0.,-1.));
#3024=DIRECTION('center_axis',(5.21145751740313E-24,1.,-1.32662041466803E-29));
#3025=DIRECTION('ref_axis',(3.28322400564268E-15,-1.26217744952083E-29,
-1.));
#3026=DIRECTION('center_axis',(-5.21145751740313E-24,-1.,1.32662041466803E-29));
#3027=DIRECTION('ref_axis',(3.28322400564268E-15,-9.01555321419796E-30,
-1.));
#3028=DIRECTION('center_axis',(5.21145751740313E-24,1.,-1.32662041466803E-29));
#3029=DIRECTION('ref_axis',(0.,0.,1.));
#3030=DIRECTION('center_axis',(-5.21145751740313E-24,-1.,1.32662041466803E-29));
#3031=DIRECTION('ref_axis',(5.92118946432007E-15,-1.32662041775383E-29,
-1.));
#3032=DIRECTION('center_axis',(-1.,5.21145751740313E-24,0.));
#3033=DIRECTION('ref_axis',(0.,0.,-1.));
#3034=DIRECTION('center_axis',(5.21145751740313E-24,1.,-1.32662041466803E-29));
#3035=DIRECTION('ref_axis',(5.92118946432007E-15,0.,-1.));
#3036=DIRECTION('center_axis',(5.21145751740313E-24,1.,-1.32662041466803E-29));
#3037=DIRECTION('ref_axis',(5.92118946432007E-15,0.,-1.));
#3038=DIRECTION('center_axis',(0.,1.,0.));
#3039=DIRECTION('ref_axis',(3.28322400564268E-15,0.,-1.));
#3040=DIRECTION('',(0.,-1.,0.));
#3041=DIRECTION('center_axis',(-1.9627954350056E-16,-1.,0.));
#3042=DIRECTION('ref_axis',(3.28322400564268E-15,0.,-1.));
#3043=DIRECTION('center_axis',(5.21145751740313E-24,1.,-1.32662041466803E-29));
#3044=DIRECTION('ref_axis',(3.28322400564268E-15,-1.26217744952083E-29,
-1.));
#3045=DIRECTION('center_axis',(-5.21145751740313E-24,-1.,1.32662041466803E-29));
#3046=DIRECTION('ref_axis',(3.28322400564268E-15,-9.01555321419796E-30,
-1.));
#3047=DIRECTION('center_axis',(5.21145751740313E-24,1.,-1.32662041466803E-29));
#3048=DIRECTION('ref_axis',(0.,0.,1.));
#3049=DIRECTION('center_axis',(-5.21145751740313E-24,-1.,1.32662041466803E-29));
#3050=DIRECTION('ref_axis',(2.96059473198632E-15,-1.32662041621093E-29,
-1.));
#3051=DIRECTION('center_axis',(-1.,5.21145751740313E-24,0.));
#3052=DIRECTION('ref_axis',(0.,0.,-1.));
#3053=DIRECTION('center_axis',(5.21145751740313E-24,1.,-1.32662041466803E-29));
#3054=DIRECTION('ref_axis',(2.96059473198632E-15,0.,-1.));
#3055=DIRECTION('center_axis',(5.21145751740313E-24,1.,-1.32662041466803E-29));
#3056=DIRECTION('ref_axis',(2.96059473198632E-15,0.,-1.));
#3057=DIRECTION('center_axis',(0.,1.,0.));
#3058=DIRECTION('ref_axis',(3.28322400564268E-15,0.,-1.));
#3059=DIRECTION('',(0.,-1.,0.));
#3060=DIRECTION('center_axis',(-1.9627954350056E-16,-1.,0.));
#3061=DIRECTION('ref_axis',(3.28322400564268E-15,0.,-1.));
#3062=DIRECTION('center_axis',(5.21145751740313E-24,1.,-1.32662041466803E-29));
#3063=DIRECTION('ref_axis',(3.28322400564268E-15,-1.26217744952083E-29,
-1.));
#3064=DIRECTION('center_axis',(-5.21145751740313E-24,-1.,1.32662041466803E-29));
#3065=DIRECTION('ref_axis',(3.28322400564268E-15,-9.01555321419796E-30,
-1.));
#3066=DIRECTION('center_axis',(5.21145751740313E-24,1.,-1.32662041466803E-29));
#3067=DIRECTION('ref_axis',(0.,0.,1.));
#3068=DIRECTION('center_axis',(-5.21145751740313E-24,-1.,1.32662041466803E-29));
#3069=DIRECTION('ref_axis',(2.96059473198632E-15,-1.32662041621093E-29,
-1.));
#3070=DIRECTION('center_axis',(-1.,5.21145751740313E-24,0.));
#3071=DIRECTION('ref_axis',(0.,0.,-1.));
#3072=DIRECTION('center_axis',(5.21145751740313E-24,1.,-1.32662041466803E-29));
#3073=DIRECTION('ref_axis',(2.96059473198632E-15,0.,-1.));
#3074=DIRECTION('center_axis',(5.21145751740313E-24,1.,-1.32662041466803E-29));
#3075=DIRECTION('ref_axis',(2.96059473198632E-15,0.,-1.));
#3076=DIRECTION('center_axis',(0.,1.,0.));
#3077=DIRECTION('ref_axis',(3.28322400564268E-15,0.,-1.));
#3078=DIRECTION('',(0.,-1.,0.));
#3079=DIRECTION('center_axis',(-1.9627954350056E-16,-1.,0.));
#3080=DIRECTION('ref_axis',(3.28322400564268E-15,0.,-1.));
#3081=DIRECTION('center_axis',(5.21145751740313E-24,1.,-1.32662041466803E-29));
#3082=DIRECTION('ref_axis',(3.28322400564268E-15,-1.26217744952083E-29,
-1.));
#3083=DIRECTION('center_axis',(-5.21145751740313E-24,-1.,1.32662041466803E-29));
#3084=DIRECTION('ref_axis',(3.28322400564268E-15,-9.01555321419796E-30,
-1.));
#3085=DIRECTION('center_axis',(1.9627954350056E-16,1.,0.));
#3086=DIRECTION('ref_axis',(0.707106781186549,0.,0.707106781186546));
#3087=DIRECTION('center_axis',(-1.9627954350056E-16,-1.,0.));
#3088=DIRECTION('ref_axis',(0.707106781186549,0.,0.707106781186546));
#3089=DIRECTION('',(-1.9627954350056E-16,-1.,0.));
#3090=DIRECTION('center_axis',(0.,1.,-6.06921920128419E-14));
#3091=DIRECTION('ref_axis',(0.707106781186549,0.,0.707106781186546));
#3092=DIRECTION('',(1.9627954350056E-16,1.,0.));
#3093=DIRECTION('center_axis',(1.,-1.9627954350056E-16,0.));
#3094=DIRECTION('ref_axis',(1.9627954350056E-16,1.,-1.26217744664252E-29));
#3095=DIRECTION('',(0.,0.,1.));
#3096=DIRECTION('',(-1.9627954350056E-16,-1.,0.));
#3097=DIRECTION('',(0.,0.,1.));
#3098=DIRECTION('center_axis',(0.,-1.,6.06921920128419E-14));
#3099=DIRECTION('ref_axis',(0.,-6.06921920128419E-14,-1.));
#3100=DIRECTION('',(1.,-3.47925581005374E-17,5.94667670937307E-23));
#3101=DIRECTION('center_axis',(0.,1.,-6.06921920128419E-14));
#3102=DIRECTION('ref_axis',(-0.707106781186548,0.,0.707106781186547));
#3103=DIRECTION('',(0.,0.,1.));
#3104=DIRECTION('center_axis',(0.,1.,-6.06921920128419E-14));
#3105=DIRECTION('ref_axis',(-0.707106781186549,0.,-0.707106781186546));
#3106=DIRECTION('',(-1.,8.09316967862582E-17,-5.94667670937307E-23));
#3107=DIRECTION('center_axis',(0.,1.,-6.06921920128419E-14));
#3108=DIRECTION('ref_axis',(0.707106781186549,0.,-0.707106781186546));
#3109=DIRECTION('',(0.,0.,-1.));
#3110=DIRECTION('',(1.,0.,0.));
#3111=DIRECTION('',(0.,-6.06921920128419E-14,-1.));
#3112=DIRECTION('',(-1.,0.,0.));
#3113=DIRECTION('',(0.,-6.06921920128419E-14,-1.));
#3114=DIRECTION('',(1.,0.,0.));
#3115=DIRECTION('',(0.,-6.06921920128419E-14,-1.));
#3116=DIRECTION('',(-1.,0.,0.));
#3117=DIRECTION('center_axis',(0.,1.,-6.06921920128419E-14));
#3118=DIRECTION('ref_axis',(3.28322400564268E-15,0.,-1.));
#3119=DIRECTION('center_axis',(0.,1.,-6.06921920128419E-14));
#3120=DIRECTION('ref_axis',(3.28322400564268E-15,0.,-1.));
#3121=DIRECTION('center_axis',(0.,1.,-6.06921920128419E-14));
#3122=DIRECTION('ref_axis',(3.28322400564268E-15,0.,-1.));
#3123=DIRECTION('center_axis',(0.,1.,-6.06921920128419E-14));
#3124=DIRECTION('ref_axis',(3.28322400564268E-15,0.,-1.));
#3125=DIRECTION('center_axis',(0.,1.,-6.06921920128419E-14));
#3126=DIRECTION('ref_axis',(3.28322400564268E-15,0.,-1.));
#3127=DIRECTION('center_axis',(-1.9627954350056E-16,-1.,0.));
#3128=DIRECTION('ref_axis',(0.707106781186549,0.,-0.707106781186546));
#3129=DIRECTION('',(1.9627954350056E-16,1.,0.));
#3130=DIRECTION('center_axis',(-1.9627954350056E-16,-1.,0.));
#3131=DIRECTION('ref_axis',(0.707106781186549,0.,-0.707106781186546));
#3132=DIRECTION('',(-1.9627954350056E-16,-1.,0.));
#3133=DIRECTION('center_axis',(0.,0.,-1.));
#3134=DIRECTION('ref_axis',(-1.,0.,0.));
#3135=DIRECTION('',(0.,-1.,0.));
#3136=DIRECTION('',(1.,1.01433893270432E-16,5.94667670937307E-23));
#3137=DIRECTION('center_axis',(0.,-1.,0.));
#3138=DIRECTION('ref_axis',(-0.707106781186548,0.,0.707106781186547));
#3139=DIRECTION('',(0.,1.,0.));
#3140=DIRECTION('center_axis',(-1.9627954350056E-16,-1.,0.));
#3141=DIRECTION('ref_axis',(-0.707106781186548,0.,0.707106781186547));
#3142=DIRECTION('',(0.,-1.,0.));
#3143=DIRECTION('center_axis',(0.,0.,1.));
#3144=DIRECTION('ref_axis',(1.,0.,0.));
#3145=DIRECTION('',(-1.,1.9627954350056E-16,-5.94667446111949E-23));
#3146=DIRECTION('center_axis',(0.,1.,0.));
#3147=DIRECTION('ref_axis',(-0.707106781186549,0.,-0.707106781186546));
#3148=DIRECTION('center_axis',(-1.9627954350056E-16,-1.,0.));
#3149=DIRECTION('ref_axis',(-0.707106781186549,0.,-0.707106781186546));
#3150=DIRECTION('',(0.,1.,0.));
#3151=DIRECTION('center_axis',(0.,-1.,0.));
#3152=DIRECTION('ref_axis',(3.28322400564268E-15,0.,-1.));
#3153=DIRECTION('center_axis',(-1.9627954350056E-16,-1.,0.));
#3154=DIRECTION('ref_axis',(3.28322400564268E-15,0.,-1.));
#3155=DIRECTION('',(0.,-1.,0.));
#3156=DIRECTION('center_axis',(0.,-1.,0.));
#3157=DIRECTION('ref_axis',(3.28322400564268E-15,0.,-1.));
#3158=DIRECTION('',(0.,-1.,0.));
#3159=DIRECTION('center_axis',(0.,-1.,0.));
#3160=DIRECTION('ref_axis',(3.28322400564268E-15,0.,-1.));
#3161=DIRECTION('',(0.,-1.,0.));
#3162=DIRECTION('center_axis',(0.,-1.,0.));
#3163=DIRECTION('ref_axis',(3.28322400564268E-15,0.,-1.));
#3164=DIRECTION('',(0.,-1.,0.));
#3165=DIRECTION('center_axis',(0.,-1.,0.));
#3166=DIRECTION('ref_axis',(3.28322400564268E-15,0.,-1.));
#3167=DIRECTION('',(0.,-1.,0.));
#3168=DIRECTION('center_axis',(1.,-1.9627954350056E-16,0.));
#3169=DIRECTION('ref_axis',(-1.9627954350056E-16,-1.,1.26217744664252E-29));
#3170=DIRECTION('',(0.,0.,-1.));
#3171=DIRECTION('',(1.9627954350056E-16,1.,2.39272203583008E-16));
#3172=DIRECTION('center_axis',(-1.9627954350056E-16,-1.,0.));
#3173=DIRECTION('ref_axis',(0.,0.,-1.));
#3174=DIRECTION('',(-1.,1.9627954350056E-16,0.));
#3175=DIRECTION('',(0.,0.,1.));
#3176=DIRECTION('',(1.,-1.9627954350056E-16,-4.69642388916458E-32));
#3177=DIRECTION('',(0.,0.,-1.));
#3178=DIRECTION('center_axis',(0.,0.,1.));
#3179=DIRECTION('ref_axis',(1.,0.,0.));
#3180=DIRECTION('',(0.,-1.,0.));
#3181=DIRECTION('',(1.,0.,0.));
#3182=DIRECTION('',(0.,-1.,0.));
#3183=DIRECTION('center_axis',(-1.,0.,0.));
#3184=DIRECTION('ref_axis',(0.,0.,1.));
#3185=DIRECTION('center_axis',(-1.,0.,0.));
#3186=DIRECTION('ref_axis',(0.,0.,1.));
#3187=DIRECTION('',(0.,1.,0.));
#3188=DIRECTION('center_axis',(1.,0.,0.));
#3189=DIRECTION('ref_axis',(0.,0.,-1.));
#3190=DIRECTION('center_axis',(0.,0.,-1.));
#3191=DIRECTION('ref_axis',(-1.,0.,0.));
#3192=DIRECTION('',(0.,1.,0.));
#3193=DIRECTION('',(-1.,0.,0.));
#3194=DIRECTION('',(0.,1.,-2.04085114820801E-16));
#3195=DIRECTION('',(-1.,0.,0.));
#3196=DIRECTION('center_axis',(-1.,0.,0.));
#3197=DIRECTION('ref_axis',(0.,0.,1.));
#3198=DIRECTION('',(0.,1.,0.));
#3199=DIRECTION('center_axis',(-1.,0.,0.));
#3200=DIRECTION('ref_axis',(0.,0.,1.));
#3201=DIRECTION('',(0.,0.,-1.));
#3202=DIRECTION('',(0.,1.,-1.020425574104E-16));
#3203=DIRECTION('',(0.,-0.707106781186546,-0.707106781186549));
#3204=DIRECTION('center_axis',(-1.,0.,0.));
#3205=DIRECTION('ref_axis',(0.,0.,1.));
#3206=DIRECTION('center_axis',(-1.,0.,0.));
#3207=DIRECTION('ref_axis',(0.,0.,1.));
#3208=DIRECTION('',(0.,0.,-1.));
#3209=DIRECTION('center_axis',(-1.,0.,0.));
#3210=DIRECTION('ref_axis',(0.,0.,1.));
#3211=DIRECTION('',(0.,-0.707106781186546,-0.707106781186549));
#3212=DIRECTION('center_axis',(-1.,0.,0.));
#3213=DIRECTION('ref_axis',(0.,0.,1.));
#3214=DIRECTION('center_axis',(-1.,0.,0.));
#3215=DIRECTION('ref_axis',(0.,0.,1.));
#3216=DIRECTION('',(0.,1.,0.));
#3217=DIRECTION('center_axis',(-1.,0.,0.));
#3218=DIRECTION('ref_axis',(0.,0.,1.));
#3219=DIRECTION('center_axis',(-1.,0.,0.));
#3220=DIRECTION('ref_axis',(0.,0.,1.));
#3221=DIRECTION('',(0.,-0.707106781186546,0.707106781186549));
#3222=DIRECTION('center_axis',(-1.,0.,0.));
#3223=DIRECTION('ref_axis',(0.,0.,1.));
#3224=DIRECTION('',(0.,0.,1.));
#3225=DIRECTION('center_axis',(-1.,0.,0.));
#3226=DIRECTION('ref_axis',(0.,0.,1.));
#3227=DIRECTION('center_axis',(-1.,0.,0.));
#3228=DIRECTION('ref_axis',(0.,0.,1.));
#3229=DIRECTION('',(0.,-0.707106781186546,0.707106781186549));
#3230=DIRECTION('',(0.,1.,-1.020425574104E-16));
#3231=DIRECTION('',(0.,0.,-1.));
#3232=DIRECTION('',(0.,-1.,1.020425574104E-16));
#3233=DIRECTION('center_axis',(1.,0.,0.));
#3234=DIRECTION('ref_axis',(0.,0.,1.));
#3235=DIRECTION('',(0.,-5.78241158658936E-16,-1.));
#3236=DIRECTION('center_axis',(-1.,0.,0.));
#3237=DIRECTION('ref_axis',(0.,0.,1.));
#3238=DIRECTION('',(0.,-8.42594350669415E-33,-1.));
#3239=DIRECTION('',(0.,1.,-1.08760092537731E-16));
#3240=DIRECTION('center_axis',(1.,0.,0.));
#3241=DIRECTION('ref_axis',(0.,0.,1.));
#3242=DIRECTION('',(0.,0.,1.));
#3243=DIRECTION('center_axis',(1.,0.,0.));
#3244=DIRECTION('ref_axis',(0.,0.,1.));
#3245=DIRECTION('',(0.,-1.,-1.08760092537731E-16));
#3246=DIRECTION('',(0.,-1.09427837749275E-33,-1.));
#3247=DIRECTION('',(0.,1.,0.));
#3248=DIRECTION('',(0.,0.,1.));
#3249=DIRECTION('',(0.,-1.,0.));
#3250=DIRECTION('',(0.,-0.707106781186549,0.707106781186546));
#3251=DIRECTION('',(0.,-0.707106781186547,-0.707106781186547));
#3252=DIRECTION('center_axis',(-1.,0.,0.));
#3253=DIRECTION('ref_axis',(0.,0.,1.));
#3254=DIRECTION('',(0.,-0.707106781186549,0.707106781186546));
#3255=DIRECTION('',(0.,-0.707106781186547,-0.707106781186547));
#3256=DIRECTION('center_axis',(-1.,0.,0.));
#3257=DIRECTION('ref_axis',(0.,0.,1.));
#3258=DIRECTION('',(0.,-0.707106781186549,0.707106781186546));
#3259=DIRECTION('',(0.,-0.707106781186547,-0.707106781186547));
#3260=DIRECTION('center_axis',(-1.,0.,0.));
#3261=DIRECTION('ref_axis',(0.,0.,1.));
#3262=DIRECTION('',(0.,-0.707106781186549,0.707106781186546));
#3263=DIRECTION('',(0.,-0.707106781186547,-0.707106781186547));
#3264=DIRECTION('center_axis',(-1.,0.,0.));
#3265=DIRECTION('ref_axis',(0.,0.,1.));
#3266=DIRECTION('center_axis',(0.,-1.19636101791504E-16,1.));
#3267=DIRECTION('ref_axis',(0.,-1.,-1.19636101791504E-16));
#3268=DIRECTION('',(0.,-1.,-1.19636101791504E-16));
#3269=DIRECTION('',(-1.,0.,0.));
#3270=DIRECTION('',(0.,-1.,0.));
#3271=DIRECTION('',(1.,0.,0.));
#3272=DIRECTION('center_axis',(-1.,0.,0.));
#3273=DIRECTION('ref_axis',(0.,0.,1.));
#3274=DIRECTION('',(0.,1.,2.39272203583008E-16));
#3275=DIRECTION('',(0.,2.39272203583008E-16,-1.));
#3276=DIRECTION('',(0.,-1.,-2.47817639425258E-16));
#3277=DIRECTION('',(0.,-2.39272203583008E-16,1.));
#3278=DIRECTION('',(0.,1.,2.39272203583008E-16));
#3279=DIRECTION('center_axis',(1.,0.,0.));
#3280=DIRECTION('ref_axis',(0.,0.,-1.));
#3281=DIRECTION('center_axis',(1.,0.,0.));
#3282=DIRECTION('ref_axis',(0.,0.,-1.));
#3283=DIRECTION('center_axis',(-1.,0.,0.));
#3284=DIRECTION('ref_axis',(0.,0.,1.));
#3285=DIRECTION('',(-1.,0.,0.));
#3286=DIRECTION('center_axis',(1.,0.,0.));
#3287=DIRECTION('ref_axis',(0.,0.,1.));
#3288=DIRECTION('center_axis',(0.,2.39272203583008E-16,-1.));
#3289=DIRECTION('ref_axis',(0.,1.,2.39272203583008E-16));
#3290=DIRECTION('',(1.9627954350056E-16,1.,0.));
#3291=DIRECTION('',(1.,-8.67361737988404E-17,0.));
#3292=DIRECTION('',(-0.707106781186543,-0.707106781186552,-1.69190997702994E-16));
#3293=DIRECTION('center_axis',(-1.,0.,0.));
#3294=DIRECTION('ref_axis',(0.,0.,1.));
#3295=DIRECTION('center_axis',(-1.,0.,0.));
#3296=DIRECTION('ref_axis',(0.,0.,-1.));
#3297=DIRECTION('',(0.707106781186551,8.65956056235489E-17,0.707106781186544));
#3298=DIRECTION('center_axis',(1.,0.,0.));
#3299=DIRECTION('ref_axis',(0.,0.,-1.));
#3300=DIRECTION('center_axis',(-1.,0.,0.));
#3301=DIRECTION('ref_axis',(0.,-1.,-1.83697019872103E-16));
#3302=DIRECTION('center_axis',(1.,0.,0.));
#3303=DIRECTION('ref_axis',(0.,0.,1.));
#3304=DIRECTION('center_axis',(-1.,0.,0.));
#3305=DIRECTION('ref_axis',(0.,0.,1.));
#3306=DIRECTION('center_axis',(-1.,0.,0.));
#3307=DIRECTION('ref_axis',(0.,0.,1.));
#3308=DIRECTION('center_axis',(1.,0.,0.));
#3309=DIRECTION('ref_axis',(0.,0.,1.));
#3310=DIRECTION('center_axis',(-1.,0.,0.));
#3311=DIRECTION('ref_axis',(0.,0.,1.));
#3312=DIRECTION('center_axis',(-1.,0.,0.));
#3313=DIRECTION('ref_axis',(0.,0.,-1.));
#3314=DIRECTION('',(-1.,0.,0.));
#3315=DIRECTION('center_axis',(-1.,0.,0.));
#3316=DIRECTION('ref_axis',(0.,0.,1.));
#3317=DIRECTION('',(1.,0.,0.));
#3318=DIRECTION('center_axis',(1.,0.,0.));
#3319=DIRECTION('ref_axis',(0.,-1.06752213906265E-15,1.));
#3320=DIRECTION('',(-1.,0.,0.));
#3321=DIRECTION('',(-1.,0.,0.));
#3322=DIRECTION('center_axis',(-1.,0.,0.));
#3323=DIRECTION('ref_axis',(0.,0.,1.));
#3324=DIRECTION('center_axis',(1.,0.,0.));
#3325=DIRECTION('ref_axis',(0.,0.,-1.));
#3326=DIRECTION('',(1.,0.,0.));
#3327=DIRECTION('center_axis',(-1.,0.,0.));
#3328=DIRECTION('ref_axis',(0.,2.16840434497101E-15,-1.));
#3329=DIRECTION('',(1.,0.,0.));
#3330=DIRECTION('center_axis',(-1.,0.,0.));
#3331=DIRECTION('ref_axis',(0.,0.,1.));
#3332=DIRECTION('center_axis',(-1.,0.,0.));
#3333=DIRECTION('ref_axis',(0.,0.,-1.));
#3334=DIRECTION('',(-1.,0.,0.));
#3335=DIRECTION('center_axis',(1.,0.,0.));
#3336=DIRECTION('ref_axis',(0.,0.,1.));
#3337=DIRECTION('',(-1.,0.,0.));
#3338=DIRECTION('',(-1.,0.,0.));
#3339=DIRECTION('center_axis',(-1.,0.,0.));
#3340=DIRECTION('ref_axis',(0.,0.,1.));
#3341=DIRECTION('center_axis',(1.,0.,0.));
#3342=DIRECTION('ref_axis',(0.,0.,-1.));
#3343=DIRECTION('',(1.,0.,0.));
#3344=DIRECTION('center_axis',(-1.,0.,0.));
#3345=DIRECTION('ref_axis',(0.,2.16840434497101E-15,-1.));
#3346=DIRECTION('',(1.,0.,0.));
#3347=DIRECTION('center_axis',(-1.,0.,0.));
#3348=DIRECTION('ref_axis',(0.,0.,1.));
#3349=DIRECTION('center_axis',(-1.,0.,0.));
#3350=DIRECTION('ref_axis',(0.,0.,-1.));
#3351=DIRECTION('',(-1.,0.,0.));
#3352=DIRECTION('',(1.,0.,0.));
#3353=DIRECTION('center_axis',(1.,0.,0.));
#3354=DIRECTION('ref_axis',(0.,0.,1.));
#3355=DIRECTION('',(-1.,0.,0.));
#3356=DIRECTION('center_axis',(-1.,0.,0.));
#3357=DIRECTION('ref_axis',(0.,0.,1.));
#3358=DIRECTION('',(-1.,0.,0.));
#3359=DIRECTION('center_axis',(-1.,0.,0.));
#3360=DIRECTION('ref_axis',(0.,0.,1.));
#3361=DIRECTION('center_axis',(1.,0.,0.));
#3362=DIRECTION('ref_axis',(0.,0.,-1.));
#3363=DIRECTION('',(1.,0.,0.));
#3364=DIRECTION('center_axis',(-1.,0.,0.));
#3365=DIRECTION('ref_axis',(0.,2.16840434497101E-15,-1.));
#3366=DIRECTION('',(1.,0.,0.));
#3367=DIRECTION('center_axis',(-1.,0.,0.));
#3368=DIRECTION('ref_axis',(0.,0.,1.));
#3369=DIRECTION('center_axis',(-1.,0.,0.));
#3370=DIRECTION('ref_axis',(0.,0.,-1.));
#3371=DIRECTION('',(-1.,0.,0.));
#3372=DIRECTION('',(1.,0.,0.));
#3373=DIRECTION('center_axis',(1.,0.,0.));
#3374=DIRECTION('ref_axis',(0.,-2.1350442781253E-15,1.));
#3375=DIRECTION('',(-1.,0.,0.));
#3376=DIRECTION('center_axis',(-1.,0.,0.));
#3377=DIRECTION('ref_axis',(0.,0.,1.));
#3378=DIRECTION('center_axis',(1.,0.,0.));
#3379=DIRECTION('ref_axis',(0.,0.,-1.));
#3380=DIRECTION('',(1.,0.,0.));
#3381=DIRECTION('center_axis',(-1.,0.,0.));
#3382=DIRECTION('ref_axis',(0.,2.16840434497101E-15,-1.));
#3383=DIRECTION('',(1.,0.,0.));
#3384=DIRECTION('center_axis',(-1.,0.,0.));
#3385=DIRECTION('ref_axis',(0.,0.,1.));
#3386=DIRECTION('',(1.,0.,0.));
#3387=DIRECTION('center_axis',(1.,0.,0.));
#3388=DIRECTION('ref_axis',(0.,3.50127674050365E-15,1.));
#3389=DIRECTION('center_axis',(1.,0.,0.));
#3390=DIRECTION('ref_axis',(0.,0.,-1.));
#3391=DIRECTION('center_axis',(1.,0.,0.));
#3392=DIRECTION('ref_axis',(0.,0.,-1.));
#3393=DIRECTION('',(0.707106781186548,-8.65956056235494E-17,0.707106781186548));
#3394=DIRECTION('center_axis',(1.,0.,0.));
#3395=DIRECTION('ref_axis',(0.,0.,-1.));
#3396=DIRECTION('center_axis',(1.,0.,0.));
#3397=DIRECTION('ref_axis',(0.,0.,-1.));
#3398=DIRECTION('center_axis',(1.,0.,0.));
#3399=DIRECTION('ref_axis',(0.,0.,-1.));
#3400=DIRECTION('center_axis',(1.,0.,0.));
#3401=DIRECTION('ref_axis',(0.,0.,-1.));
#3402=DIRECTION('',(0.707106781186549,-8.65956056235492E-17,0.707106781186546));
#3403=DIRECTION('center_axis',(1.,0.,0.));
#3404=DIRECTION('ref_axis',(0.,0.,-1.));
#3405=DIRECTION('center_axis',(1.,0.,0.));
#3406=DIRECTION('ref_axis',(0.,0.,-1.));
#3407=DIRECTION('center_axis',(1.,0.,0.));
#3408=DIRECTION('ref_axis',(0.,0.,-1.));
#3409=DIRECTION('center_axis',(1.,0.,0.));
#3410=DIRECTION('ref_axis',(0.,0.,-1.));
#3411=DIRECTION('',(0.707106781186548,-8.65956056235494E-17,0.707106781186548));
#3412=DIRECTION('center_axis',(1.,0.,0.));
#3413=DIRECTION('ref_axis',(0.,0.,-1.));
#3414=DIRECTION('center_axis',(1.,0.,0.));
#3415=DIRECTION('ref_axis',(0.,0.,-1.));
#3416=DIRECTION('center_axis',(1.,0.,0.));
#3417=DIRECTION('ref_axis',(0.,0.,-1.));
#3418=DIRECTION('center_axis',(1.,0.,0.));
#3419=DIRECTION('ref_axis',(0.,0.,-1.));
#3420=DIRECTION('',(0.707106781186548,-8.65956056235494E-17,0.707106781186548));
#3421=DIRECTION('center_axis',(1.,0.,0.));
#3422=DIRECTION('ref_axis',(0.,0.,-1.));
#3423=DIRECTION('center_axis',(1.,0.,0.));
#3424=DIRECTION('ref_axis',(0.,0.,-1.));
#3425=DIRECTION('center_axis',(1.,0.,0.));
#3426=DIRECTION('ref_axis',(0.,0.,-1.));
#3427=DIRECTION('center_axis',(-1.,0.,0.));
#3428=DIRECTION('ref_axis',(0.,0.,1.));
#3429=DIRECTION('',(0.,-0.707106781186546,-0.707106781186549));
#3430=DIRECTION('center_axis',(-1.,0.,0.));
#3431=DIRECTION('ref_axis',(0.,0.,1.));
#3432=DIRECTION('',(0.,-1.,0.));
#3433=DIRECTION('center_axis',(-1.,0.,0.));
#3434=DIRECTION('ref_axis',(0.,0.,1.));
#3435=DIRECTION('',(0.,-0.707106781186546,0.707106781186549));
#3436=DIRECTION('',(0.,1.,-1.020425574104E-16));
#3437=DIRECTION('center_axis',(1.,0.,0.));
#3438=DIRECTION('ref_axis',(0.,1.22464679914735E-16,1.));
#3439=DIRECTION('center_axis',(1.,0.,0.));
#3440=DIRECTION('ref_axis',(0.,0.,-1.));
#3441=DIRECTION('',(-1.,0.,0.));
#3442=DIRECTION('center_axis',(1.,0.,0.));
#3443=DIRECTION('ref_axis',(0.,0.,1.));
#3444=DIRECTION('',(-1.,0.,0.));
#3445=DIRECTION('center_axis',(0.,2.39272203583008E-16,-1.));
#3446=DIRECTION('ref_axis',(0.,1.,2.39272203583008E-16));
#3447=DIRECTION('',(0.707106781186543,-0.707106781186552,-1.69190997702994E-16));
#3448=DIRECTION('',(-1.,1.15648231731787E-16,0.));
#3449=DIRECTION('',(0.,1.,2.39272203583008E-16));
#3450=DIRECTION('',(-1.,0.,0.));
#3451=DIRECTION('center_axis',(-1.,0.,0.));
#3452=DIRECTION('ref_axis',(0.,0.,1.));
#3453=DIRECTION('center_axis',(-1.,0.,0.));
#3454=DIRECTION('ref_axis',(0.,0.,1.));
#3455=DIRECTION('center_axis',(-1.,0.,0.));
#3456=DIRECTION('ref_axis',(0.,0.,1.));
#3457=DIRECTION('center_axis',(0.,-1.,0.));
#3458=DIRECTION('ref_axis',(0.,0.,-1.));
#3459=DIRECTION('',(-0.707106781186547,0.,-0.707106781186548));
#3460=DIRECTION('',(1.,0.,0.));
#3461=DIRECTION('',(0.,0.,-1.));
#3462=DIRECTION('',(0.,0.,-1.));
#3463=DIRECTION('',(0.,-2.31296463463574E-15,1.));
#3464=DIRECTION('',(1.,0.,0.));
#3465=DIRECTION('center_axis',(1.,0.,0.));
#3466=DIRECTION('ref_axis',(0.,-3.21624529935327E-16,1.));
#3467=DIRECTION('',(-1.,0.,0.));
#3468=DIRECTION('',(-1.,0.,0.));
#3469=DIRECTION('center_axis',(1.,0.,0.));
#3470=DIRECTION('ref_axis',(0.,-7.6571373978539E-16,1.));
#3471=DIRECTION('',(-1.,0.,0.));
#3472=DIRECTION('',(-1.,0.,0.));
#3473=DIRECTION('center_axis',(1.,0.,0.));
#3474=DIRECTION('ref_axis',(0.,1.45473230946492E-15,1.));
#3475=DIRECTION('',(-1.,0.,0.));
#3476=DIRECTION('',(-1.,0.,0.));
#3477=DIRECTION('center_axis',(1.,0.,0.));
#3478=DIRECTION('ref_axis',(0.,1.22464679914735E-16,1.));
#3479=DIRECTION('',(-1.,0.,0.));
#3480=DIRECTION('',(-1.,0.,0.));
#3481=DIRECTION('center_axis',(0.,1.08760092537731E-16,-1.));
#3482=DIRECTION('ref_axis',(0.,1.,1.08760092537731E-16));
#3483=DIRECTION('',(1.,0.,0.));
#3484=DIRECTION('',(1.,0.,0.));
#3485=DIRECTION('',(0.,-1.,-1.08760092537731E-16));
#3486=DIRECTION('center_axis',(0.,1.08760092537731E-16,1.));
#3487=DIRECTION('ref_axis',(0.,-1.,1.08760092537731E-16));
#3488=DIRECTION('',(-1.,0.,0.));
#3489=DIRECTION('',(0.,1.,-1.08760092537731E-16));
#3490=DIRECTION('',(-1.,0.,0.));
#3491=DIRECTION('center_axis',(0.,-1.,0.));
#3492=DIRECTION('ref_axis',(0.,0.,-1.));
#3493=DIRECTION('',(0.,0.,1.));
#3494=DIRECTION('',(-1.,0.,0.));
#3495=DIRECTION('',(1.,0.,0.));
#3496=DIRECTION('center_axis',(1.,0.,0.));
#3497=DIRECTION('ref_axis',(0.,0.,-1.));
#3498=DIRECTION('',(0.,1.09427837749275E-33,1.));
#3499=DIRECTION('center_axis',(-1.,0.,0.));
#3500=DIRECTION('ref_axis',(0.,0.,-1.));
#3501=DIRECTION('center_axis',(-1.,0.,0.));
#3502=DIRECTION('ref_axis',(0.,0.,-1.));
#3503=DIRECTION('center_axis',(1.,0.,0.));
#3504=DIRECTION('ref_axis',(0.,0.,-1.));
#3505=DIRECTION('',(0.,-0.707106781186547,0.707106781186547));
#3506=DIRECTION('',(0.,-0.707106781186547,-0.707106781186547));
#3507=DIRECTION('',(0.,0.707106781186547,0.707106781186548));
#3508=DIRECTION('',(0.,0.707106781186546,-0.707106781186549));
#3509=DIRECTION('',(0.,0.707106781186547,0.707106781186548));
#3510=DIRECTION('',(0.,0.707106781186546,-0.707106781186549));
#3511=DIRECTION('',(0.,0.707106781186547,0.707106781186548));
#3512=DIRECTION('',(0.,0.707106781186546,-0.707106781186549));
#3513=DIRECTION('',(0.,0.707106781186547,0.707106781186548));
#3514=DIRECTION('',(0.,0.707106781186546,-0.707106781186549));
#3515=DIRECTION('center_axis',(0.,-1.,0.));
#3516=DIRECTION('ref_axis',(0.,0.,-1.));
#3517=DIRECTION('',(-1.,0.,0.));
#3518=DIRECTION('',(0.,0.,-1.));
#3519=DIRECTION('',(0.707106781186547,0.,0.707106781186548));
#3520=DIRECTION('center_axis',(-1.,0.,0.));
#3521=DIRECTION('ref_axis',(0.,0.,1.));
#3522=DIRECTION('center_axis',(-1.,0.,0.));
#3523=DIRECTION('ref_axis',(0.,0.,1.));
#3524=DIRECTION('',(0.,1.,-1.020425574104E-16));
#3525=DIRECTION('center_axis',(1.,0.,0.));
#3526=DIRECTION('ref_axis',(0.,0.,1.));
#3527=DIRECTION('center_axis',(0.,-1.,5.78241158658936E-16));
#3528=DIRECTION('ref_axis',(0.,-5.78241158658936E-16,-1.));
#3529=DIRECTION('',(-1.,0.,0.));
#3530=DIRECTION('',(0.,-5.78241158658936E-16,-1.));
#3531=DIRECTION('',(1.,0.,0.));
#3532=DIRECTION('center_axis',(0.,1.020425574104E-16,1.));
#3533=DIRECTION('ref_axis',(0.,-1.,1.020425574104E-16));
#3534=DIRECTION('',(0.,-1.,1.020425574104E-16));
#3535=DIRECTION('',(1.,0.,0.));
#3536=DIRECTION('center_axis',(-1.,0.,0.));
#3537=DIRECTION('ref_axis',(0.,0.,1.));
#3538=DIRECTION('center_axis',(-1.,0.,0.));
#3539=DIRECTION('ref_axis',(0.,0.,1.));
#3540=DIRECTION('center_axis',(1.,0.,0.));
#3541=DIRECTION('ref_axis',(0.,0.,1.));
#3542=DIRECTION('center_axis',(1.,0.,0.));
#3543=DIRECTION('ref_axis',(0.,0.,-1.));
#3544=DIRECTION('center_axis',(1.,0.,0.));
#3545=DIRECTION('ref_axis',(0.,0.,1.));
#3546=DIRECTION('center_axis',(-0.707106781186548,7.21549843145117E-17,
0.707106781186547));
#3547=DIRECTION('ref_axis',(-1.23259516440783E-32,-1.,1.020425574104E-16));
#3548=DIRECTION('',(0.,1.,-1.020425574104E-16));
#3549=DIRECTION('',(0.,1.,-1.020425574104E-16));
#3550=DIRECTION('center_axis',(1.,0.,0.));
#3551=DIRECTION('ref_axis',(0.,0.,-1.));
#3552=DIRECTION('center_axis',(1.,0.,0.));
#3553=DIRECTION('ref_axis',(0.,0.,-1.));
#3554=DIRECTION('center_axis',(1.,0.,0.));
#3555=DIRECTION('ref_axis',(0.,0.,-1.));
#3556=DIRECTION('center_axis',(1.,0.,0.));
#3557=DIRECTION('ref_axis',(0.,0.,-1.));
#3558=DIRECTION('center_axis',(1.,0.,0.));
#3559=DIRECTION('ref_axis',(0.,0.,-1.));
#3560=DIRECTION('center_axis',(1.,0.,0.));
#3561=DIRECTION('ref_axis',(0.,0.,-1.));
#3562=DIRECTION('',(0.,-0.707106781186546,-0.707106781186549));
#3563=DIRECTION('',(0.,-0.707106781186546,0.707106781186549));
#3564=DIRECTION('',(0.,0.707106781186546,-0.707106781186549));
#3565=DIRECTION('',(0.,0.707106781186547,0.707106781186548));
#3566=DIRECTION('center_axis',(1.,0.,0.));
#3567=DIRECTION('ref_axis',(0.,0.,-1.));
#3568=DIRECTION('',(0.,-0.707106781186546,0.707106781186549));
#3569=DIRECTION('',(0.,-0.707106781186546,-0.707106781186549));
#3570=DIRECTION('',(0.,0.707106781186546,-0.707106781186549));
#3571=DIRECTION('',(0.,0.707106781186547,0.707106781186548));
#3572=DIRECTION('center_axis',(1.,0.,0.));
#3573=DIRECTION('ref_axis',(0.,0.,-1.));
#3574=DIRECTION('',(0.,-0.707106781186546,-0.707106781186549));
#3575=DIRECTION('',(0.,-0.707106781186546,0.707106781186549));
#3576=DIRECTION('',(0.,0.707106781186546,-0.707106781186549));
#3577=DIRECTION('',(0.,0.707106781186547,0.707106781186548));
#3578=DIRECTION('center_axis',(1.,0.,0.));
#3579=DIRECTION('ref_axis',(0.,0.,-1.));
#3580=DIRECTION('',(0.,-0.707106781186546,-0.707106781186549));
#3581=DIRECTION('',(0.,-0.707106781186546,0.707106781186549));
#3582=DIRECTION('',(0.,0.707106781186546,-0.707106781186549));
#3583=DIRECTION('',(0.,0.707106781186547,0.707106781186548));
#3584=DIRECTION('center_axis',(2.14947538436075E-32,2.47817639425258E-16,
-1.));
#3585=DIRECTION('ref_axis',(0.,1.,2.47817639425258E-16));
#3586=DIRECTION('',(-1.,1.15648231731787E-16,7.16491794786918E-33));
#3587=DIRECTION('',(0.707106781186548,0.707106781186547,1.75233533335243E-16));
#3588=DIRECTION('',(0.,-1.,-2.47817639425258E-16));
#3589=DIRECTION('',(-0.707106781186553,0.707106781186542,1.75233533335242E-16));
#3590=DIRECTION('',(1.,-8.67361737988404E-17,-2.73691106313441E-48));
#3591=DIRECTION('',(0.,-1.,-2.47817639425258E-16));
#3592=DIRECTION('center_axis',(-8.67361737988404E-17,-1.,-2.39272203583008E-16));
#3593=DIRECTION('ref_axis',(0.,2.39272203583008E-16,-1.));
#3594=DIRECTION('',(1.,-8.67361737988404E-17,0.));
#3595=DIRECTION('',(0.,-2.39272203583008E-16,1.));
#3596=DIRECTION('',(0.707106781186544,1.07859261035659E-16,-0.707106781186551));
#3597=DIRECTION('',(0.,2.39272203583008E-16,-1.));
#3598=DIRECTION('center_axis',(-1.,0.,0.));
#3599=DIRECTION('ref_axis',(0.,0.,1.));
#3600=DIRECTION('',(0.,2.39272203583008E-16,-1.));
#3601=DIRECTION('',(0.,-1.,-2.47817639425258E-16));
#3602=DIRECTION('',(0.,-2.39272203583008E-16,1.));
#3603=DIRECTION('center_axis',(1.15648231731787E-16,1.,2.39272203583008E-16));
#3604=DIRECTION('ref_axis',(0.,-2.39272203583008E-16,1.));
#3605=DIRECTION('',(0.,2.39272203583008E-16,-1.));
#3606=DIRECTION('',(-1.,1.15648231731787E-16,0.));
#3607=DIRECTION('',(0.,-2.39272203583008E-16,1.));
#3608=DIRECTION('',(-0.707106781186544,-8.74153488132143E-17,0.707106781186551));
#3609=DIRECTION('center_axis',(2.14947538436075E-32,2.47817639425258E-16,
-1.));
#3610=DIRECTION('ref_axis',(0.,1.,2.47817639425258E-16));
#3611=DIRECTION('',(0.,1.,2.47817639425258E-16));
#3612=DIRECTION('',(0.707106781186553,-0.707106781186542,-1.75233533335242E-16));
#3613=DIRECTION('',(-0.707106781186548,-0.707106781186547,-1.75233533335243E-16));
#3614=DIRECTION('center_axis',(0.,0.,1.));
#3615=DIRECTION('ref_axis',(1.,0.,0.));
#3616=DIRECTION('',(1.,0.,0.));
#3617=DIRECTION('',(0.,1.,0.));
#3618=DIRECTION('',(1.,0.,0.));
#3619=DIRECTION('center_axis',(0.,-1.,0.));
#3620=DIRECTION('ref_axis',(0.,0.,-1.));
#3621=DIRECTION('',(0.,0.,1.));
#3622=DIRECTION('',(0.,0.,1.));
#3623=DIRECTION('',(1.,0.,0.));
#3624=DIRECTION('center_axis',(0.,1.,-1.09427837749275E-33));
#3625=DIRECTION('ref_axis',(0.,1.09427837749275E-33,1.));
#3626=DIRECTION('',(1.,0.,0.));
#3627=DIRECTION('',(0.,-1.09427837749275E-33,-1.));
#3628=DIRECTION('center_axis',(0.707106781186551,-1.75233533335242E-16,
0.707106781186544));
#3629=DIRECTION('ref_axis',(0.,-1.,-2.47817639425258E-16));
#3630=DIRECTION('',(0.,1.,2.47817639425258E-16));
#3631=DIRECTION('center_axis',(0.707106781186552,-0.707106781186543,-1.69190997702992E-16));
#3632=DIRECTION('ref_axis',(0.,-2.39272203583008E-16,1.));
#3633=DIRECTION('',(0.57735026918962,0.577350269189629,-0.577350269189628));
#3634=DIRECTION('center_axis',(-0.707106781186552,1.75233533335242E-16,
-0.707106781186543));
#3635=DIRECTION('ref_axis',(0.,-1.,-2.47817639425258E-16));
#3636=DIRECTION('',(0.57735026918962,-0.577350269189628,-0.577350269189629));
#3637=DIRECTION('center_axis',(0.707106781186552,0.707106781186543,1.69190997702992E-16));
#3638=DIRECTION('ref_axis',(0.,-2.39272203583008E-16,1.));
#3639=DIRECTION('center_axis',(-0.707106781186547,0.707106781186548,1.69190997702993E-16));
#3640=DIRECTION('ref_axis',(0.,-2.39272203583008E-16,1.));
#3641=DIRECTION('center_axis',(-0.707106781186542,-0.707106781186553,-1.69190997702994E-16));
#3642=DIRECTION('ref_axis',(0.,-2.39272203583008E-16,1.));
#3643=DIRECTION('center_axis',(0.,-1.,0.));
#3644=DIRECTION('ref_axis',(0.,0.,-1.));
#3645=DIRECTION('',(0.,0.,1.));
#3646=DIRECTION('',(-1.,0.,0.));
#3647=DIRECTION('',(1.,0.,0.));
#3648=DIRECTION('center_axis',(0.,0.,1.));
#3649=DIRECTION('ref_axis',(1.,0.,0.));
#3650=DIRECTION('',(0.,1.,0.));
#3651=DIRECTION('',(-1.,0.,0.));
#3652=DIRECTION('',(1.,0.,0.));
#3653=DIRECTION('center_axis',(0.,0.,-1.));
#3654=DIRECTION('ref_axis',(-1.,0.,0.));
#3655=DIRECTION('',(0.,-1.,0.));
#3656=DIRECTION('',(-1.,0.,0.));
#3657=DIRECTION('',(1.,0.,0.));
#3658=DIRECTION('center_axis',(0.,1.,0.));
#3659=DIRECTION('ref_axis',(0.,0.,1.));
#3660=DIRECTION('',(0.,0.,-1.));
#3661=DIRECTION('',(-1.,0.,0.));
#3662=DIRECTION('',(1.,0.,0.));
#3663=DIRECTION('center_axis',(-1.,0.,0.));
#3664=DIRECTION('ref_axis',(0.,0.,1.));
#3665=DIRECTION('',(0.,-0.707106781186546,-0.707106781186549));
#3666=DIRECTION('center_axis',(1.,0.,0.));
#3667=DIRECTION('ref_axis',(0.,0.,1.));
#3668=DIRECTION('center_axis',(1.,0.,0.));
#3669=DIRECTION('ref_axis',(0.,0.,1.));
#3670=DIRECTION('',(0.,-0.707106781186546,0.707106781186549));
#3671=DIRECTION('',(0.,-0.707106781186546,-0.707106781186549));
#3672=DIRECTION('center_axis',(1.,0.,0.));
#3673=DIRECTION('ref_axis',(0.,0.,1.));
#3674=DIRECTION('center_axis',(1.,0.,0.));
#3675=DIRECTION('ref_axis',(0.,0.,1.));
#3676=DIRECTION('center_axis',(1.,0.,0.));
#3677=DIRECTION('ref_axis',(0.,-1.73472347597681E-15,1.));
#3678=DIRECTION('center_axis',(1.,0.,0.));
#3679=DIRECTION('ref_axis',(0.,0.,1.));
#3680=DIRECTION('center_axis',(1.,0.,0.));
#3681=DIRECTION('ref_axis',(0.,0.,1.));
#3682=DIRECTION('center_axis',(1.,0.,0.));
#3683=DIRECTION('ref_axis',(0.,1.56125112837913E-14,1.));
#3684=DIRECTION('',(0.,-0.707106781186546,0.707106781186549));
#3685=DIRECTION('',(0.,-0.707106781186547,0.707106781186547));
#3686=DIRECTION('',(0.,-0.707106781186547,-0.707106781186547));
#3687=DIRECTION('center_axis',(-1.,0.,0.));
#3688=DIRECTION('ref_axis',(0.,0.,1.));
#3689=DIRECTION('',(1.,0.,0.));
#3690=DIRECTION('center_axis',(-1.,0.,0.));
#3691=DIRECTION('ref_axis',(0.,0.,1.));
#3692=DIRECTION('center_axis',(-1.,0.,0.));
#3693=DIRECTION('ref_axis',(0.,0.,1.));
#3694=DIRECTION('center_axis',(-1.,0.,0.));
#3695=DIRECTION('ref_axis',(0.,0.,1.));
#3696=DIRECTION('center_axis',(-1.,0.,0.));
#3697=DIRECTION('ref_axis',(0.,0.,1.));
#3698=DIRECTION('center_axis',(-1.,0.,0.));
#3699=DIRECTION('ref_axis',(0.,0.,1.));
#3700=DIRECTION('',(-1.,0.,0.));
#3701=DIRECTION('center_axis',(-1.,0.,0.));
#3702=DIRECTION('ref_axis',(0.,0.,1.));
#3703=DIRECTION('center_axis',(-1.,0.,0.));
#3704=DIRECTION('ref_axis',(0.,0.,1.));
#3705=DIRECTION('center_axis',(0.,0.707106781186548,-0.707106781186547));
#3706=DIRECTION('ref_axis',(0.,0.707106781186547,0.707106781186548));
#3707=DIRECTION('',(1.,0.,0.));
#3708=DIRECTION('center_axis',(0.,-0.707106781186549,-0.707106781186546));
#3709=DIRECTION('ref_axis',(0.,0.707106781186546,-0.707106781186549));
#3710=DIRECTION('center_axis',(0.,0.707106781186549,-0.707106781186546));
#3711=DIRECTION('ref_axis',(0.,0.707106781186546,0.707106781186549));
#3712=DIRECTION('',(-1.,0.,0.));
#3713=DIRECTION('center_axis',(0.,-0.707106781186549,-0.707106781186546));
#3714=DIRECTION('ref_axis',(0.,0.707106781186546,-0.707106781186549));
#3715=DIRECTION('center_axis',(0.,0.707106781186548,-0.707106781186547));
#3716=DIRECTION('ref_axis',(0.,0.707106781186547,0.707106781186548));
#3717=DIRECTION('',(1.,0.,0.));
#3718=DIRECTION('center_axis',(0.,-0.707106781186549,-0.707106781186546));
#3719=DIRECTION('ref_axis',(0.,0.707106781186546,-0.707106781186549));
#3720=DIRECTION('center_axis',(0.,0.707106781186548,-0.707106781186547));
#3721=DIRECTION('ref_axis',(0.,0.707106781186547,0.707106781186548));
#3722=DIRECTION('',(1.,0.,0.));
#3723=DIRECTION('center_axis',(0.,-0.707106781186549,-0.707106781186546));
#3724=DIRECTION('ref_axis',(0.,0.707106781186546,-0.707106781186549));
#3725=DIRECTION('center_axis',(0.,0.707106781186548,-0.707106781186547));
#3726=DIRECTION('ref_axis',(0.,0.707106781186547,0.707106781186548));
#3727=DIRECTION('',(1.,0.,0.));
#3728=DIRECTION('center_axis',(0.,-0.707106781186549,-0.707106781186546));
#3729=DIRECTION('ref_axis',(0.,0.707106781186546,-0.707106781186549));
#3730=DIRECTION('center_axis',(0.,0.707106781186549,-0.707106781186546));
#3731=DIRECTION('ref_axis',(0.,0.707106781186546,0.707106781186549));
#3732=DIRECTION('',(-1.,0.,0.));
#3733=DIRECTION('center_axis',(0.,-0.707106781186549,-0.707106781186546));
#3734=DIRECTION('ref_axis',(0.,0.707106781186546,-0.707106781186549));
#3735=DIRECTION('center_axis',(-1.,0.,0.));
#3736=DIRECTION('ref_axis',(0.,0.,1.));
#3737=DIRECTION('',(0.,-0.707106781186546,0.707106781186549));
#3738=DIRECTION('',(0.,-0.707106781186546,-0.707106781186549));
#3739=DIRECTION('center_axis',(0.,0.707106781186549,-0.707106781186546));
#3740=DIRECTION('ref_axis',(0.,0.707106781186546,0.707106781186549));
#3741=DIRECTION('',(-1.,0.,0.));
#3742=DIRECTION('center_axis',(0.,-0.707106781186549,-0.707106781186546));
#3743=DIRECTION('ref_axis',(0.,0.707106781186546,-0.707106781186549));
#3744=DIRECTION('center_axis',(-1.,0.,0.));
#3745=DIRECTION('ref_axis',(0.,0.,1.));
#3746=DIRECTION('',(0.,-0.707106781186546,0.707106781186549));
#3747=DIRECTION('',(0.,-0.707106781186546,-0.707106781186549));
#3748=DIRECTION('center_axis',(0.,0.707106781186549,-0.707106781186546));
#3749=DIRECTION('ref_axis',(0.,0.707106781186546,0.707106781186549));
#3750=DIRECTION('',(-1.,0.,0.));
#3751=DIRECTION('center_axis',(0.,-0.707106781186549,-0.707106781186546));
#3752=DIRECTION('ref_axis',(0.,0.707106781186546,-0.707106781186549));
#3753=DIRECTION('center_axis',(0.,-0.707106781186548,-0.707106781186548));
#3754=DIRECTION('ref_axis',(0.,0.707106781186548,-0.707106781186548));
#3755=DIRECTION('',(-1.,0.,0.));
#3756=DIRECTION('center_axis',(0.,0.707106781186548,-0.707106781186548));
#3757=DIRECTION('ref_axis',(0.,0.707106781186548,0.707106781186548));
#3758=DIRECTION('center_axis',(0.,-0.707106781186546,-0.707106781186549));
#3759=DIRECTION('ref_axis',(0.,0.707106781186549,-0.707106781186546));
#3760=DIRECTION('',(-1.,0.,0.));
#3761=DIRECTION('center_axis',(0.,0.707106781186548,-0.707106781186548));
#3762=DIRECTION('ref_axis',(0.,0.707106781186548,0.707106781186548));
#3763=DIRECTION('center_axis',(0.,-0.707106781186546,-0.707106781186549));
#3764=DIRECTION('ref_axis',(0.,0.707106781186549,-0.707106781186546));
#3765=DIRECTION('',(-1.,0.,0.));
#3766=DIRECTION('center_axis',(0.,0.707106781186548,-0.707106781186548));
#3767=DIRECTION('ref_axis',(0.,0.707106781186548,0.707106781186548));
#3768=DIRECTION('center_axis',(0.,-0.707106781186546,-0.707106781186549));
#3769=DIRECTION('ref_axis',(0.,0.707106781186549,-0.707106781186546));
#3770=DIRECTION('',(-1.,0.,0.));
#3771=DIRECTION('center_axis',(0.,0.707106781186548,-0.707106781186548));
#3772=DIRECTION('ref_axis',(0.,0.707106781186548,0.707106781186548));
#3773=DIRECTION('center_axis',(0.,-0.707106781186546,-0.707106781186549));
#3774=DIRECTION('ref_axis',(0.,0.707106781186549,-0.707106781186546));
#3775=DIRECTION('',(-1.,0.,0.));
#3776=DIRECTION('center_axis',(0.,0.707106781186548,-0.707106781186548));
#3777=DIRECTION('ref_axis',(0.,0.707106781186548,0.707106781186548));
#3778=DIRECTION('center_axis',(0.,0.,-1.));
#3779=DIRECTION('ref_axis',(-1.,0.,0.));
#3780=DIRECTION('',(0.,-1.,0.));
#3781=DIRECTION('center_axis',(-1.,0.,0.));
#3782=DIRECTION('ref_axis',(0.,0.,1.));
#3783=DIRECTION('',(1.,-6.08194050677468E-14,-3.28322394617592E-15));
#3784=DIRECTION('',(-3.28322394617591E-15,1.96279538289103E-16,-1.));
#3785=CARTESIAN_POINT('',(0.,0.,0.));
#3786=CARTESIAN_POINT('',(0.,0.,0.));
#3787=CARTESIAN_POINT('Origin',(-84.5,25.1673046491689,14.15));
#3788=CARTESIAN_POINT('',(-84.5,25.3673046491689,11.35));
#3789=CARTESIAN_POINT('Origin',(-84.5,25.3673046491689,14.15));
#3790=CARTESIAN_POINT('',(-84.5,25.1673046491689,11.15));
#3791=CARTESIAN_POINT('Origin',(-84.5,25.1673046491689,11.35));
#3792=CARTESIAN_POINT('',(-84.5,25.1673046491689,17.15));
#3793=CARTESIAN_POINT('Origin',(-84.5,25.1673046491689,14.15));
#3794=CARTESIAN_POINT('Origin',(-84.5,25.1673046491689,14.15));
#3795=CARTESIAN_POINT('Origin',(-84.5,23.3673046491689,14.15));
#3796=CARTESIAN_POINT('',(-84.5,23.3673046491689,17.15));
#3797=CARTESIAN_POINT('',(-84.5,23.3673046491689,17.15));
#3798=CARTESIAN_POINT('Origin',(-84.5,23.3673046491689,14.15));
#3799=CARTESIAN_POINT('Origin',(-84.5,25.3673046491689,14.15));
#3800=CARTESIAN_POINT('',(-84.5,25.3673046491689,15.9));
#3801=CARTESIAN_POINT('Origin',(-84.5,25.3673046491689,14.15));
#3802=CARTESIAN_POINT('Origin',(-84.4999999999999,25.1673046491689,-14.15));
#3803=CARTESIAN_POINT('',(-84.4999999999999,25.3673046491689,-16.95));
#3804=CARTESIAN_POINT('Origin',(-84.4999999999999,25.3673046491689,-14.15));
#3805=CARTESIAN_POINT('',(-84.4999999999999,25.1673046491689,-17.15));
#3806=CARTESIAN_POINT('Origin',(-84.4999999999999,25.1673046491689,-16.95));
#3807=CARTESIAN_POINT('',(-84.4999999999999,25.1673046491689,-11.15));
#3808=CARTESIAN_POINT('Origin',(-84.4999999999999,25.1673046491689,-14.15));
#3809=CARTESIAN_POINT('Origin',(-84.4999999999999,25.1673046491689,-14.15));
#3810=CARTESIAN_POINT('Origin',(-84.4999999999999,23.3673046491689,-14.15));
#3811=CARTESIAN_POINT('',(-84.4999999999999,23.3673046491689,-11.15));
#3812=CARTESIAN_POINT('',(-84.4999999999999,23.3673046491689,-11.15));
#3813=CARTESIAN_POINT('Origin',(-84.4999999999999,23.3673046491689,-14.15));
#3814=CARTESIAN_POINT('Origin',(-84.4999999999999,25.3673046491689,-14.15));
#3815=CARTESIAN_POINT('',(-84.4999999999999,25.3673046491689,-12.4));
#3816=CARTESIAN_POINT('Origin',(-84.4999999999999,25.3673046491689,-14.15));
#3817=CARTESIAN_POINT('Origin',(-56.2,25.1673046491689,14.1500000000001));
#3818=CARTESIAN_POINT('',(-56.2,25.3673046491689,11.3500000000001));
#3819=CARTESIAN_POINT('Origin',(-56.2,25.3673046491689,14.1500000000001));
#3820=CARTESIAN_POINT('',(-56.2,25.1673046491689,11.1500000000001));
#3821=CARTESIAN_POINT('Origin',(-56.2,25.1673046491689,11.3500000000001));
#3822=CARTESIAN_POINT('',(-56.2,25.1673046491689,17.1500000000001));
#3823=CARTESIAN_POINT('Origin',(-56.2,25.1673046491689,14.1500000000001));
#3824=CARTESIAN_POINT('Origin',(-56.2,25.1673046491689,14.1500000000001));
#3825=CARTESIAN_POINT('Origin',(-56.2,23.3673046491689,14.1500000000001));
#3826=CARTESIAN_POINT('',(-56.2,23.3673046491689,17.1500000000001));
#3827=CARTESIAN_POINT('',(-56.2,23.3673046491689,17.1500000000001));
#3828=CARTESIAN_POINT('Origin',(-56.2,23.3673046491689,14.1500000000001));
#3829=CARTESIAN_POINT('Origin',(-56.2,25.3673046491689,14.1500000000001));
#3830=CARTESIAN_POINT('',(-56.2,25.3673046491689,15.9000000000001));
#3831=CARTESIAN_POINT('Origin',(-56.2,25.3673046491689,14.1500000000001));
#3832=CARTESIAN_POINT('Origin',(-56.1999999999999,25.1673046491689,-14.1499999999999));
#3833=CARTESIAN_POINT('',(-56.1999999999999,25.3673046491689,-16.9499999999999));
#3834=CARTESIAN_POINT('Origin',(-56.1999999999999,25.3673046491689,-14.1499999999999));
#3835=CARTESIAN_POINT('',(-56.1999999999999,25.1673046491689,-17.1499999999999));
#3836=CARTESIAN_POINT('Origin',(-56.1999999999999,25.1673046491689,-16.9499999999999));
#3837=CARTESIAN_POINT('',(-56.1999999999999,25.1673046491689,-11.1499999999999));
#3838=CARTESIAN_POINT('Origin',(-56.1999999999999,25.1673046491689,-14.1499999999999));
#3839=CARTESIAN_POINT('Origin',(-56.1999999999999,25.1673046491689,-14.1499999999999));
#3840=CARTESIAN_POINT('Origin',(-56.1999999999999,23.3673046491689,-14.1499999999999));
#3841=CARTESIAN_POINT('',(-56.1999999999999,23.3673046491689,-11.1499999999999));
#3842=CARTESIAN_POINT('',(-56.1999999999999,23.3673046491689,-11.1499999999999));
#3843=CARTESIAN_POINT('Origin',(-56.1999999999999,23.3673046491689,-14.1499999999999));
#3844=CARTESIAN_POINT('Origin',(-56.1999999999999,25.3673046491689,-14.1499999999999));
#3845=CARTESIAN_POINT('',(-56.1999999999999,25.3673046491689,-12.3999999999999));
#3846=CARTESIAN_POINT('Origin',(-56.1999999999999,25.3673046491689,-14.1499999999999));
#3847=CARTESIAN_POINT('Origin',(-54.,19.2479479299209,16.15));
#3848=CARTESIAN_POINT('',(-51.,23.367304649169,16.15));
#3849=CARTESIAN_POINT('',(-54.,23.367304649169,19.15));
#3850=CARTESIAN_POINT('Origin',(-54.,23.3673046491689,16.15));
#3851=CARTESIAN_POINT('',(-54.,18.367304649169,19.15));
#3852=CARTESIAN_POINT('',(-54.,19.2479479299209,19.15));
#3853=CARTESIAN_POINT('',(-51.,18.367304649169,16.15));
#3854=CARTESIAN_POINT('Origin',(-54.,18.3673046491689,16.15));
#3855=CARTESIAN_POINT('',(-51.,19.2479479299209,16.15));
#3856=CARTESIAN_POINT('Origin',(-51.,18.367304649169,15.));
#3857=CARTESIAN_POINT('',(-51.,18.367304649169,15.));
#3858=CARTESIAN_POINT('',(-51.,18.367304649169,15.));
#3859=CARTESIAN_POINT('',(-51.,23.367304649169,15.));
#3860=CARTESIAN_POINT('',(-51.,-5.3163476754155,15.));
#3861=CARTESIAN_POINT('',(-51.,23.367304649169,15.));
#3862=CARTESIAN_POINT('Origin',(-6.99999999999998,18.3673046491689,12.5000000000005));
#3863=CARTESIAN_POINT('',(-86.5,18.367304649169,19.15));
#3864=CARTESIAN_POINT('',(-89.5,18.367304649169,19.15));
#3865=CARTESIAN_POINT('',(-89.5,18.367304649169,16.15));
#3866=CARTESIAN_POINT('Origin',(-86.5,18.3673046491689,16.15));
#3867=CARTESIAN_POINT('',(-89.5,18.367304649169,-16.15));
#3868=CARTESIAN_POINT('',(-89.5,18.367304649169,15.));
#3869=CARTESIAN_POINT('',(-86.5,18.3673046491688,-19.15));
#3870=CARTESIAN_POINT('Origin',(-86.5,18.3673046491689,-16.15));
#3871=CARTESIAN_POINT('',(-54.,18.3673046491688,-19.15));
#3872=CARTESIAN_POINT('',(-51.,18.3673046491688,-19.15));
#3873=CARTESIAN_POINT('',(-51.,18.3673046491688,-16.15));
#3874=CARTESIAN_POINT('Origin',(-54.,18.3673046491689,-16.15));
#3875=CARTESIAN_POINT('',(-51.,18.3673046491688,-15.));
#3876=CARTESIAN_POINT('',(-51.,18.3673046491688,-15.));
#3877=CARTESIAN_POINT('',(-6.99999999999998,18.3673046491688,-14.9999999999995));
#3878=CARTESIAN_POINT('',(-6.99999999999998,18.3673046491688,-14.9999999999995));
#3879=CARTESIAN_POINT('',(-6.99999999999998,18.367304649169,-12.5000000000012));
#3880=CARTESIAN_POINT('',(-6.99999999999999,18.3673046491684,4.74999999999955));
#3881=CARTESIAN_POINT('',(-3.,18.3673046491689,-12.4999999999998));
#3882=CARTESIAN_POINT('',(-6.99999999999999,18.3673046491673,-12.5));
#3883=CARTESIAN_POINT('',(-3.,18.3673046491689,12.5000000000002));
#3884=CARTESIAN_POINT('',(-3.,18.3673046491689,12.4999999999988));
#3885=CARTESIAN_POINT('',(-6.99999999999998,18.3673046491689,12.5000000000005));
#3886=CARTESIAN_POINT('',(-6.99999999999999,18.3673046491689,12.5));
#3887=CARTESIAN_POINT('',(-6.99999999999998,18.367304649169,15.0000000000002));
#3888=CARTESIAN_POINT('',(-6.99999999999999,18.3673046491684,4.74999999999955));
#3889=CARTESIAN_POINT('',(-6.99999999999998,18.367304649169,15.0000000000002));
#3890=CARTESIAN_POINT('',(-70.35,18.3673046491689,12.5));
#3891=CARTESIAN_POINT('Origin',(-70.3499999999999,18.3673046491689,3.97303175601882E-14));
#3892=CARTESIAN_POINT('',(-56.2,18.3673046491689,15.9000000000001));
#3893=CARTESIAN_POINT('Origin',(-56.2,18.3673046491689,14.1500000000001));
#3894=CARTESIAN_POINT('',(-84.5,18.3673046491689,15.9));
#3895=CARTESIAN_POINT('Origin',(-84.5,18.3673046491689,14.15));
#3896=CARTESIAN_POINT('',(-84.4999999999999,18.3673046491689,-12.4));
#3897=CARTESIAN_POINT('Origin',(-84.4999999999999,18.3673046491689,-14.15));
#3898=CARTESIAN_POINT('',(-56.1999999999999,18.3673046491689,-12.3999999999999));
#3899=CARTESIAN_POINT('Origin',(-56.1999999999999,18.3673046491689,-14.1499999999999));
#3900=CARTESIAN_POINT('Origin',(-54.,22.1173046491688,-16.15));
#3901=CARTESIAN_POINT('',(-54.,23.3673046491688,-19.15));
#3902=CARTESIAN_POINT('',(-54.,22.1173046491688,-19.15));
#3903=CARTESIAN_POINT('',(-51.,23.3673046491688,-16.15));
#3904=CARTESIAN_POINT('Origin',(-54.,23.3673046491689,-16.15));
#3905=CARTESIAN_POINT('',(-51.,22.1173046491688,-16.15));
#3906=CARTESIAN_POINT('Origin',(-70.25,20.8673046491688,-19.15));
#3907=CARTESIAN_POINT('',(-86.5,23.3673046491688,-19.15));
#3908=CARTESIAN_POINT('',(-86.5,22.3673046491689,-19.15));
#3909=CARTESIAN_POINT('',(-89.5,23.3673046491688,-19.15));
#3910=CARTESIAN_POINT('Origin',(-86.5,21.9979479299209,16.15));
#3911=CARTESIAN_POINT('',(-86.5,23.367304649169,19.15));
#3912=CARTESIAN_POINT('',(-86.5,21.9979479299209,19.15));
#3913=CARTESIAN_POINT('',(-89.5,23.3673046491688,16.15));
#3914=CARTESIAN_POINT('Origin',(-86.5,23.3673046491689,16.15));
#3915=CARTESIAN_POINT('',(-89.5,21.9979479299209,16.15));
#3916=CARTESIAN_POINT('Origin',(-70.25,20.1285912106729,19.15));
#3917=CARTESIAN_POINT('',(-51.,23.367304649169,19.15));
#3918=CARTESIAN_POINT('Origin',(-86.5,22.3673046491689,-16.15));
#3919=CARTESIAN_POINT('',(-89.5,23.3673046491688,-16.15));
#3920=CARTESIAN_POINT('Origin',(-86.5,23.3673046491689,-16.15));
#3921=CARTESIAN_POINT('',(-89.5,22.3673046491689,-16.15));
#3922=CARTESIAN_POINT('Origin',(-70.3499999999999,23.3673046491689,3.97303175601882E-14));
#3923=CARTESIAN_POINT('',(-70.35,23.3673046491689,12.5));
#3924=CARTESIAN_POINT('Origin',(-70.3499999999999,23.3673046491689,3.97303175601882E-14));
#3925=CARTESIAN_POINT('',(-70.35,23.3673046491689,12.5));
#3926=CARTESIAN_POINT('Origin',(-56.2,23.3673046491689,14.1500000000001));
#3927=CARTESIAN_POINT('',(-56.2,23.3673046491689,15.9000000000001));
#3928=CARTESIAN_POINT('Origin',(-84.5,23.3673046491689,14.15));
#3929=CARTESIAN_POINT('',(-84.5,23.3673046491689,15.9));
#3930=CARTESIAN_POINT('Origin',(-84.4999999999999,23.3673046491689,-14.15));
#3931=CARTESIAN_POINT('',(-84.4999999999999,23.3673046491689,-12.4));
#3932=CARTESIAN_POINT('Origin',(-56.1999999999999,23.3673046491689,-14.1499999999999));
#3933=CARTESIAN_POINT('',(-56.1999999999999,23.3673046491689,-12.3999999999999));
#3934=CARTESIAN_POINT('Origin',(-51.,23.3673046491688,-15.));
#3935=CARTESIAN_POINT('',(-51.,23.3673046491688,-15.));
#3936=CARTESIAN_POINT('',(-51.,23.3673046491688,-15.));
#3937=CARTESIAN_POINT('',(-51.,-2.81634767541558,-15.));
#3938=CARTESIAN_POINT('Origin',(0.0468360274014766,23.3673046491689,15.));
#3939=CARTESIAN_POINT('',(9.81397717502801E-16,23.3673046491689,15.));
#3940=CARTESIAN_POINT('',(-3.47658198629926,23.3673046491689,15.));
#3941=CARTESIAN_POINT('',(9.81397717502801E-16,23.3673046491689,-15.));
#3942=CARTESIAN_POINT('',(0.,23.3673046491689,13.75));
#3943=CARTESIAN_POINT('',(-3.47658198629926,23.3673046491689,-15.));
#3944=CARTESIAN_POINT('',(-89.5,23.3673046491688,-15.));
#3945=CARTESIAN_POINT('Origin',(-7.,-29.,15.));
#3946=CARTESIAN_POINT('',(-6.99999999999999,-25.,15.));
#3947=CARTESIAN_POINT('',(-6.99999999999999,-16.8959358976414,15.));
#3948=CARTESIAN_POINT('',(0.,-25.,15.));
#3949=CARTESIAN_POINT('',(-7.,-25.,15.));
#3950=CARTESIAN_POINT('',(0.,-29.,15.));
#3951=CARTESIAN_POINT('Origin',(-89.5,23.8673046491689,13.75));
#3952=CARTESIAN_POINT('Origin',(-6.99999999999999,-4.79187179528284,-2.99999999999998));
#3953=CARTESIAN_POINT('',(-6.99999999999999,-28.7080992435478,12.5));
#3954=CARTESIAN_POINT('',(-6.99999999999999,-16.8959358976414,12.5));
#3955=CARTESIAN_POINT('Origin',(-6.99999999999999,-25.,11.));
#3956=CARTESIAN_POINT('Origin',(-7.,-29.,12.5));
#3957=CARTESIAN_POINT('',(-3.,-11.,12.5));
#3958=CARTESIAN_POINT('',(-3.,-29.,12.5));
#3959=CARTESIAN_POINT('',(-4.5,-11.,12.5));
#3960=CARTESIAN_POINT('',(-7.,-11.,12.5));
#3961=CARTESIAN_POINT('',(-4.5,-28.7080992435478,12.5));
#3962=CARTESIAN_POINT('',(-4.5,-12.,12.5));
#3963=CARTESIAN_POINT('',(-4.5,-28.7080992435478,12.5));
#3964=CARTESIAN_POINT('Origin',(-3.,-29.,12.5));
#3965=CARTESIAN_POINT('',(-3.,-11.,-12.5));
#3966=CARTESIAN_POINT('',(-3.,-29.,-12.5));
#3967=CARTESIAN_POINT('',(-3.,-12.,-11.5));
#3968=CARTESIAN_POINT('Origin',(-3.,-11.,-11.5));
#3969=CARTESIAN_POINT('',(-3.,-12.,-9.5));
#3970=CARTESIAN_POINT('',(-3.,-12.,-12.5));
#3971=CARTESIAN_POINT('',(-3.,-12.3043109856758,-9.5));
#3972=CARTESIAN_POINT('',(-3.,-12.,-9.5));
#3973=CARTESIAN_POINT('',(-3.,-10.0521554928379,-7.2478445071621));
#3974=CARTESIAN_POINT('',(-3.,-10.0521554928379,-7.2478445071621));
#3975=CARTESIAN_POINT('',(-3.,-11.1121572935989,-1.94481482656394));
#3976=CARTESIAN_POINT('Origin',(-3.,-12.3502525316942,-4.94974746830583));
#3977=CARTESIAN_POINT('',(-3.,-12.3502525316942,-0.0956255085689328));
#3978=CARTESIAN_POINT('Origin',(-3.,-10.3502525316942,-0.0956255085689328));
#3979=CARTESIAN_POINT('',(-3.,-12.3502525316942,0.0956255085689328));
#3980=CARTESIAN_POINT('',(-3.,-12.3502525316942,4.94974746830583));
#3981=CARTESIAN_POINT('',(-3.,-12.3309443752047,0.372861547082731));
#3982=CARTESIAN_POINT('Origin',(-3.,-10.3502525316942,0.0956255085689328));
#3983=CARTESIAN_POINT('',(-3.,-10.0521554928379,2.65165042944956));
#3984=CARTESIAN_POINT('',(-3.,-10.0521554928379,2.65165042944956));
#3985=CARTESIAN_POINT('',(-3.,-15.3551851734361,6.18784270640107));
#3986=CARTESIAN_POINT('Origin',(-3.,-12.3502525316942,4.94974746830583));
#3987=CARTESIAN_POINT('',(-3.,-17.2043744914311,4.94974746830583));
#3988=CARTESIAN_POINT('Origin',(-3.,-17.2043744914311,6.94974746830583));
#3989=CARTESIAN_POINT('',(-3.,-17.3956255085689,4.94974746830583));
#3990=CARTESIAN_POINT('',(-3.,-22.2497474683058,4.94974746830583));
#3991=CARTESIAN_POINT('',(-3.,-19.2448148265639,6.18784270640107));
#3992=CARTESIAN_POINT('Origin',(-3.,-17.3956255085689,6.94974746830583));
#3993=CARTESIAN_POINT('',(-3.,-24.5478445071621,2.65165042944956));
#3994=CARTESIAN_POINT('Origin',(-3.,-22.2497474683058,4.94974746830583));
#3995=CARTESIAN_POINT('',(-3.,-22.2690556247953,0.372861547082737));
#3996=CARTESIAN_POINT('',(-3.,-22.2497474683058,0.353553390593266));
#3997=CARTESIAN_POINT('',(-3.,-22.2497474683058,0.0956255085689346));
#3998=CARTESIAN_POINT('Origin',(-3.,-24.2497474683058,0.0956255085689346));
#3999=CARTESIAN_POINT('',(-3.,-22.2497474683058,-0.0956255085689337));
#4000=CARTESIAN_POINT('',(-3.,-22.2497474683058,4.94974746830583));
#4001=CARTESIAN_POINT('',(-3.,-23.4878427064011,-1.94481482656394));
#4002=CARTESIAN_POINT('Origin',(-3.,-24.2497474683058,-0.0956255085689337));
#4003=CARTESIAN_POINT('',(-3.,-24.5478445071621,-7.24784450716211));
#4004=CARTESIAN_POINT('Origin',(-3.,-22.2497474683058,-4.94974746830583));
#4005=CARTESIAN_POINT('',(-3.,-22.2956890143242,-9.5));
#4006=CARTESIAN_POINT('',(-3.,-22.2497474683058,-9.5459415460184));
#4007=CARTESIAN_POINT('',(-3.,-29.,-9.5));
#4008=CARTESIAN_POINT('',(-3.,-12.,-9.5));
#4009=CARTESIAN_POINT('',(-3.,-29.,9.5));
#4010=CARTESIAN_POINT('',(-3.,-29.,12.5));
#4011=CARTESIAN_POINT('',(-3.,-13.,9.5));
#4012=CARTESIAN_POINT('',(-3.,-12.,9.5));
#4013=CARTESIAN_POINT('',(-3.,-12.,10.5));
#4014=CARTESIAN_POINT('Origin',(-3.,-13.,10.5));
#4015=CARTESIAN_POINT('',(-3.,-12.,11.5));
#4016=CARTESIAN_POINT('',(-3.,-12.,12.5));
#4017=CARTESIAN_POINT('Origin',(-3.,-11.,11.5));
#4018=CARTESIAN_POINT('',(-3.,0.,-9.5));
#4019=CARTESIAN_POINT('',(-3.,0.,-10.5));
#4020=CARTESIAN_POINT('',(-3.,0.,12.5));
#4021=CARTESIAN_POINT('',(-3.,11.95,-9.5));
#4022=CARTESIAN_POINT('',(-3.,12.95,-9.5));
#4023=CARTESIAN_POINT('',(-3.,12.95,-8.5));
#4024=CARTESIAN_POINT('Origin',(-3.,11.95,-8.5));
#4025=CARTESIAN_POINT('',(-3.,12.95,8.5));
#4026=CARTESIAN_POINT('',(-3.,12.95,9.5));
#4027=CARTESIAN_POINT('',(-3.,11.95,9.5));
#4028=CARTESIAN_POINT('Origin',(-3.,11.95,8.5));
#4029=CARTESIAN_POINT('',(-3.,0.,9.5));
#4030=CARTESIAN_POINT('',(-3.,12.95,9.5));
#4031=CARTESIAN_POINT('',(-3.,9.62964972193618E-32,10.5));
#4032=CARTESIAN_POINT('',(-3.,0.,12.5));
#4033=CARTESIAN_POINT('',(-3.,-6.,10.5));
#4034=CARTESIAN_POINT('',(-3.,-29.,10.5));
#4035=CARTESIAN_POINT('',(-3.,-6.,-10.5));
#4036=CARTESIAN_POINT('',(-3.,-6.,12.5));
#4037=CARTESIAN_POINT('',(-3.,-29.,-10.5));
#4038=CARTESIAN_POINT('',(-3.,-9.,-11.9470562748477));
#4039=CARTESIAN_POINT('',(-3.,-9.84852813742386,-11.0985281374239));
#4040=CARTESIAN_POINT('',(-3.,-9.,-11.9470562748477));
#4041=CARTESIAN_POINT('',(-3.,-8.15147186257615,-11.0985281374239));
#4042=CARTESIAN_POINT('',(-3.,-8.15147186257615,-11.0985281374239));
#4043=CARTESIAN_POINT('Origin',(-3.,-9.,-10.25));
#4044=CARTESIAN_POINT('',(-3.,15.45,-11.9470562748477));
#4045=CARTESIAN_POINT('',(-3.,14.6014718625761,-11.0985281374239));
#4046=CARTESIAN_POINT('',(-3.,15.45,-11.9470562748477));
#4047=CARTESIAN_POINT('',(-3.,16.2985281374239,-11.0985281374239));
#4048=CARTESIAN_POINT('',(-3.,16.2985281374239,-11.0985281374239));
#4049=CARTESIAN_POINT('Origin',(-3.,15.45,-10.25));
#4050=CARTESIAN_POINT('',(-3.,15.45,8.55294372515229));
#4051=CARTESIAN_POINT('',(-3.,14.6014718625761,9.40147186257614));
#4052=CARTESIAN_POINT('',(-3.,15.45,8.55294372515229));
#4053=CARTESIAN_POINT('',(-3.,16.2985281374239,9.40147186257615));
#4054=CARTESIAN_POINT('',(-3.,16.2985281374239,9.40147186257615));
#4055=CARTESIAN_POINT('Origin',(-3.,15.45,10.25));
#4056=CARTESIAN_POINT('',(-3.,-9.00000000000001,8.5529437251523));
#4057=CARTESIAN_POINT('',(-3.,-9.84852813742386,9.40147186257615));
#4058=CARTESIAN_POINT('',(-3.,-9.00000000000001,8.5529437251523));
#4059=CARTESIAN_POINT('',(-3.,-8.15147186257615,9.40147186257615));
#4060=CARTESIAN_POINT('',(-3.,-8.15147186257615,9.40147186257615));
#4061=CARTESIAN_POINT('Origin',(-3.,-9.00000000000001,10.25));
#4062=CARTESIAN_POINT('Origin',(-7.,-29.,-12.5));
#4063=CARTESIAN_POINT('',(-6.99999999999999,-28.7080992435478,-12.5));
#4064=CARTESIAN_POINT('',(-6.99999999999999,-16.8959358976414,-12.5));
#4065=CARTESIAN_POINT('',(-4.5,-28.7080992435478,-12.5));
#4066=CARTESIAN_POINT('',(-7.,-28.7080992435478,-12.5));
#4067=CARTESIAN_POINT('',(-4.5,-11.,-12.5));
#4068=CARTESIAN_POINT('',(-4.5,-12.,-12.5));
#4069=CARTESIAN_POINT('',(-7.,-11.,-12.5));
#4070=CARTESIAN_POINT('Origin',(-6.99999999999999,-4.79187179528284,-2.99999999999998));
#4071=CARTESIAN_POINT('',(-7.,0.999999999999971,-15.));
#4072=CARTESIAN_POINT('',(-6.99999999999999,-16.8959358976414,-15.));
#4073=CARTESIAN_POINT('',(-7.,0.999999999999972,-21.));
#4074=CARTESIAN_POINT('',(-7.,0.999999999999967,2.39272203583E-16));
#4075=CARTESIAN_POINT('',(-7.,-3.99999999999997,-21.));
#4076=CARTESIAN_POINT('',(-7.,-5.,-21.));
#4077=CARTESIAN_POINT('',(-7.,-3.99999999999997,-15.));
#4078=CARTESIAN_POINT('',(-7.,-3.99999999999998,-9.57088814332026E-16));
#4079=CARTESIAN_POINT('',(-6.99999999999999,-25.,-15.));
#4080=CARTESIAN_POINT('',(-6.99999999999999,-16.8959358976414,-15.));
#4081=CARTESIAN_POINT('Origin',(-6.99999999999999,-25.,-11.));
#4082=CARTESIAN_POINT('Origin',(-7.,-25.,11.));
#4083=CARTESIAN_POINT('',(-4.5,-29.,11.));
#4084=CARTESIAN_POINT('Origin',(-4.5,-25.,11.));
#4085=CARTESIAN_POINT('',(0.,-29.,11.));
#4086=CARTESIAN_POINT('',(0.,-29.,11.));
#4087=CARTESIAN_POINT('Origin',(0.,-25.,11.));
#4088=CARTESIAN_POINT('Origin',(-7.,-29.,-15.));
#4089=CARTESIAN_POINT('',(0.,2.,-15.));
#4090=CARTESIAN_POINT('',(0.,18.3673046491689,-15.));
#4091=CARTESIAN_POINT('',(-5.99999999999999,2.,-15.));
#4092=CARTESIAN_POINT('',(-7.,2.,-15.));
#4093=CARTESIAN_POINT('',(-5.99999999999999,2.,-15.));
#4094=CARTESIAN_POINT('Origin',(10.,-17.3,-1.0164568432923E-15));
#4095=CARTESIAN_POINT('',(8.99999999999998,-17.3,-10.9));
#4096=CARTESIAN_POINT('Origin',(8.99999999999998,-17.3,-1.0164568432923E-15));
#4097=CARTESIAN_POINT('',(10.,-17.3,-9.89999999999999));
#4098=CARTESIAN_POINT('',(10.,-17.3,-9.89999999999999));
#4099=CARTESIAN_POINT('Origin',(10.,-17.3,-1.0164568432923E-15));
#4100=CARTESIAN_POINT('Origin',(2.00000000000001,-17.3,-1.0164568432923E-15));
#4101=CARTESIAN_POINT('',(2.00000000000001,-13.1972628483172,10.0983933308325));
#4102=CARTESIAN_POINT('',(2.00000000000001,-17.3,-10.9));
#4103=CARTESIAN_POINT('Origin',(2.00000000000001,-17.3,-1.0164568432923E-15));
#4104=CARTESIAN_POINT('',(1.50568368296399E-15,-10.9657806708547,11.2377784944481));
#4105=CARTESIAN_POINT('Ctrl Pts',(-6.93889390390723E-17,-10.9657806708547,
11.2377784944482));
#4106=CARTESIAN_POINT('Ctrl Pts',(0.039935718853857,-11.0185611046813,11.221685640406));
#4107=CARTESIAN_POINT('Ctrl Pts',(0.080337257032594,-11.0711678034711,11.2047676544713));
#4108=CARTESIAN_POINT('Ctrl Pts',(0.643793300669236,-11.7948151370439,10.9606539619458));
#4109=CARTESIAN_POINT('Ctrl Pts',(1.22806341079047,-12.4280634107905,10.6127237860122));
#4110=CARTESIAN_POINT('Ctrl Pts',(1.84951888055511,-13.0495188805551,10.2004411329));
#4111=CARTESIAN_POINT('Ctrl Pts',(1.92458955438369,-13.1236632337432,10.1498880555));
#4112=CARTESIAN_POINT('Ctrl Pts',(2.00000000000001,-13.1972628483172,10.0983933308325));
#4113=CARTESIAN_POINT('',(0.,-29.,5.43323108288245));
#4114=CARTESIAN_POINT('Origin',(0.,-17.3,-1.0164568432923E-15));
#4115=CARTESIAN_POINT('',(0.,-29.,-5.43323108288245));
#4116=CARTESIAN_POINT('Ctrl Pts',(-3.7619077288492E-13,-29.,-5.43323108288333));
#4117=CARTESIAN_POINT('Ctrl Pts',(2.28837209302357,-29.,6.66133814775094E-16));
#4118=CARTESIAN_POINT('Ctrl Pts',(-3.76553716225861E-13,-29.,5.43323108288333));
#4119=CARTESIAN_POINT('',(1.50568368296399E-15,-10.9657806708547,-11.2377784944482));
#4120=CARTESIAN_POINT('Origin',(0.,-17.3,-1.0164568432923E-15));
#4121=CARTESIAN_POINT('',(2.00000000000001,-13.1972628483172,-10.0983933308325));
#4122=CARTESIAN_POINT('Ctrl Pts',(2.,-13.1972628483172,-10.0983933308325));
#4123=CARTESIAN_POINT('Ctrl Pts',(1.96169931120721,-13.1598818739704,-10.1245473126561));
#4124=CARTESIAN_POINT('Ctrl Pts',(1.92358658516071,-13.1224581481309,-10.1503897749815));
#4125=CARTESIAN_POINT('Ctrl Pts',(1.41476757004755,-12.6197674643402,-10.4929102093957));
#4126=CARTESIAN_POINT('Ctrl Pts',(0.905427841483696,-12.0813352144848,-10.8072543200799));
#4127=CARTESIAN_POINT('Ctrl Pts',(0.280505844765234,-11.3271762289847,-11.1171881974034));
#4128=CARTESIAN_POINT('Ctrl Pts',(0.13787087302364,-11.1479956077353,-11.1822208157606));
#4129=CARTESIAN_POINT('Ctrl Pts',(-9.19403442267708E-16,-10.9657806708547,
-11.2377784944482));
#4130=CARTESIAN_POINT('Origin',(2.00000000000001,-17.3,-1.0164568432923E-15));
#4131=CARTESIAN_POINT('Origin',(-3.,-12.3502525316942,-4.94974746830583));
#4132=CARTESIAN_POINT('',(7.,-14.6483495705505,-7.24784450716211));
#4133=CARTESIAN_POINT('',(7.,-10.0521554928379,-7.2478445071621));
#4134=CARTESIAN_POINT('Origin',(7.,-12.3502525316942,-4.94974746830583));
#4135=CARTESIAN_POINT('',(-3.,-14.6483495705505,-7.24784450716211));
#4136=CARTESIAN_POINT('',(12.1387011977736,-14.6483495705505,-7.24784450716211));
#4137=CARTESIAN_POINT('',(-3.,-15.3551851734361,-6.18784270640107));
#4138=CARTESIAN_POINT('Origin',(-3.,-12.3502525316942,-4.94974746830583));
#4139=CARTESIAN_POINT('',(2.,-15.3551851734361,-6.18784270640107));
#4140=CARTESIAN_POINT('',(-3.,-15.3551851734361,-6.18784270640107));
#4141=CARTESIAN_POINT('',(2.,-11.1121572935989,-1.94481482656394));
#4142=CARTESIAN_POINT('Origin',(2.,-12.3502525316942,-4.94974746830583));
#4143=CARTESIAN_POINT('',(-3.,-11.1121572935989,-1.94481482656394));
#4144=CARTESIAN_POINT('',(12.1387011977736,-10.0521554928379,-7.2478445071621));
#4145=CARTESIAN_POINT('Origin',(-3.,-12.3502525316942,-4.94974746830583));
#4146=CARTESIAN_POINT('',(10.,-11.2188816817957,-6.0811183182043));
#4147=CARTESIAN_POINT('',(10.,-13.4816233815926,-6.0811183182043));
#4148=CARTESIAN_POINT('Origin',(10.,-12.3502525316942,-4.94974746830583));
#4149=CARTESIAN_POINT('',(7.,-13.4816233815926,-6.0811183182043));
#4150=CARTESIAN_POINT('',(-29.5621778264911,-13.4816233815926,-6.0811183182043));
#4151=CARTESIAN_POINT('',(7.,-11.2188816817957,-6.0811183182043));
#4152=CARTESIAN_POINT('Origin',(7.,-12.3502525316942,-4.94974746830583));
#4153=CARTESIAN_POINT('',(-29.5621778264911,-11.2188816817957,-6.0811183182043));
#4154=CARTESIAN_POINT('Origin',(-3.,-12.3502525316942,4.94974746830583));
#4155=CARTESIAN_POINT('',(7.,-14.6483495705505,2.65165042944956));
#4156=CARTESIAN_POINT('',(7.,-10.0521554928379,2.65165042944956));
#4157=CARTESIAN_POINT('Origin',(7.,-12.3502525316942,4.94974746830583));
#4158=CARTESIAN_POINT('',(2.,-14.6483495705505,2.65165042944956));
#4159=CARTESIAN_POINT('',(12.1387011977736,-14.6483495705505,2.65165042944956));
#4160=CARTESIAN_POINT('',(2.,-15.3551851734361,6.18784270640107));
#4161=CARTESIAN_POINT('Origin',(2.,-12.3502525316942,4.94974746830583));
#4162=CARTESIAN_POINT('',(-3.,-15.3551851734361,6.18784270640107));
#4163=CARTESIAN_POINT('',(12.1387011977736,-10.0521554928379,2.65165042944956));
#4164=CARTESIAN_POINT('Origin',(-3.,-12.3502525316942,4.94974746830583));
#4165=CARTESIAN_POINT('',(10.,-11.2188816817957,3.81837661840736));
#4166=CARTESIAN_POINT('',(10.,-13.4816233815927,3.81837661840736));
#4167=CARTESIAN_POINT('Origin',(10.,-12.3502525316942,4.94974746830583));
#4168=CARTESIAN_POINT('',(7.,-13.4816233815927,3.81837661840736));
#4169=CARTESIAN_POINT('',(-29.5621778264911,-13.4816233815927,3.81837661840736));
#4170=CARTESIAN_POINT('',(7.,-11.2188816817957,3.81837661840736));
#4171=CARTESIAN_POINT('Origin',(7.,-12.3502525316942,4.94974746830583));
#4172=CARTESIAN_POINT('',(-29.5621778264911,-11.2188816817957,3.81837661840736));
#4173=CARTESIAN_POINT('Origin',(-3.,-22.2497474683058,-4.94974746830583));
#4174=CARTESIAN_POINT('',(7.,-24.5478445071621,-7.24784450716211));
#4175=CARTESIAN_POINT('',(7.,-19.9516504294496,-7.2478445071621));
#4176=CARTESIAN_POINT('Origin',(7.,-22.2497474683058,-4.94974746830583));
#4177=CARTESIAN_POINT('',(12.1387011977736,-24.5478445071621,-7.24784450716211));
#4178=CARTESIAN_POINT('',(2.,-23.4878427064011,-1.94481482656394));
#4179=CARTESIAN_POINT('',(-3.,-23.4878427064011,-1.94481482656394));
#4180=CARTESIAN_POINT('',(2.,-19.2448148265639,-6.18784270640107));
#4181=CARTESIAN_POINT('Origin',(2.,-22.2497474683058,-4.94974746830583));
#4182=CARTESIAN_POINT('',(-3.,-19.2448148265639,-6.18784270640107));
#4183=CARTESIAN_POINT('',(-3.,-19.2448148265639,-6.18784270640107));
#4184=CARTESIAN_POINT('',(-3.,-19.9516504294496,-7.2478445071621));
#4185=CARTESIAN_POINT('Origin',(-3.,-22.2497474683058,-4.94974746830583));
#4186=CARTESIAN_POINT('',(12.1387011977736,-19.9516504294496,-7.2478445071621));
#4187=CARTESIAN_POINT('Origin',(-3.,-22.2497474683058,-4.94974746830583));
#4188=CARTESIAN_POINT('',(10.,-21.1183766184074,-6.0811183182043));
#4189=CARTESIAN_POINT('',(10.,-23.3811183182043,-6.0811183182043));
#4190=CARTESIAN_POINT('Origin',(10.,-22.2497474683058,-4.94974746830583));
#4191=CARTESIAN_POINT('',(7.,-23.3811183182043,-6.0811183182043));
#4192=CARTESIAN_POINT('',(-29.5621778264911,-23.3811183182043,-6.0811183182043));
#4193=CARTESIAN_POINT('',(7.,-21.1183766184074,-6.0811183182043));
#4194=CARTESIAN_POINT('Origin',(7.,-22.2497474683058,-4.94974746830583));
#4195=CARTESIAN_POINT('',(-29.5621778264911,-21.1183766184074,-6.0811183182043));
#4196=CARTESIAN_POINT('Origin',(-3.,-22.2497474683058,4.94974746830583));
#4197=CARTESIAN_POINT('',(7.,-24.5478445071621,2.65165042944956));
#4198=CARTESIAN_POINT('',(7.,-19.9516504294495,2.65165042944956));
#4199=CARTESIAN_POINT('Origin',(7.,-22.2497474683058,4.94974746830583));
#4200=CARTESIAN_POINT('',(12.1387011977736,-24.5478445071621,2.65165042944956));
#4201=CARTESIAN_POINT('',(2.,-19.2448148265639,6.18784270640107));
#4202=CARTESIAN_POINT('',(-3.,-19.2448148265639,6.18784270640107));
#4203=CARTESIAN_POINT('',(2.,-19.9516504294495,2.65165042944956));
#4204=CARTESIAN_POINT('Origin',(2.,-22.2497474683058,4.94974746830583));
#4205=CARTESIAN_POINT('',(12.1387011977736,-19.9516504294495,2.65165042944956));
#4206=CARTESIAN_POINT('Origin',(-3.,-22.2497474683058,4.94974746830583));
#4207=CARTESIAN_POINT('',(10.,-21.1183766184073,3.81837661840736));
#4208=CARTESIAN_POINT('',(10.,-23.3811183182043,3.81837661840736));
#4209=CARTESIAN_POINT('Origin',(10.,-22.2497474683058,4.94974746830583));
#4210=CARTESIAN_POINT('',(7.,-23.3811183182043,3.81837661840736));
#4211=CARTESIAN_POINT('',(-29.5621778264911,-23.3811183182043,3.81837661840736));
#4212=CARTESIAN_POINT('',(7.,-21.1183766184073,3.81837661840736));
#4213=CARTESIAN_POINT('Origin',(7.,-22.2497474683058,4.94974746830583));
#4214=CARTESIAN_POINT('',(-29.5621778264911,-21.1183766184073,3.81837661840736));
#4215=CARTESIAN_POINT('Origin',(10.,-17.3,-1.0164568432923E-15));
#4216=CARTESIAN_POINT('',(10.,-17.3,-10.9));
#4217=CARTESIAN_POINT('',(0.98459130324521,-9.00000000157164,-7.06540869675479));
#4218=CARTESIAN_POINT('Ctrl Pts',(1.99999999999968,-13.1972628483169,-10.0983933308323));
#4219=CARTESIAN_POINT('Ctrl Pts',(1.55802397998391,-12.7484117832296,-9.91603581315836));
#4220=CARTESIAN_POINT('Ctrl Pts',(1.14916549515315,-12.322849425874,-9.70944686782761));
#4221=CARTESIAN_POINT('Ctrl Pts',(0.616788936074657,-11.6716187360606,-9.33816194450986));
#4222=CARTESIAN_POINT('Ctrl Pts',(0.449481771996585,-11.4451344784453,-9.1984948535081));
#4223=CARTESIAN_POINT('Ctrl Pts',(0.187444511947011,-10.9709155598125,-8.87887672893746));
#4224=CARTESIAN_POINT('Ctrl Pts',(0.0891053525248643,-10.7240656958383,
-8.70058474321748));
#4225=CARTESIAN_POINT('Ctrl Pts',(0.089105352524864,-10.1570356250059,-8.24142868586047));
#4226=CARTESIAN_POINT('Ctrl Pts',(0.187444511947009,-9.93130987760437,-8.03704968871037));
#4227=CARTESIAN_POINT('Ctrl Pts',(0.449481771996583,-9.52006710886039,-7.63965981277108));
#4228=CARTESIAN_POINT('Ctrl Pts',(0.616788936074657,-9.33635685840386,-7.44716939967565));
#4229=CARTESIAN_POINT('Ctrl Pts',(0.862644312726532,-9.10610490569671,-7.1886550182105));
#4230=CARTESIAN_POINT('Ctrl Pts',(0.922774045482809,-9.05262219484645,-7.12722595456913));
#4231=CARTESIAN_POINT('Ctrl Pts',(0.984591303245209,-9.00000000314327,-7.06540869675479));
#4232=CARTESIAN_POINT('',(2.00000000000001,-8.27549408245412,-6.11296106188967));
#4233=CARTESIAN_POINT('Ctrl Pts',(0.98459130324521,-9.00000000314327,-7.06540869675479));
#4234=CARTESIAN_POINT('Ctrl Pts',(1.28904567098436,-8.74083198625036,-6.76095432875984));
#4235=CARTESIAN_POINT('Ctrl Pts',(1.6326353061895,-8.501333796755,-6.44636607093372));
#4236=CARTESIAN_POINT('Ctrl Pts',(2.00000000000028,-8.27549408245395,-6.11296106188942));
#4237=CARTESIAN_POINT('',(2.00000000000001,-8.27549408245412,6.11296106188967));
#4238=CARTESIAN_POINT('Origin',(2.00000000000001,-17.3,-1.0164568432923E-15));
#4239=CARTESIAN_POINT('Ctrl Pts',(1.99999999999968,-8.27549408245432,6.11296106188997));
#4240=CARTESIAN_POINT('Ctrl Pts',(1.55802397998391,-8.54720157032658,6.51408022612468));
#4241=CARTESIAN_POINT('Ctrl Pts',(1.14916549515315,-8.83776803772126,6.88738096327468));
#4242=CARTESIAN_POINT('Ctrl Pts',(0.616788936074658,-9.33635685840386,7.44716939967565));
#4243=CARTESIAN_POINT('Ctrl Pts',(0.449481771996585,-9.52006710886039,7.63965981277108));
#4244=CARTESIAN_POINT('Ctrl Pts',(0.187444511947011,-9.93130987760437,8.03704968871037));
#4245=CARTESIAN_POINT('Ctrl Pts',(0.0891053525248635,-10.1570356250059,
8.24142868586046));
#4246=CARTESIAN_POINT('Ctrl Pts',(0.0891053525248631,-10.7240656958383,
8.70058474321748));
#4247=CARTESIAN_POINT('Ctrl Pts',(0.187444511947009,-10.9709155598125,8.87887672893746));
#4248=CARTESIAN_POINT('Ctrl Pts',(0.44948177199658,-11.4451344784453,9.1984948535081));
#4249=CARTESIAN_POINT('Ctrl Pts',(0.616788936074657,-11.6716187360606,9.33816194450986));
#4250=CARTESIAN_POINT('Ctrl Pts',(1.14916549515315,-12.322849425874,9.70944686782761));
#4251=CARTESIAN_POINT('Ctrl Pts',(1.55802397998391,-12.7484117832296,9.91603581315836));
#4252=CARTESIAN_POINT('Ctrl Pts',(1.99999999999968,-13.1972628483169,10.0983933308323));
#4253=CARTESIAN_POINT('Origin',(-2.68014777038417E-15,15.45,10.25));
#4254=CARTESIAN_POINT('',(-0.502943725152297,15.45,8.55294372515229));
#4255=CARTESIAN_POINT('',(-1.00000000000001,14.6014718625761,9.40147186257614));
#4256=CARTESIAN_POINT('Ctrl Pts',(-0.502943725152298,15.45,8.5529437251523));
#4257=CARTESIAN_POINT('Ctrl Pts',(-1.00000000000001,14.9529437251523,9.05));
#4258=CARTESIAN_POINT('Ctrl Pts',(-1.00000000000001,14.6014718625761,9.40147186257614));
#4259=CARTESIAN_POINT('',(-1.00000000000001,15.45,11.45));
#4260=CARTESIAN_POINT('Origin',(-1.00000000000001,15.45,10.25));
#4261=CARTESIAN_POINT('',(-2.51086474933665E-15,15.45,12.45));
#4262=CARTESIAN_POINT('',(-2.68014777038417E-15,15.45,12.45));
#4263=CARTESIAN_POINT('Origin',(-2.68014777038417E-15,15.45,10.25));
#4264=CARTESIAN_POINT('',(-1.00000000000001,16.2985281374239,9.40147186257615));
#4265=CARTESIAN_POINT('Origin',(-1.00000000000001,15.45,10.25));
#4266=CARTESIAN_POINT('Ctrl Pts',(-1.00000000000001,16.2985281374239,9.40147186257615));
#4267=CARTESIAN_POINT('Ctrl Pts',(-1.00000000000001,15.9470562748477,9.05000000000001));
#4268=CARTESIAN_POINT('Ctrl Pts',(-0.502943725152303,15.45,8.5529437251523));
#4269=CARTESIAN_POINT('Origin',(-2.68014777038417E-15,15.45,-10.25));
#4270=CARTESIAN_POINT('',(-0.502943725152295,15.45,-11.9470562748477));
#4271=CARTESIAN_POINT('',(-1.00000000000001,14.6014718625761,-11.0985281374239));
#4272=CARTESIAN_POINT('Ctrl Pts',(-0.502943725152295,15.45,-11.9470562748477));
#4273=CARTESIAN_POINT('Ctrl Pts',(-1.,14.9529437251523,-11.45));
#4274=CARTESIAN_POINT('Ctrl Pts',(-1.,14.6014718625761,-11.0985281374239));
#4275=CARTESIAN_POINT('',(-1.00000000000001,15.45,-9.05));
#4276=CARTESIAN_POINT('Origin',(-1.00000000000001,15.45,-10.25));
#4277=CARTESIAN_POINT('',(-2.26381413614973E-15,15.45,-8.05));
#4278=CARTESIAN_POINT('',(-2.68014777038417E-15,15.45,-8.05));
#4279=CARTESIAN_POINT('Origin',(-2.68014777038417E-15,15.45,-10.25));
#4280=CARTESIAN_POINT('',(-1.00000000000001,16.2985281374239,-11.0985281374239));
#4281=CARTESIAN_POINT('Origin',(-1.00000000000001,15.45,-10.25));
#4282=CARTESIAN_POINT('Ctrl Pts',(-1.00000000000001,16.2985281374239,-11.0985281374239));
#4283=CARTESIAN_POINT('Ctrl Pts',(-1.00000000000001,15.9470562748477,-11.45));
#4284=CARTESIAN_POINT('Ctrl Pts',(-0.502943725152297,15.45,-11.9470562748477));
#4285=CARTESIAN_POINT('Origin',(1.56125112837913E-15,-9.,-10.25));
#4286=CARTESIAN_POINT('',(-0.502943725152293,-9.,-11.9470562748477));
#4287=CARTESIAN_POINT('',(-1.,-9.84852813742386,-11.0985281374239));
#4288=CARTESIAN_POINT('Ctrl Pts',(-0.502943725152293,-9.,-11.9470562748477));
#4289=CARTESIAN_POINT('Ctrl Pts',(-1.,-9.49705627484771,-11.45));
#4290=CARTESIAN_POINT('Ctrl Pts',(-1.,-9.84852813742386,-11.0985281374239));
#4291=CARTESIAN_POINT('',(-1.00000000000001,-9.,-9.05000000000001));
#4292=CARTESIAN_POINT('Origin',(-1.,-9.,-10.25));
#4293=CARTESIAN_POINT('',(1.56125112837913E-15,-9.,-8.05));
#4294=CARTESIAN_POINT('',(1.50568368296399E-15,-7.62504009918316,-8.53259344616782));
#4295=CARTESIAN_POINT('Origin',(1.56125112837913E-15,-9.,-10.25));
#4296=CARTESIAN_POINT('Ctrl Pts',(2.35488711863852E-15,-7.62504009918316,
-8.53259344616782));
#4297=CARTESIAN_POINT('Ctrl Pts',(0.0945119862342435,-7.63631852920537,
-8.40249393173341));
#4298=CARTESIAN_POINT('Ctrl Pts',(0.19033003119131,-7.65212642581562,-8.27413850574693));
#4299=CARTESIAN_POINT('Ctrl Pts',(0.645941477119657,-7.74390828026599,-7.67726422371752));
#4300=CARTESIAN_POINT('Ctrl Pts',(1.01950299236576,-7.86519513158798,-7.22519297419681));
#4301=CARTESIAN_POINT('Ctrl Pts',(1.60125378251289,-8.09625502901315,-6.55522500769646));
#4302=CARTESIAN_POINT('Ctrl Pts',(1.79931583956759,-8.18217974469258,-6.3330412393637));
#4303=CARTESIAN_POINT('Ctrl Pts',(2.00000000000001,-8.27549408245412,-6.11296106188967));
#4304=CARTESIAN_POINT('',(-1.,-8.15147186257615,-11.0985281374239));
#4305=CARTESIAN_POINT('Origin',(-1.,-9.,-10.25));
#4306=CARTESIAN_POINT('Ctrl Pts',(-1.00000000000001,-8.15147186257615,-11.0985281374239));
#4307=CARTESIAN_POINT('Ctrl Pts',(-1.00000000000001,-8.5029437251523,-11.45));
#4308=CARTESIAN_POINT('Ctrl Pts',(-0.502943725152292,-9.00000000000001,
-11.9470562748477));
#4309=CARTESIAN_POINT('Origin',(1.56125112837913E-15,-9.00000000000001,
10.25));
#4310=CARTESIAN_POINT('',(-0.502943725152293,-9.00000000000001,8.5529437251523));
#4311=CARTESIAN_POINT('',(-1.,-9.84852813742386,9.40147186257615));
#4312=CARTESIAN_POINT('Ctrl Pts',(-0.502943725152293,-9.00000000000001,
8.5529437251523));
#4313=CARTESIAN_POINT('Ctrl Pts',(-1.,-9.49705627484771,9.05));
#4314=CARTESIAN_POINT('Ctrl Pts',(-1.,-9.84852813742386,9.40147186257614));
#4315=CARTESIAN_POINT('',(-1.,-9.00000000000001,11.45));
#4316=CARTESIAN_POINT('Origin',(-1.,-9.00000000000001,10.25));
#4317=CARTESIAN_POINT('',(1.56125112837913E-15,-9.00000000000001,12.45));
#4318=CARTESIAN_POINT('',(1.56125112837913E-15,-9.00000000000001,12.45));
#4319=CARTESIAN_POINT('Origin',(1.56125112837913E-15,-9.00000000000001,
10.25));
#4320=CARTESIAN_POINT('',(1.50568368296399E-15,-7.62504009918316,8.53259344616782));
#4321=CARTESIAN_POINT('Ctrl Pts',(2.00000000000001,-8.27549408245412,6.11296106188967));
#4322=CARTESIAN_POINT('Ctrl Pts',(1.79931583956759,-8.18217974469259,6.33304123936369));
#4323=CARTESIAN_POINT('Ctrl Pts',(1.6012537825129,-8.09625502901315,6.55522500769645));
#4324=CARTESIAN_POINT('Ctrl Pts',(1.01950299236578,-7.86519513158799,7.22519297419679));
#4325=CARTESIAN_POINT('Ctrl Pts',(0.645941477119674,-7.74390828026599,7.6772642237175));
#4326=CARTESIAN_POINT('Ctrl Pts',(0.190330031191321,-7.65212642581562,8.27413850574692));
#4327=CARTESIAN_POINT('Ctrl Pts',(0.0945119862342479,-7.63631852920537,
8.4024939317334));
#4328=CARTESIAN_POINT('Ctrl Pts',(9.54097911787244E-16,-7.62504009918316,
8.53259344616782));
#4329=CARTESIAN_POINT('Origin',(1.56125112837913E-15,-9.00000000000001,
10.25));
#4330=CARTESIAN_POINT('',(-1.,-8.15147186257615,9.40147186257615));
#4331=CARTESIAN_POINT('Origin',(-1.,-9.00000000000001,10.25));
#4332=CARTESIAN_POINT('Ctrl Pts',(-1.,-8.15147186257615,9.40147186257614));
#4333=CARTESIAN_POINT('Ctrl Pts',(-1.,-8.50294372515229,9.05));
#4334=CARTESIAN_POINT('Ctrl Pts',(-0.502943725152288,-9.00000000000001,
8.55294372515229));
#4335=CARTESIAN_POINT('Origin',(-3.,-29.,12.5));
#4336=CARTESIAN_POINT('',(-3.,-22.2038059222874,-9.5));
#4337=CARTESIAN_POINT('',(-3.,-19.9516504294496,-7.2478445071621));
#4338=CARTESIAN_POINT('',(-3.,-17.3956255085689,-4.94974746830583));
#4339=CARTESIAN_POINT('Origin',(-3.,-17.3956255085689,-6.94974746830583));
#4340=CARTESIAN_POINT('',(-3.,-17.2043744914311,-4.94974746830583));
#4341=CARTESIAN_POINT('',(-3.,-22.2497474683058,-4.94974746830583));
#4342=CARTESIAN_POINT('Origin',(-3.,-17.2043744914311,-6.94974746830583));
#4343=CARTESIAN_POINT('',(-3.,-12.3961940777126,-9.5));
#4344=CARTESIAN_POINT('',(-3.,-12.3502525316942,-9.5459415460184));
#4345=CARTESIAN_POINT('',(-3.,-12.,-9.5));
#4346=CARTESIAN_POINT('Origin',(-10.,-17.3,-1.0164568432923E-15));
#4347=CARTESIAN_POINT('',(10.,-15.1786796564404,-2.12132034355964));
#4348=CARTESIAN_POINT('',(10.,-19.4213203435596,-2.12132034355964));
#4349=CARTESIAN_POINT('Origin',(10.,-17.3,-1.0164568432923E-15));
#4350=CARTESIAN_POINT('',(2.,-19.4213203435596,-2.12132034355964));
#4351=CARTESIAN_POINT('',(10.,-19.4213203435596,-2.12132034355964));
#4352=CARTESIAN_POINT('',(2.,-15.1786796564404,-2.12132034355965));
#4353=CARTESIAN_POINT('Origin',(2.,-17.3,-1.0164568432923E-15));
#4354=CARTESIAN_POINT('',(10.,-15.1786796564404,-2.12132034355964));
#4355=CARTESIAN_POINT('Origin',(-7.,-29.,-15.));
#4356=CARTESIAN_POINT('',(-5.99999999999999,-5.,-15.));
#4357=CARTESIAN_POINT('',(-7.,-3.99999999999997,-15.));
#4358=CARTESIAN_POINT('',(0.,-5.,-15.));
#4359=CARTESIAN_POINT('',(-7.,-5.,-15.));
#4360=CARTESIAN_POINT('',(0.,-25.,-15.));
#4361=CARTESIAN_POINT('',(0.,-29.,-15.));
#4362=CARTESIAN_POINT('',(-7.,-25.,-15.));
#4363=CARTESIAN_POINT('Origin',(2.00000000000001,-17.3,-1.0164568432923E-15));
#4364=CARTESIAN_POINT('',(0.,-6.00000000000001,-6.22253967444161));
#4365=CARTESIAN_POINT('Origin',(0.,-17.3,-1.0164568432923E-15));
#4366=CARTESIAN_POINT('',(0.,-6.00000000000001,6.22253967444161));
#4367=CARTESIAN_POINT('Ctrl Pts',(-1.72065671403716E-13,-6.,-6.22253967444196));
#4368=CARTESIAN_POINT('Ctrl Pts',(3.00155038759703,-6.,-2.88657986402541E-15));
#4369=CARTESIAN_POINT('Ctrl Pts',(-1.699696333246E-13,-6.,6.22253967444195));
#4370=CARTESIAN_POINT('Origin',(0.,-17.3,-1.0164568432923E-15));
#4371=CARTESIAN_POINT('Origin',(0.,-29.,12.5));
#4372=CARTESIAN_POINT('',(-4.5,-29.,-11.));
#4373=CARTESIAN_POINT('',(9.5,-29.,3.));
#4374=CARTESIAN_POINT('',(0.,-29.,-11.));
#4375=CARTESIAN_POINT('',(0.,-29.,-11.));
#4376=CARTESIAN_POINT('',(0.,-29.,12.5));
#4377=CARTESIAN_POINT('',(0.,-29.,12.5));
#4378=CARTESIAN_POINT('',(-4.5,-29.,9.5));
#4379=CARTESIAN_POINT('',(-4.5,-29.,12.5));
#4380=CARTESIAN_POINT('',(-4.5,-29.,9.5));
#4381=CARTESIAN_POINT('Origin',(1.56125112837913E-15,-9.00000000000001,
10.25));
#4382=CARTESIAN_POINT('',(10.,-9.84852813742386,9.40147186257615));
#4383=CARTESIAN_POINT('',(10.,-8.15147186257615,9.40147186257615));
#4384=CARTESIAN_POINT('Origin',(1.56125112837913E-15,-9.,-10.25));
#4385=CARTESIAN_POINT('',(10.,-9.84852813742386,-11.0985281374239));
#4386=CARTESIAN_POINT('',(10.,-8.15147186257615,-11.0985281374239));
#4387=CARTESIAN_POINT('Origin',(-2.68014777038417E-15,15.45,-10.25));
#4388=CARTESIAN_POINT('',(10.,14.6014718625761,-11.0985281374239));
#4389=CARTESIAN_POINT('',(10.,16.2985281374239,-11.0985281374239));
#4390=CARTESIAN_POINT('Origin',(-2.68014777038417E-15,15.45,10.25));
#4391=CARTESIAN_POINT('',(10.,14.6014718625761,9.40147186257614));
#4392=CARTESIAN_POINT('',(10.,16.2985281374239,9.40147186257615));
#4393=CARTESIAN_POINT('Origin',(-1.,12.95,9.5));
#4394=CARTESIAN_POINT('',(-1.,1.03956445861811E-32,9.5));
#4395=CARTESIAN_POINT('',(-1.,0.,9.5));
#4396=CARTESIAN_POINT('',(-1.,11.95,9.5));
#4397=CARTESIAN_POINT('',(-1.,11.95,9.5));
#4398=CARTESIAN_POINT('',(-1.,12.95,9.5));
#4399=CARTESIAN_POINT('Origin',(-1.,12.95,-9.5));
#4400=CARTESIAN_POINT('',(-1.,-8.00464633135944E-32,-9.5));
#4401=CARTESIAN_POINT('',(-1.,0.,-9.5));
#4402=CARTESIAN_POINT('',(-1.,11.95,-9.5));
#4403=CARTESIAN_POINT('',(-1.,12.95,-9.5));
#4404=CARTESIAN_POINT('',(-3.,11.95,-9.5));
#4405=CARTESIAN_POINT('Origin',(-1.,12.95,9.5));
#4406=CARTESIAN_POINT('',(-1.,12.95,-8.5));
#4407=CARTESIAN_POINT('',(-1.,12.95,8.5));
#4408=CARTESIAN_POINT('',(-1.,12.95,9.5));
#4409=CARTESIAN_POINT('',(-3.,12.95,8.5));
#4410=CARTESIAN_POINT('',(-1.,12.95,-8.5));
#4411=CARTESIAN_POINT('Origin',(-1.,0.,0.));
#4412=CARTESIAN_POINT('',(-1.,0.,0.));
#4413=CARTESIAN_POINT('Origin',(-1.,11.95,8.5));
#4414=CARTESIAN_POINT('Origin',(-1.,11.95,-8.5));
#4415=CARTESIAN_POINT('Origin',(10.,-17.3,-1.0164568432923E-15));
#4416=CARTESIAN_POINT('',(10.,-17.3,-4.24264068711929));
#4417=CARTESIAN_POINT('',(10.,-17.3,-4.24264068711929));
#4418=CARTESIAN_POINT('',(10.,-15.1786796564404,-2.12132034355964));
#4419=CARTESIAN_POINT('',(10.,-22.2497474683058,-7.21248916810279));
#4420=CARTESIAN_POINT('',(10.,-21.1183766184074,-6.0811183182043));
#4421=CARTESIAN_POINT('',(10.,-22.2497474683058,-7.21248916810279));
#4422=CARTESIAN_POINT('',(10.,-22.2497474683058,2.68700576850888));
#4423=CARTESIAN_POINT('',(10.,-21.1183766184073,3.81837661840736));
#4424=CARTESIAN_POINT('',(10.,-22.2497474683058,2.68700576850888));
#4425=CARTESIAN_POINT('',(10.,-12.3502525316942,-7.21248916810279));
#4426=CARTESIAN_POINT('',(10.,-11.2188816817957,-6.0811183182043));
#4427=CARTESIAN_POINT('',(10.,-12.3502525316942,-7.21248916810279));
#4428=CARTESIAN_POINT('',(10.,-12.3502525316942,2.68700576850888));
#4429=CARTESIAN_POINT('',(10.,-11.2188816817957,3.81837661840736));
#4430=CARTESIAN_POINT('',(10.,-12.3502525316942,2.68700576850888));
#4431=CARTESIAN_POINT('Origin',(-4.5,-12.,-12.5));
#4432=CARTESIAN_POINT('',(-4.5,-12.,-11.5));
#4433=CARTESIAN_POINT('',(-4.5,-12.,-11.5));
#4434=CARTESIAN_POINT('',(-4.5,-12.,-11.));
#4435=CARTESIAN_POINT('',(-4.5,-12.,-12.5));
#4436=CARTESIAN_POINT('',(-4.5,-12.,-11.));
#4437=CARTESIAN_POINT('Origin',(-4.5,0.,0.));
#4438=CARTESIAN_POINT('Origin',(-4.5,-25.,-11.));
#4439=CARTESIAN_POINT('',(-4.5,-12.,-11.));
#4440=CARTESIAN_POINT('Origin',(-4.5,-11.,-11.5));
#4441=CARTESIAN_POINT('Origin',(-4.5,-12.,12.5));
#4442=CARTESIAN_POINT('',(-4.5,-12.,10.5));
#4443=CARTESIAN_POINT('',(-4.5,-12.,10.5));
#4444=CARTESIAN_POINT('',(-4.5,-12.,11.5));
#4445=CARTESIAN_POINT('',(-4.5,-12.,12.5));
#4446=CARTESIAN_POINT('',(-4.5,-12.,11.5));
#4447=CARTESIAN_POINT('Origin',(-4.5,-12.,9.5));
#4448=CARTESIAN_POINT('',(-4.5,-13.,9.5));
#4449=CARTESIAN_POINT('',(-4.5,-12.,9.5));
#4450=CARTESIAN_POINT('',(-4.5,-13.,9.5));
#4451=CARTESIAN_POINT('Origin',(-4.5,0.,0.));
#4452=CARTESIAN_POINT('Origin',(-4.5,-13.,10.5));
#4453=CARTESIAN_POINT('Origin',(-4.5,-11.,11.5));
#4454=CARTESIAN_POINT('Origin',(0.,-25.,-11.));
#4455=CARTESIAN_POINT('Origin',(0.,-25.,-11.));
#4456=CARTESIAN_POINT('Origin',(-4.5,-1.12246813151441E-15,-11.));
#4457=CARTESIAN_POINT('',(-3.,-12.,-9.5));
#4458=CARTESIAN_POINT('',(-3.,-12.,-9.5));
#4459=CARTESIAN_POINT('Origin',(-4.5,-13.,10.5));
#4460=CARTESIAN_POINT('Origin',(-4.5,-11.,11.5));
#4461=CARTESIAN_POINT('Origin',(-7.,-11.,-11.5));
#4462=CARTESIAN_POINT('Origin',(-1.,11.95,8.5));
#4463=CARTESIAN_POINT('Origin',(-1.,11.95,-8.5));
#4464=CARTESIAN_POINT('Origin',(7.,-17.3,-1.0164568432923E-15));
#4465=CARTESIAN_POINT('',(7.,-12.3502525316942,-9.5459415460184));
#4466=CARTESIAN_POINT('',(7.,-10.0521554928379,-7.2478445071621));
#4467=CARTESIAN_POINT('',(7.,-12.3502525316942,-9.5459415460184));
#4468=CARTESIAN_POINT('',(7.,-12.3502525316942,-7.21248916810278));
#4469=CARTESIAN_POINT('',(7.,-18.4313708498985,-1.13137084989846));
#4470=CARTESIAN_POINT('',(7.,-11.2188816817957,-6.08111831820431));
#4471=CARTESIAN_POINT('Origin',(7.,-17.3,-1.0164568432923E-15));
#4472=CARTESIAN_POINT('',(7.,-12.3502525316942,0.353553390593266));
#4473=CARTESIAN_POINT('',(7.,-12.3502525316942,0.353553390593266));
#4474=CARTESIAN_POINT('',(7.,-10.0521554928379,2.65165042944956));
#4475=CARTESIAN_POINT('',(7.,-12.3502525316942,2.68700576850888));
#4476=CARTESIAN_POINT('',(7.,-13.4816233815926,3.81837661840735));
#4477=CARTESIAN_POINT('',(7.,-16.1686291501015,-1.13137084989848));
#4478=CARTESIAN_POINT('Origin',(7.,-17.3,-1.0164568432923E-15));
#4479=CARTESIAN_POINT('',(7.,-22.2497474683058,-9.5459415460184));
#4480=CARTESIAN_POINT('',(7.,-19.9516504294496,-7.2478445071621));
#4481=CARTESIAN_POINT('',(7.,-22.2497474683058,-9.5459415460184));
#4482=CARTESIAN_POINT('',(7.,-22.2497474683058,-7.21248916810279));
#4483=CARTESIAN_POINT('',(7.,-23.3811183182043,-6.08111831820429));
#4484=CARTESIAN_POINT('',(7.,-16.1686291501015,-1.13137084989847));
#4485=CARTESIAN_POINT('Origin',(7.,-17.3,-1.0164568432923E-15));
#4486=CARTESIAN_POINT('',(7.,-22.2497474683058,0.353553390593266));
#4487=CARTESIAN_POINT('',(7.,-19.9516504294495,2.65165042944956));
#4488=CARTESIAN_POINT('',(7.,-22.2497474683058,0.353553390593266));
#4489=CARTESIAN_POINT('',(7.,-22.2497474683058,2.68700576850888));
#4490=CARTESIAN_POINT('',(7.,-18.4313708498985,-1.13137084989848));
#4491=CARTESIAN_POINT('',(7.,-21.1183766184074,3.81837661840735));
#4492=CARTESIAN_POINT('Origin',(4.19147699950347E-31,4.83244396879253E-15,
-19.5));
#4493=CARTESIAN_POINT('',(7.,-5.,-19.5));
#4494=CARTESIAN_POINT('',(4.5,-5.,-19.5));
#4495=CARTESIAN_POINT('',(-7.,-5.,-19.5));
#4496=CARTESIAN_POINT('',(8.,-4.,-19.5));
#4497=CARTESIAN_POINT('',(7.,-5.,-19.5));
#4498=CARTESIAN_POINT('',(8.,1.00000000000003,-19.5));
#4499=CARTESIAN_POINT('',(8.,-5.,-19.5));
#4500=CARTESIAN_POINT('',(7.00000000000001,2.,-19.5));
#4501=CARTESIAN_POINT('',(8.,1.00000000000003,-19.5));
#4502=CARTESIAN_POINT('',(4.5,2.,-19.5));
#4503=CARTESIAN_POINT('',(-7.,2.,-19.5));
#4504=CARTESIAN_POINT('',(4.5,-5.,-19.5));
#4505=CARTESIAN_POINT('Origin',(-7.,2.,-22.));
#4506=CARTESIAN_POINT('',(-5.99999999999999,2.,-22.));
#4507=CARTESIAN_POINT('',(7.00000000000001,2.,-22.));
#4508=CARTESIAN_POINT('',(-7.,2.,-22.));
#4509=CARTESIAN_POINT('',(-5.99999999999999,2.,-22.));
#4510=CARTESIAN_POINT('',(5.89805981832114E-14,2.,-15.));
#4511=CARTESIAN_POINT('',(7.00000000000001,2.,-22.));
#4512=CARTESIAN_POINT('Origin',(8.,-5.,-22.));
#4513=CARTESIAN_POINT('',(8.,-4.,-22.));
#4514=CARTESIAN_POINT('',(8.,-4.,-22.));
#4515=CARTESIAN_POINT('',(8.,1.00000000000003,-22.));
#4516=CARTESIAN_POINT('',(8.,-5.,-22.));
#4517=CARTESIAN_POINT('',(8.,1.00000000000003,-22.));
#4518=CARTESIAN_POINT('Origin',(-7.,-5.,-22.));
#4519=CARTESIAN_POINT('',(-5.99999999999999,-5.,-22.));
#4520=CARTESIAN_POINT('',(-5.99999999999999,-5.,-22.));
#4521=CARTESIAN_POINT('',(7.,-5.,-22.));
#4522=CARTESIAN_POINT('',(-7.,-5.,-22.));
#4523=CARTESIAN_POINT('',(7.,-5.,-22.));
#4524=CARTESIAN_POINT('',(5.89805981832114E-14,-5.,-15.));
#4525=CARTESIAN_POINT('Origin',(3.22421307654113E-31,5.39217001645993E-15,
-22.));
#4526=CARTESIAN_POINT('',(-5.99999999999999,2.,-22.));
#4527=CARTESIAN_POINT('',(4.49999999999995,4.50000000000002,-22.));
#4528=CARTESIAN_POINT('',(6.,-6.,-22.));
#4529=CARTESIAN_POINT('Origin',(-29.5621778264911,9.62964972193618E-32,
10.5));
#4530=CARTESIAN_POINT('',(0.,9.62964972193618E-32,10.5));
#4531=CARTESIAN_POINT('',(-29.5621778264911,9.62964972193618E-32,10.5));
#4532=CARTESIAN_POINT('',(0.,-6.,10.5));
#4533=CARTESIAN_POINT('',(0.,-29.,10.5));
#4534=CARTESIAN_POINT('',(-29.5621778264911,-6.,10.5));
#4535=CARTESIAN_POINT('Origin',(-29.5621778264911,-6.,10.5));
#4536=CARTESIAN_POINT('',(0.,-6.,12.5));
#4537=CARTESIAN_POINT('',(0.,-6.,-10.5));
#4538=CARTESIAN_POINT('',(0.,-6.,12.5));
#4539=CARTESIAN_POINT('',(-29.5621778264911,-6.,-10.5));
#4540=CARTESIAN_POINT('Origin',(-29.5621778264911,9.62964972193618E-32,
10.5));
#4541=CARTESIAN_POINT('',(0.,0.,-10.5));
#4542=CARTESIAN_POINT('',(-29.5621778264911,0.,-10.5));
#4543=CARTESIAN_POINT('',(0.,0.,12.5));
#4544=CARTESIAN_POINT('Origin',(0.,-29.,-15.));
#4545=CARTESIAN_POINT('',(0.,2.,-15.));
#4546=CARTESIAN_POINT('Origin',(-5.99999999999999,2.,-22.));
#4547=CARTESIAN_POINT('',(-5.99999999999999,2.,-22.));
#4548=CARTESIAN_POINT('Origin',(-5.99999999999999,5.39217001645993E-15,
-22.));
#4549=CARTESIAN_POINT('',(-7.66666666666665,-3.33333333333332,-20.3333333333333));
#4550=CARTESIAN_POINT('Origin',(-7.,-3.99999999999998,-9.57088814332026E-16));
#4551=CARTESIAN_POINT('Origin',(7.,-5.,-22.));
#4552=CARTESIAN_POINT('Origin',(8.,1.00000000000003,-22.));
#4553=CARTESIAN_POINT('Origin',(2.,-22.2497474683058,4.94974746830583));
#4554=CARTESIAN_POINT('',(2.,-22.2497474683058,-0.0956255085689337));
#4555=CARTESIAN_POINT('',(2.,-22.2497474683058,0.0956255085689346));
#4556=CARTESIAN_POINT('',(2.,-22.2497474683058,4.94974746830583));
#4557=CARTESIAN_POINT('',(2.,-22.2497474683058,-0.0956255085689337));
#4558=CARTESIAN_POINT('',(2.,-22.2497474683058,0.0956255085689346));
#4559=CARTESIAN_POINT('Origin',(2.,-22.2497474683058,4.94974746830583));
#4560=CARTESIAN_POINT('',(2.,-17.3956255085689,4.94974746830583));
#4561=CARTESIAN_POINT('',(2.,-17.2043744914311,4.94974746830583));
#4562=CARTESIAN_POINT('',(2.,-22.2497474683058,4.94974746830583));
#4563=CARTESIAN_POINT('',(2.,-17.3956255085689,4.94974746830583));
#4564=CARTESIAN_POINT('',(2.,-17.2043744914311,4.94974746830583));
#4565=CARTESIAN_POINT('Origin',(2.,-22.2497474683058,-4.94974746830583));
#4566=CARTESIAN_POINT('',(2.,-17.2043744914311,-4.94974746830583));
#4567=CARTESIAN_POINT('',(2.,-17.3956255085689,-4.94974746830583));
#4568=CARTESIAN_POINT('',(2.,-22.2497474683058,-4.94974746830583));
#4569=CARTESIAN_POINT('',(2.,-17.2043744914311,-4.94974746830583));
#4570=CARTESIAN_POINT('',(2.,-17.3956255085689,-4.94974746830583));
#4571=CARTESIAN_POINT('Origin',(2.,-12.3502525316942,4.94974746830583));
#4572=CARTESIAN_POINT('',(2.,-12.3502525316942,0.0956255085689328));
#4573=CARTESIAN_POINT('',(2.,-12.3502525316942,-0.0956255085689328));
#4574=CARTESIAN_POINT('',(2.,-12.3502525316942,4.94974746830583));
#4575=CARTESIAN_POINT('',(2.,-12.3502525316942,0.0956255085689328));
#4576=CARTESIAN_POINT('',(2.,-12.3502525316942,-0.0956255085689328));
#4577=CARTESIAN_POINT('Origin',(2.,0.,0.));
#4578=CARTESIAN_POINT('',(2.,-22.2497474683058,0.353553390593266));
#4579=CARTESIAN_POINT('',(2.,-11.3016504294496,11.3016504294495));
#4580=CARTESIAN_POINT('Origin',(2.,-17.3956255085689,6.94974746830583));
#4581=CARTESIAN_POINT('Origin',(2.,-17.2043744914311,6.94974746830583));
#4582=CARTESIAN_POINT('',(2.,-12.3502525316942,0.353553390593266));
#4583=CARTESIAN_POINT('',(2.,-5.99834957055047,-5.99834957055045));
#4584=CARTESIAN_POINT('',(2.,-12.3309443752047,0.372861547082731));
#4585=CARTESIAN_POINT('',(2.,-6.35190296114374,6.35190296114372));
#4586=CARTESIAN_POINT('Origin',(2.,-10.3502525316942,0.0956255085689328));
#4587=CARTESIAN_POINT('Origin',(2.,-10.3502525316942,-0.0956255085689328));
#4588=CARTESIAN_POINT('Origin',(2.,-17.2043744914311,-6.94974746830583));
#4589=CARTESIAN_POINT('Origin',(2.,-17.3956255085689,-6.94974746830583));
#4590=CARTESIAN_POINT('Origin',(2.,-24.2497474683058,-0.0956255085689337));
#4591=CARTESIAN_POINT('',(2.,-22.2690556247953,0.372861547082738));
#4592=CARTESIAN_POINT('Origin',(2.,-24.2497474683058,0.0956255085689346));
#4593=CARTESIAN_POINT('',(2.,-10.9480970388563,-10.9480970388563));
#4594=CARTESIAN_POINT('',(2.,-17.3,-4.24264068711929));
#4595=CARTESIAN_POINT('',(2.,-10.7713203435596,-10.7713203435596));
#4596=CARTESIAN_POINT('',(2.,-6.52867965644036,6.52867965644036));
#4597=CARTESIAN_POINT('Origin',(-3.,-10.3502525316942,0.0956255085689328));
#4598=CARTESIAN_POINT('',(-3.,-12.3309443752047,0.372861547082731));
#4599=CARTESIAN_POINT('Origin',(-3.,-10.3502525316942,-0.0956255085689328));
#4600=CARTESIAN_POINT('Origin',(-3.,-24.2497474683058,-0.0956255085689337));
#4601=CARTESIAN_POINT('Origin',(-3.,-17.3956255085689,6.94974746830583));
#4602=CARTESIAN_POINT('Origin',(-3.,-17.2043744914311,6.94974746830583));
#4603=CARTESIAN_POINT('Origin',(-3.,-24.2497474683058,0.0956255085689346));
#4604=CARTESIAN_POINT('',(-3.,-22.2690556247953,0.372861547082738));
#4605=CARTESIAN_POINT('Origin',(-3.,-17.2043744914311,-6.94974746830583));
#4606=CARTESIAN_POINT('Origin',(-3.,-17.3956255085689,-6.94974746830583));
#4607=CARTESIAN_POINT('Origin',(-29.5621778264911,-11.2188816817957,3.81837661840736));
#4608=CARTESIAN_POINT('',(-29.5621778264911,-12.3502525316942,2.68700576850888));
#4609=CARTESIAN_POINT('Origin',(-29.5621778264911,-12.3502525316942,2.68700576850888));
#4610=CARTESIAN_POINT('Origin',(12.1387011977736,-10.0521554928379,2.65165042944956));
#4611=CARTESIAN_POINT('',(12.1387011977736,-12.3502525316942,0.353553390593266));
#4612=CARTESIAN_POINT('Origin',(12.1387011977736,-12.3502525316942,0.353553390593266));
#4613=CARTESIAN_POINT('Origin',(-29.5621778264911,-21.1183766184073,3.81837661840736));
#4614=CARTESIAN_POINT('',(-29.5621778264911,-22.2497474683058,2.68700576850888));
#4615=CARTESIAN_POINT('Origin',(-29.5621778264911,-22.2497474683058,2.68700576850888));
#4616=CARTESIAN_POINT('Origin',(-29.5621778264911,-21.1183766184074,-6.0811183182043));
#4617=CARTESIAN_POINT('',(-29.5621778264911,-22.2497474683058,-7.21248916810279));
#4618=CARTESIAN_POINT('Origin',(-29.5621778264911,-22.2497474683058,-7.21248916810279));
#4619=CARTESIAN_POINT('Origin',(-29.5621778264911,-11.2188816817957,-6.0811183182043));
#4620=CARTESIAN_POINT('',(-29.5621778264911,-12.3502525316942,-7.21248916810279));
#4621=CARTESIAN_POINT('Origin',(-29.5621778264911,-12.3502525316942,-7.21248916810279));
#4622=CARTESIAN_POINT('Origin',(12.1387011977736,-19.9516504294495,2.65165042944956));
#4623=CARTESIAN_POINT('',(12.1387011977736,-22.2497474683058,0.353553390593266));
#4624=CARTESIAN_POINT('Origin',(12.1387011977736,-22.2497474683058,0.353553390593266));
#4625=CARTESIAN_POINT('Origin',(-3.,-22.2497474683058,-4.94974746830583));
#4626=CARTESIAN_POINT('',(-3.,-22.2497474683058,-9.5459415460184));
#4627=CARTESIAN_POINT('',(-3.,-22.2497474683058,-9.5459415460184));
#4628=CARTESIAN_POINT('',(-3.,-19.9516504294496,-7.2478445071621));
#4629=CARTESIAN_POINT('Origin',(12.1387011977736,-19.9516504294496,-7.2478445071621));
#4630=CARTESIAN_POINT('',(12.1387011977736,-22.2497474683058,-9.5459415460184));
#4631=CARTESIAN_POINT('Origin',(12.1387011977736,-22.2497474683058,-9.5459415460184));
#4632=CARTESIAN_POINT('Origin',(-3.,-12.3502525316942,-4.94974746830583));
#4633=CARTESIAN_POINT('',(-3.,-12.3502525316942,-9.5459415460184));
#4634=CARTESIAN_POINT('',(-3.,-12.3502525316942,-9.5459415460184));
#4635=CARTESIAN_POINT('',(-3.,-10.0521554928379,-7.2478445071621));
#4636=CARTESIAN_POINT('Origin',(12.1387011977736,-10.0521554928379,-7.2478445071621));
#4637=CARTESIAN_POINT('',(12.1387011977736,-12.3502525316942,-9.5459415460184));
#4638=CARTESIAN_POINT('Origin',(12.1387011977736,-12.3502525316942,-9.5459415460184));
#4639=CARTESIAN_POINT('Origin',(10.,-17.3,-4.24264068711929));
#4640=CARTESIAN_POINT('',(10.,-17.3,-4.24264068711929));
#4641=CARTESIAN_POINT('Origin',(10.,-15.1786796564404,-2.12132034355964));
#4642=CARTESIAN_POINT('Origin',(10.,-9.00000000000001,8.5529437251523));
#4643=CARTESIAN_POINT('',(10.,-9.00000000000001,8.5529437251523));
#4644=CARTESIAN_POINT('Origin',(10.,-8.15147186257615,9.40147186257615));
#4645=CARTESIAN_POINT('Origin',(10.,15.45,8.55294372515229));
#4646=CARTESIAN_POINT('',(10.,15.45,8.55294372515229));
#4647=CARTESIAN_POINT('Origin',(10.,16.2985281374239,9.40147186257615));
#4648=CARTESIAN_POINT('Origin',(10.,15.45,-11.9470562748477));
#4649=CARTESIAN_POINT('',(10.,15.45,-11.9470562748477));
#4650=CARTESIAN_POINT('Origin',(10.,16.2985281374239,-11.0985281374239));
#4651=CARTESIAN_POINT('Origin',(10.,-9.,-11.9470562748477));
#4652=CARTESIAN_POINT('',(10.,-9.,-11.9470562748477));
#4653=CARTESIAN_POINT('Origin',(10.,-8.15147186257615,-11.0985281374239));
#4654=CARTESIAN_POINT('Origin',(-29.5621778264911,0.,-10.5));
#4655=CARTESIAN_POINT('',(0.,-29.,-10.5));
#4656=CARTESIAN_POINT('Origin',(0.,-29.,12.5));
#4657=CARTESIAN_POINT('',(-0.00207734098142961,17.3020773409753,-42.));
#4658=UNCERTAINTY_MEASURE_WITH_UNIT(LENGTH_MEASURE(0.01),#4664,
'DISTANCE_ACCURACY_VALUE',
'Maximum model space distance between geometric entities at asserted c
onnectivities');
#4659=UNCERTAINTY_MEASURE_WITH_UNIT(LENGTH_MEASURE(0.01),#4664,
'DISTANCE_ACCURACY_VALUE',
'Maximum model space distance between geometric entities at asserted c
onnectivities');
#4660=UNCERTAINTY_MEASURE_WITH_UNIT(LENGTH_MEASURE(0.01),#4664,
'DISTANCE_ACCURACY_VALUE',
'Maximum model space distance between geometric entities at asserted c
onnectivities');
#4661=(
GEOMETRIC_REPRESENTATION_CONTEXT(3)
GLOBAL_UNCERTAINTY_ASSIGNED_CONTEXT((#4658))
GLOBAL_UNIT_ASSIGNED_CONTEXT((#4664,#4666,#4667))
REPRESENTATION_CONTEXT('','3D')
);
#4662=(
GEOMETRIC_REPRESENTATION_CONTEXT(3)
GLOBAL_UNCERTAINTY_ASSIGNED_CONTEXT((#4659))
GLOBAL_UNIT_ASSIGNED_CONTEXT((#4664,#4666,#4667))
REPRESENTATION_CONTEXT('','3D')
);
#4663=(
GEOMETRIC_REPRESENTATION_CONTEXT(3)
GLOBAL_UNCERTAINTY_ASSIGNED_CONTEXT((#4660))
GLOBAL_UNIT_ASSIGNED_CONTEXT((#4664,#4666,#4667))
REPRESENTATION_CONTEXT('','3D')
);
#4664=(
LENGTH_UNIT()
NAMED_UNIT(*)
SI_UNIT(.MILLI.,.METRE.)
);
#4665=(
LENGTH_UNIT()
NAMED_UNIT(*)
SI_UNIT($,.METRE.)
);
#4666=(
NAMED_UNIT(*)
PLANE_ANGLE_UNIT()
SI_UNIT($,.RADIAN.)
);
#4667=(
NAMED_UNIT(*)
SI_UNIT($,.STERADIAN.)
SOLID_ANGLE_UNIT()
);
#4668=SHAPE_DEFINITION_REPRESENTATION(#4670,#4673);
#4669=SHAPE_DEFINITION_REPRESENTATION(#4671,#4674);
#4670=PRODUCT_DEFINITION_SHAPE('',$,#4676);
#4671=PRODUCT_DEFINITION_SHAPE('',$,#4677);
#4672=PRODUCT_DEFINITION_SHAPE($,$,#14);
#4673=SHAPE_REPRESENTATION('',(#2744,#3004),#4661);
#4674=SHAPE_REPRESENTATION('',(#2745),#4662);
#4675=PRODUCT_DEFINITION_CONTEXT('part definition',#4683,'design');
#4676=PRODUCT_DEFINITION('RB9.01.062.000 Gripper',
'RB9.01.062.000 Gripper v8',#4678,#4675);
#4677=PRODUCT_DEFINITION(
'RB9.01.062.070 Camera holder_follower + camera',
'RB9.01.062.070 Camera holder_follower + camera',#4679,#4675);
#4678=PRODUCT_DEFINITION_FORMATION('',$,#4685);
#4679=PRODUCT_DEFINITION_FORMATION('',$,#4686);
#4680=PRODUCT_RELATED_PRODUCT_CATEGORY('RB9.01.062.000 Gripper v8',
'RB9.01.062.000 Gripper v8',(#4685));
#4681=PRODUCT_RELATED_PRODUCT_CATEGORY(
'RB9.01.062.070 Camera holder_follower + camera',
'RB9.01.062.070 Camera holder_follower + camera',(#4686));
#4682=APPLICATION_PROTOCOL_DEFINITION('international standard',
'automotive_design',2009,#4683);
#4683=APPLICATION_CONTEXT(
'Core Data for Automotive Mechanical Design Process');
#4684=PRODUCT_CONTEXT('part definition',#4683,'mechanical');
#4685=PRODUCT('RB9.01.062.000 Gripper','RB9.01.062.000 Gripper v8',
'STEP AP214',(#4684));
#4686=PRODUCT('RB9.01.062.070 Camera holder_follower + camera',
'RB9.01.062.070 Camera holder_follower + camera',$,(#4684));
#4687=PRESENTATION_STYLE_ASSIGNMENT((#4689));
#4688=PRESENTATION_STYLE_ASSIGNMENT((#4690));
#4689=SURFACE_STYLE_USAGE(.BOTH.,#4691);
#4690=SURFACE_STYLE_USAGE(.BOTH.,#4692);
#4691=SURFACE_SIDE_STYLE('',(#4693));
#4692=SURFACE_SIDE_STYLE('',(#4694));
#4693=SURFACE_STYLE_FILL_AREA(#4695);
#4694=SURFACE_STYLE_FILL_AREA(#4696);
#4695=FILL_AREA_STYLE('Steel - Satin',(#4697));
#4696=FILL_AREA_STYLE('Opaque(255,255,255)',(#4698));
#4697=FILL_AREA_STYLE_COLOUR('Steel - Satin',#4699);
#4698=FILL_AREA_STYLE_COLOUR('Opaque(255,255,255)',#4700);
#4699=COLOUR_RGB('Steel - Satin',0.627450980392157,0.627450980392157,0.627450980392157);
#4700=COLOUR_RGB('Opaque(255,255,255)',1.,1.,1.);
ENDSEC;
END-ISO-10303-21;
