ISO-10303-21;
HEADER;
/* Generated by software containing ST-Developer
 * from STEP Tools, Inc. (www.steptools.com) 
 */

FILE_DESCRIPTION(
/* description */ ('STEP AP214'),
/* implementation_level */ '2;1');

FILE_NAME(
/* name */ 'Microscope Slide Clamp 2.step',
/* time_stamp */ '2026-07-14T13:41:27-07:00',
/* author */ (''),
/* organization */ (''),
/* preprocessor_version */ 'ST-DEVELOPER v20.1',
/* originating_system */ 'Autodesk Translation Framework v15.8.0.0',
/* authorisation */ '');

FILE_SCHEMA (('AUTOMOTIVE_DESIGN { 1 0 10303 214 3 1 1 }'));
ENDSEC;

DATA;
#10=MECHANICAL_DESIGN_GEOMETRIC_PRESENTATION_REPRESENTATION('',(#17),#5221);
#11=ITEM_DEFINED_TRANSFORMATION($,$,#3244,#3456);
#12=(
REPRESENTATION_RELATIONSHIP($,$,#5232,#5231)
REPRESENTATION_RELATIONSHIP_WITH_TRANSFORMATION(#11)
SHAPE_REPRESENTATION_RELATIONSHIP()
);
#13=CONTEXT_DEPENDENT_SHAPE_REPRESENTATION(#12,#5230);
#14=NEXT_ASSEMBLY_USAGE_OCCURRENCE('RB9.01.062.020 Clamp (2):1',
'RB9.01.062.020 Clamp (2):1','RB9.01.062.020 Clamp (2):1',#5234,#5235,
'RB9.01.062.020 Clamp (2):1');
#15=SHAPE_REPRESENTATION_RELATIONSHIP('SRR','None',#5232,#16);
#16=ADVANCED_BREP_SHAPE_REPRESENTATION('',(#18),#5220);
#17=STYLED_ITEM('',(#5246),#18);
#18=MANIFOLD_SOLID_BREP('Body1',#3230);
#19=ELLIPSE('',#3362,2.40000000000001,1.);
#20=ELLIPSE('',#3367,2.39999999999999,1.);
#21=CYLINDRICAL_SURFACE('',#3295,0.5);
#22=CYLINDRICAL_SURFACE('',#3306,3.1);
#23=CYLINDRICAL_SURFACE('',#3307,3.1);
#24=CYLINDRICAL_SURFACE('',#3308,3.1);
#25=CYLINDRICAL_SURFACE('',#3309,3.1);
#26=CYLINDRICAL_SURFACE('',#3310,3.1);
#27=CYLINDRICAL_SURFACE('',#3311,3.1);
#28=CYLINDRICAL_SURFACE('',#3312,3.1);
#29=CYLINDRICAL_SURFACE('',#3313,3.1);
#30=CYLINDRICAL_SURFACE('',#3314,3.1);
#31=CYLINDRICAL_SURFACE('',#3315,3.1);
#32=CYLINDRICAL_SURFACE('',#3316,3.1);
#33=CYLINDRICAL_SURFACE('',#3317,3.1);
#34=CYLINDRICAL_SURFACE('',#3318,3.1);
#35=CYLINDRICAL_SURFACE('',#3319,3.1);
#36=CYLINDRICAL_SURFACE('',#3320,3.1);
#37=CYLINDRICAL_SURFACE('',#3321,3.1);
#38=CYLINDRICAL_SURFACE('',#3322,3.1);
#39=CYLINDRICAL_SURFACE('',#3323,3.1);
#40=CYLINDRICAL_SURFACE('',#3324,3.1);
#41=CYLINDRICAL_SURFACE('',#3325,3.1);
#42=CYLINDRICAL_SURFACE('',#3361,1.);
#43=CYLINDRICAL_SURFACE('',#3366,1.);
#44=CYLINDRICAL_SURFACE('',#3370,0.5);
#45=CYLINDRICAL_SURFACE('',#3371,13.);
#46=CYLINDRICAL_SURFACE('',#3373,13.);
#47=CYLINDRICAL_SURFACE('',#3375,23.);
#48=FACE_BOUND('',#222,.T.);
#49=FACE_BOUND('',#223,.T.);
#50=FACE_BOUND('',#224,.T.);
#51=FACE_BOUND('',#225,.T.);
#52=FACE_BOUND('',#226,.T.);
#53=FACE_BOUND('',#227,.T.);
#54=FACE_BOUND('',#228,.T.);
#55=FACE_BOUND('',#229,.T.);
#56=FACE_BOUND('',#231,.T.);
#57=FACE_BOUND('',#232,.T.);
#58=FACE_BOUND('',#233,.T.);
#59=FACE_BOUND('',#234,.T.);
#60=FACE_BOUND('',#235,.T.);
#61=FACE_BOUND('',#236,.T.);
#62=FACE_BOUND('',#237,.T.);
#63=FACE_BOUND('',#238,.T.);
#64=FACE_OUTER_BOUND('',#221,.T.);
#65=FACE_OUTER_BOUND('',#230,.T.);
#66=FACE_OUTER_BOUND('',#239,.T.);
#67=FACE_OUTER_BOUND('',#240,.T.);
#68=FACE_OUTER_BOUND('',#241,.T.);
#69=FACE_OUTER_BOUND('',#242,.T.);
#70=FACE_OUTER_BOUND('',#243,.T.);
#71=FACE_OUTER_BOUND('',#244,.T.);
#72=FACE_OUTER_BOUND('',#245,.T.);
#73=FACE_OUTER_BOUND('',#246,.T.);
#74=FACE_OUTER_BOUND('',#247,.T.);
#75=FACE_OUTER_BOUND('',#248,.T.);
#76=FACE_OUTER_BOUND('',#249,.T.);
#77=FACE_OUTER_BOUND('',#250,.T.);
#78=FACE_OUTER_BOUND('',#251,.T.);
#79=FACE_OUTER_BOUND('',#252,.T.);
#80=FACE_OUTER_BOUND('',#253,.T.);
#81=FACE_OUTER_BOUND('',#254,.T.);
#82=FACE_OUTER_BOUND('',#255,.T.);
#83=FACE_OUTER_BOUND('',#256,.T.);
#84=FACE_OUTER_BOUND('',#257,.T.);
#85=FACE_OUTER_BOUND('',#258,.T.);
#86=FACE_OUTER_BOUND('',#259,.T.);
#87=FACE_OUTER_BOUND('',#260,.T.);
#88=FACE_OUTER_BOUND('',#261,.T.);
#89=FACE_OUTER_BOUND('',#262,.T.);
#90=FACE_OUTER_BOUND('',#263,.T.);
#91=FACE_OUTER_BOUND('',#264,.T.);
#92=FACE_OUTER_BOUND('',#265,.T.);
#93=FACE_OUTER_BOUND('',#266,.T.);
#94=FACE_OUTER_BOUND('',#267,.T.);
#95=FACE_OUTER_BOUND('',#268,.T.);
#96=FACE_OUTER_BOUND('',#269,.T.);
#97=FACE_OUTER_BOUND('',#270,.T.);
#98=FACE_OUTER_BOUND('',#271,.T.);
#99=FACE_OUTER_BOUND('',#272,.T.);
#100=FACE_OUTER_BOUND('',#273,.T.);
#101=FACE_OUTER_BOUND('',#274,.T.);
#102=FACE_OUTER_BOUND('',#275,.T.);
#103=FACE_OUTER_BOUND('',#276,.T.);
#104=FACE_OUTER_BOUND('',#277,.T.);
#105=FACE_OUTER_BOUND('',#278,.T.);
#106=FACE_OUTER_BOUND('',#279,.T.);
#107=FACE_OUTER_BOUND('',#280,.T.);
#108=FACE_OUTER_BOUND('',#281,.T.);
#109=FACE_OUTER_BOUND('',#282,.T.);
#110=FACE_OUTER_BOUND('',#283,.T.);
#111=FACE_OUTER_BOUND('',#284,.T.);
#112=FACE_OUTER_BOUND('',#285,.T.);
#113=FACE_OUTER_BOUND('',#286,.T.);
#114=FACE_OUTER_BOUND('',#287,.T.);
#115=FACE_OUTER_BOUND('',#288,.T.);
#116=FACE_OUTER_BOUND('',#289,.T.);
#117=FACE_OUTER_BOUND('',#290,.T.);
#118=FACE_OUTER_BOUND('',#291,.T.);
#119=FACE_OUTER_BOUND('',#292,.T.);
#120=FACE_OUTER_BOUND('',#293,.T.);
#121=FACE_OUTER_BOUND('',#294,.T.);
#122=FACE_OUTER_BOUND('',#295,.T.);
#123=FACE_OUTER_BOUND('',#296,.T.);
#124=FACE_OUTER_BOUND('',#297,.T.);
#125=FACE_OUTER_BOUND('',#298,.T.);
#126=FACE_OUTER_BOUND('',#299,.T.);
#127=FACE_OUTER_BOUND('',#300,.T.);
#128=FACE_OUTER_BOUND('',#301,.T.);
#129=FACE_OUTER_BOUND('',#302,.T.);
#130=FACE_OUTER_BOUND('',#303,.T.);
#131=FACE_OUTER_BOUND('',#304,.T.);
#132=FACE_OUTER_BOUND('',#305,.T.);
#133=FACE_OUTER_BOUND('',#306,.T.);
#134=FACE_OUTER_BOUND('',#307,.T.);
#135=FACE_OUTER_BOUND('',#308,.T.);
#136=FACE_OUTER_BOUND('',#309,.T.);
#137=FACE_OUTER_BOUND('',#310,.T.);
#138=FACE_OUTER_BOUND('',#311,.T.);
#139=FACE_OUTER_BOUND('',#312,.T.);
#140=FACE_OUTER_BOUND('',#313,.T.);
#141=FACE_OUTER_BOUND('',#314,.T.);
#142=FACE_OUTER_BOUND('',#315,.T.);
#143=FACE_OUTER_BOUND('',#316,.T.);
#144=FACE_OUTER_BOUND('',#317,.T.);
#145=FACE_OUTER_BOUND('',#318,.T.);
#146=FACE_OUTER_BOUND('',#319,.T.);
#147=FACE_OUTER_BOUND('',#320,.T.);
#148=FACE_OUTER_BOUND('',#321,.T.);
#149=FACE_OUTER_BOUND('',#322,.T.);
#150=FACE_OUTER_BOUND('',#323,.T.);
#151=FACE_OUTER_BOUND('',#324,.T.);
#152=FACE_OUTER_BOUND('',#325,.T.);
#153=FACE_OUTER_BOUND('',#326,.T.);
#154=FACE_OUTER_BOUND('',#327,.T.);
#155=FACE_OUTER_BOUND('',#328,.T.);
#156=FACE_OUTER_BOUND('',#329,.T.);
#157=FACE_OUTER_BOUND('',#330,.T.);
#158=FACE_OUTER_BOUND('',#331,.T.);
#159=FACE_OUTER_BOUND('',#332,.T.);
#160=FACE_OUTER_BOUND('',#333,.T.);
#161=FACE_OUTER_BOUND('',#334,.T.);
#162=FACE_OUTER_BOUND('',#335,.T.);
#163=FACE_OUTER_BOUND('',#336,.T.);
#164=FACE_OUTER_BOUND('',#337,.T.);
#165=FACE_OUTER_BOUND('',#338,.T.);
#166=FACE_OUTER_BOUND('',#339,.T.);
#167=FACE_OUTER_BOUND('',#340,.T.);
#168=FACE_OUTER_BOUND('',#341,.T.);
#169=FACE_OUTER_BOUND('',#342,.T.);
#170=FACE_OUTER_BOUND('',#343,.T.);
#171=FACE_OUTER_BOUND('',#344,.T.);
#172=FACE_OUTER_BOUND('',#345,.T.);
#173=FACE_OUTER_BOUND('',#346,.T.);
#174=FACE_OUTER_BOUND('',#347,.T.);
#175=FACE_OUTER_BOUND('',#348,.T.);
#176=FACE_OUTER_BOUND('',#349,.T.);
#177=FACE_OUTER_BOUND('',#350,.T.);
#178=FACE_OUTER_BOUND('',#351,.T.);
#179=FACE_OUTER_BOUND('',#352,.T.);
#180=FACE_OUTER_BOUND('',#353,.T.);
#181=FACE_OUTER_BOUND('',#354,.T.);
#182=FACE_OUTER_BOUND('',#355,.T.);
#183=FACE_OUTER_BOUND('',#356,.T.);
#184=FACE_OUTER_BOUND('',#357,.T.);
#185=FACE_OUTER_BOUND('',#358,.T.);
#186=FACE_OUTER_BOUND('',#359,.T.);
#187=FACE_OUTER_BOUND('',#360,.T.);
#188=FACE_OUTER_BOUND('',#361,.T.);
#189=FACE_OUTER_BOUND('',#362,.T.);
#190=FACE_OUTER_BOUND('',#363,.T.);
#191=FACE_OUTER_BOUND('',#364,.T.);
#192=FACE_OUTER_BOUND('',#365,.T.);
#193=FACE_OUTER_BOUND('',#366,.T.);
#194=FACE_OUTER_BOUND('',#367,.T.);
#195=FACE_OUTER_BOUND('',#368,.T.);
#196=FACE_OUTER_BOUND('',#369,.T.);
#197=FACE_OUTER_BOUND('',#370,.T.);
#198=FACE_OUTER_BOUND('',#371,.T.);
#199=FACE_OUTER_BOUND('',#372,.T.);
#200=FACE_OUTER_BOUND('',#373,.T.);
#201=FACE_OUTER_BOUND('',#374,.T.);
#202=FACE_OUTER_BOUND('',#375,.T.);
#203=FACE_OUTER_BOUND('',#376,.T.);
#204=FACE_OUTER_BOUND('',#377,.T.);
#205=FACE_OUTER_BOUND('',#378,.T.);
#206=FACE_OUTER_BOUND('',#379,.T.);
#207=FACE_OUTER_BOUND('',#380,.T.);
#208=FACE_OUTER_BOUND('',#381,.T.);
#209=FACE_OUTER_BOUND('',#382,.T.);
#210=FACE_OUTER_BOUND('',#383,.T.);
#211=FACE_OUTER_BOUND('',#384,.T.);
#212=FACE_OUTER_BOUND('',#385,.T.);
#213=FACE_OUTER_BOUND('',#386,.T.);
#214=FACE_OUTER_BOUND('',#387,.T.);
#215=FACE_OUTER_BOUND('',#388,.T.);
#216=FACE_OUTER_BOUND('',#389,.T.);
#217=FACE_OUTER_BOUND('',#390,.T.);
#218=FACE_OUTER_BOUND('',#391,.T.);
#219=FACE_OUTER_BOUND('',#392,.T.);
#220=FACE_OUTER_BOUND('',#393,.T.);
#221=EDGE_LOOP('',(#2023,#2024,#2025,#2026,#2027,#2028,#2029,#2030,#2031,
#2032,#2033,#2034,#2035,#2036,#2037));
#222=EDGE_LOOP('',(#2038,#2039,#2040,#2041,#2042,#2043,#2044,#2045,#2046,
#2047,#2048,#2049,#2050,#2051,#2052,#2053,#2054,#2055,#2056,#2057,#2058,
#2059,#2060,#2061,#2062,#2063,#2064,#2065,#2066,#2067,#2068,#2069,#2070,
#2071,#2072,#2073,#2074,#2075,#2076,#2077));
#223=EDGE_LOOP('',(#2078,#2079,#2080,#2081,#2082,#2083,#2084,#2085,#2086,
#2087,#2088,#2089,#2090,#2091,#2092,#2093,#2094,#2095,#2096,#2097,#2098,
#2099,#2100,#2101,#2102,#2103,#2104,#2105,#2106,#2107,#2108,#2109,#2110,
#2111,#2112,#2113,#2114,#2115,#2116,#2117));
#224=EDGE_LOOP('',(#2118,#2119,#2120,#2121,#2122,#2123,#2124,#2125));
#225=EDGE_LOOP('',(#2126,#2127,#2128));
#226=EDGE_LOOP('',(#2129,#2130,#2131));
#227=EDGE_LOOP('',(#2132,#2133,#2134));
#228=EDGE_LOOP('',(#2135,#2136,#2137));
#229=EDGE_LOOP('',(#2138,#2139,#2140));
#230=EDGE_LOOP('',(#2141,#2142,#2143,#2144,#2145,#2146,#2147,#2148,#2149,
#2150,#2151,#2152,#2153,#2154,#2155,#2156,#2157,#2158,#2159,#2160,#2161,
#2162,#2163,#2164));
#231=EDGE_LOOP('',(#2165,#2166,#2167));
#232=EDGE_LOOP('',(#2168,#2169,#2170));
#233=EDGE_LOOP('',(#2171,#2172,#2173));
#234=EDGE_LOOP('',(#2174,#2175,#2176));
#235=EDGE_LOOP('',(#2177,#2178,#2179,#2180,#2181,#2182,#2183,#2184));
#236=EDGE_LOOP('',(#2185,#2186,#2187,#2188,#2189,#2190,#2191,#2192,#2193,
#2194,#2195,#2196,#2197,#2198,#2199,#2200,#2201,#2202,#2203,#2204,#2205,
#2206,#2207,#2208,#2209,#2210,#2211,#2212,#2213,#2214,#2215,#2216,#2217,
#2218,#2219,#2220,#2221,#2222,#2223,#2224));
#237=EDGE_LOOP('',(#2225,#2226,#2227,#2228,#2229,#2230,#2231,#2232,#2233,
#2234,#2235,#2236,#2237,#2238,#2239,#2240,#2241,#2242,#2243,#2244,#2245,
#2246,#2247,#2248,#2249,#2250,#2251,#2252,#2253,#2254,#2255,#2256,#2257,
#2258,#2259,#2260,#2261,#2262,#2263,#2264));
#238=EDGE_LOOP('',(#2265,#2266,#2267));
#239=EDGE_LOOP('',(#2268,#2269,#2270,#2271));
#240=EDGE_LOOP('',(#2272,#2273,#2274,#2275));
#241=EDGE_LOOP('',(#2276,#2277,#2278,#2279));
#242=EDGE_LOOP('',(#2280,#2281,#2282,#2283));
#243=EDGE_LOOP('',(#2284,#2285,#2286,#2287));
#244=EDGE_LOOP('',(#2288,#2289,#2290,#2291));
#245=EDGE_LOOP('',(#2292,#2293,#2294,#2295,#2296,#2297));
#246=EDGE_LOOP('',(#2298,#2299,#2300,#2301,#2302));
#247=EDGE_LOOP('',(#2303,#2304,#2305,#2306));
#248=EDGE_LOOP('',(#2307,#2308,#2309,#2310));
#249=EDGE_LOOP('',(#2311,#2312,#2313,#2314));
#250=EDGE_LOOP('',(#2315,#2316,#2317,#2318));
#251=EDGE_LOOP('',(#2319,#2320,#2321,#2322));
#252=EDGE_LOOP('',(#2323,#2324,#2325,#2326));
#253=EDGE_LOOP('',(#2327,#2328,#2329,#2330));
#254=EDGE_LOOP('',(#2331,#2332,#2333,#2334));
#255=EDGE_LOOP('',(#2335,#2336,#2337,#2338));
#256=EDGE_LOOP('',(#2339,#2340,#2341,#2342));
#257=EDGE_LOOP('',(#2343,#2344,#2345,#2346));
#258=EDGE_LOOP('',(#2347,#2348,#2349,#2350));
#259=EDGE_LOOP('',(#2351,#2352,#2353,#2354));
#260=EDGE_LOOP('',(#2355,#2356,#2357,#2358));
#261=EDGE_LOOP('',(#2359,#2360,#2361,#2362));
#262=EDGE_LOOP('',(#2363,#2364,#2365,#2366));
#263=EDGE_LOOP('',(#2367,#2368,#2369,#2370));
#264=EDGE_LOOP('',(#2371,#2372,#2373,#2374));
#265=EDGE_LOOP('',(#2375,#2376,#2377,#2378));
#266=EDGE_LOOP('',(#2379,#2380,#2381,#2382));
#267=EDGE_LOOP('',(#2383,#2384,#2385,#2386));
#268=EDGE_LOOP('',(#2387,#2388,#2389,#2390));
#269=EDGE_LOOP('',(#2391,#2392,#2393,#2394));
#270=EDGE_LOOP('',(#2395,#2396,#2397,#2398));
#271=EDGE_LOOP('',(#2399,#2400,#2401,#2402));
#272=EDGE_LOOP('',(#2403,#2404,#2405,#2406));
#273=EDGE_LOOP('',(#2407,#2408,#2409,#2410));
#274=EDGE_LOOP('',(#2411,#2412,#2413,#2414));
#275=EDGE_LOOP('',(#2415,#2416,#2417,#2418));
#276=EDGE_LOOP('',(#2419,#2420,#2421,#2422));
#277=EDGE_LOOP('',(#2423,#2424,#2425,#2426));
#278=EDGE_LOOP('',(#2427,#2428,#2429,#2430));
#279=EDGE_LOOP('',(#2431,#2432,#2433,#2434));
#280=EDGE_LOOP('',(#2435,#2436,#2437,#2438));
#281=EDGE_LOOP('',(#2439,#2440,#2441,#2442));
#282=EDGE_LOOP('',(#2443,#2444,#2445,#2446));
#283=EDGE_LOOP('',(#2447,#2448,#2449,#2450));
#284=EDGE_LOOP('',(#2451,#2452,#2453,#2454));
#285=EDGE_LOOP('',(#2455,#2456,#2457,#2458));
#286=EDGE_LOOP('',(#2459,#2460,#2461,#2462));
#287=EDGE_LOOP('',(#2463,#2464,#2465,#2466));
#288=EDGE_LOOP('',(#2467,#2468,#2469,#2470));
#289=EDGE_LOOP('',(#2471,#2472,#2473,#2474));
#290=EDGE_LOOP('',(#2475,#2476,#2477,#2478));
#291=EDGE_LOOP('',(#2479,#2480,#2481,#2482));
#292=EDGE_LOOP('',(#2483,#2484,#2485,#2486));
#293=EDGE_LOOP('',(#2487,#2488,#2489,#2490));
#294=EDGE_LOOP('',(#2491,#2492,#2493,#2494));
#295=EDGE_LOOP('',(#2495,#2496,#2497,#2498));
#296=EDGE_LOOP('',(#2499,#2500,#2501,#2502));
#297=EDGE_LOOP('',(#2503,#2504,#2505,#2506));
#298=EDGE_LOOP('',(#2507,#2508,#2509,#2510));
#299=EDGE_LOOP('',(#2511,#2512,#2513,#2514));
#300=EDGE_LOOP('',(#2515,#2516,#2517,#2518));
#301=EDGE_LOOP('',(#2519,#2520,#2521,#2522));
#302=EDGE_LOOP('',(#2523,#2524,#2525,#2526));
#303=EDGE_LOOP('',(#2527,#2528,#2529,#2530,#2531,#2532));
#304=EDGE_LOOP('',(#2533,#2534,#2535,#2536,#2537));
#305=EDGE_LOOP('',(#2538,#2539,#2540,#2541));
#306=EDGE_LOOP('',(#2542,#2543,#2544,#2545,#2546,#2547,#2548,#2549));
#307=EDGE_LOOP('',(#2550,#2551,#2552,#2553,#2554));
#308=EDGE_LOOP('',(#2555,#2556,#2557,#2558));
#309=EDGE_LOOP('',(#2559,#2560,#2561,#2562));
#310=EDGE_LOOP('',(#2563,#2564,#2565,#2566));
#311=EDGE_LOOP('',(#2567,#2568,#2569,#2570));
#312=EDGE_LOOP('',(#2571,#2572,#2573,#2574));
#313=EDGE_LOOP('',(#2575,#2576,#2577,#2578));
#314=EDGE_LOOP('',(#2579,#2580,#2581,#2582,#2583,#2584));
#315=EDGE_LOOP('',(#2585,#2586,#2587,#2588));
#316=EDGE_LOOP('',(#2589,#2590,#2591,#2592,#2593,#2594,#2595,#2596));
#317=EDGE_LOOP('',(#2597,#2598,#2599,#2600,#2601));
#318=EDGE_LOOP('',(#2602,#2603,#2604));
#319=EDGE_LOOP('',(#2605,#2606,#2607,#2608,#2609));
#320=EDGE_LOOP('',(#2610,#2611,#2612,#2613));
#321=EDGE_LOOP('',(#2614,#2615,#2616,#2617,#2618));
#322=EDGE_LOOP('',(#2619,#2620,#2621,#2622));
#323=EDGE_LOOP('',(#2623,#2624,#2625,#2626,#2627,#2628));
#324=EDGE_LOOP('',(#2629,#2630,#2631,#2632,#2633));
#325=EDGE_LOOP('',(#2634,#2635,#2636,#2637));
#326=EDGE_LOOP('',(#2638,#2639,#2640,#2641,#2642));
#327=EDGE_LOOP('',(#2643,#2644,#2645,#2646));
#328=EDGE_LOOP('',(#2647,#2648,#2649,#2650,#2651,#2652,#2653,#2654));
#329=EDGE_LOOP('',(#2655,#2656,#2657,#2658,#2659,#2660,#2661,#2662,#2663,
#2664,#2665,#2666,#2667,#2668,#2669,#2670,#2671,#2672,#2673,#2674));
#330=EDGE_LOOP('',(#2675,#2676,#2677,#2678,#2679,#2680,#2681,#2682,#2683,
#2684,#2685,#2686,#2687));
#331=EDGE_LOOP('',(#2688,#2689,#2690,#2691));
#332=EDGE_LOOP('',(#2692,#2693,#2694,#2695));
#333=EDGE_LOOP('',(#2696,#2697,#2698,#2699));
#334=EDGE_LOOP('',(#2700,#2701,#2702,#2703));
#335=EDGE_LOOP('',(#2704,#2705,#2706,#2707));
#336=EDGE_LOOP('',(#2708,#2709,#2710,#2711));
#337=EDGE_LOOP('',(#2712,#2713,#2714,#2715));
#338=EDGE_LOOP('',(#2716,#2717,#2718,#2719));
#339=EDGE_LOOP('',(#2720,#2721,#2722,#2723));
#340=EDGE_LOOP('',(#2724,#2725,#2726,#2727));
#341=EDGE_LOOP('',(#2728,#2729,#2730,#2731));
#342=EDGE_LOOP('',(#2732,#2733,#2734,#2735));
#343=EDGE_LOOP('',(#2736,#2737,#2738,#2739));
#344=EDGE_LOOP('',(#2740,#2741,#2742,#2743));
#345=EDGE_LOOP('',(#2744,#2745,#2746,#2747));
#346=EDGE_LOOP('',(#2748,#2749,#2750,#2751));
#347=EDGE_LOOP('',(#2752,#2753,#2754,#2755));
#348=EDGE_LOOP('',(#2756,#2757,#2758,#2759));
#349=EDGE_LOOP('',(#2760,#2761,#2762,#2763));
#350=EDGE_LOOP('',(#2764,#2765,#2766,#2767));
#351=EDGE_LOOP('',(#2768,#2769,#2770,#2771));
#352=EDGE_LOOP('',(#2772,#2773,#2774,#2775));
#353=EDGE_LOOP('',(#2776,#2777,#2778,#2779));
#354=EDGE_LOOP('',(#2780,#2781,#2782,#2783));
#355=EDGE_LOOP('',(#2784,#2785,#2786,#2787));
#356=EDGE_LOOP('',(#2788,#2789,#2790,#2791));
#357=EDGE_LOOP('',(#2792,#2793,#2794,#2795));
#358=EDGE_LOOP('',(#2796,#2797,#2798,#2799));
#359=EDGE_LOOP('',(#2800,#2801,#2802,#2803));
#360=EDGE_LOOP('',(#2804,#2805,#2806,#2807));
#361=EDGE_LOOP('',(#2808,#2809,#2810,#2811));
#362=EDGE_LOOP('',(#2812,#2813,#2814,#2815));
#363=EDGE_LOOP('',(#2816,#2817,#2818,#2819));
#364=EDGE_LOOP('',(#2820,#2821,#2822,#2823));
#365=EDGE_LOOP('',(#2824,#2825,#2826,#2827));
#366=EDGE_LOOP('',(#2828,#2829,#2830,#2831));
#367=EDGE_LOOP('',(#2832,#2833,#2834,#2835));
#368=EDGE_LOOP('',(#2836,#2837,#2838,#2839));
#369=EDGE_LOOP('',(#2840,#2841,#2842,#2843));
#370=EDGE_LOOP('',(#2844,#2845,#2846,#2847));
#371=EDGE_LOOP('',(#2848,#2849,#2850,#2851));
#372=EDGE_LOOP('',(#2852,#2853,#2854,#2855));
#373=EDGE_LOOP('',(#2856,#2857,#2858,#2859));
#374=EDGE_LOOP('',(#2860,#2861,#2862,#2863));
#375=EDGE_LOOP('',(#2864,#2865,#2866,#2867));
#376=EDGE_LOOP('',(#2868,#2869,#2870,#2871));
#377=EDGE_LOOP('',(#2872,#2873,#2874,#2875));
#378=EDGE_LOOP('',(#2876,#2877,#2878,#2879,#2880,#2881));
#379=EDGE_LOOP('',(#2882,#2883,#2884,#2885));
#380=EDGE_LOOP('',(#2886,#2887,#2888,#2889));
#381=EDGE_LOOP('',(#2890,#2891,#2892,#2893));
#382=EDGE_LOOP('',(#2894,#2895,#2896,#2897));
#383=EDGE_LOOP('',(#2898,#2899,#2900,#2901));
#384=EDGE_LOOP('',(#2902,#2903,#2904,#2905));
#385=EDGE_LOOP('',(#2906,#2907,#2908,#2909));
#386=EDGE_LOOP('',(#2910,#2911,#2912,#2913));
#387=EDGE_LOOP('',(#2914,#2915,#2916,#2917));
#388=EDGE_LOOP('',(#2918,#2919,#2920,#2921));
#389=EDGE_LOOP('',(#2922,#2923,#2924,#2925));
#390=EDGE_LOOP('',(#2926,#2927,#2928,#2929));
#391=EDGE_LOOP('',(#2930,#2931,#2932,#2933));
#392=EDGE_LOOP('',(#2934,#2935,#2936,#2937,#2938));
#393=EDGE_LOOP('',(#2939,#2940,#2941,#2942));
#394=CIRCLE('',#3246,13.);
#395=CIRCLE('',#3247,23.);
#396=CIRCLE('',#3248,13.);
#397=CIRCLE('',#3249,3.1);
#398=CIRCLE('',#3250,3.1);
#399=CIRCLE('',#3251,3.1);
#400=CIRCLE('',#3252,3.1);
#401=CIRCLE('',#3253,3.1);
#402=CIRCLE('',#3254,3.1);
#403=CIRCLE('',#3255,3.1);
#404=CIRCLE('',#3256,3.1);
#405=CIRCLE('',#3257,3.1);
#406=CIRCLE('',#3258,3.1);
#407=CIRCLE('',#3259,3.1);
#408=CIRCLE('',#3260,3.1);
#409=CIRCLE('',#3261,3.1);
#410=CIRCLE('',#3262,3.1);
#411=CIRCLE('',#3263,3.1);
#412=CIRCLE('',#3264,3.1);
#413=CIRCLE('',#3265,3.1);
#414=CIRCLE('',#3266,3.1);
#415=CIRCLE('',#3267,3.1);
#416=CIRCLE('',#3268,3.1);
#417=CIRCLE('',#3270,13.);
#418=CIRCLE('',#3271,1.);
#419=CIRCLE('',#3272,1.);
#420=CIRCLE('',#3273,13.);
#421=CIRCLE('',#3274,23.);
#422=CIRCLE('',#3275,3.1);
#423=CIRCLE('',#3276,3.1);
#424=CIRCLE('',#3277,3.1);
#425=CIRCLE('',#3278,3.1);
#426=CIRCLE('',#3279,3.1);
#427=CIRCLE('',#3280,3.1);
#428=CIRCLE('',#3281,3.1);
#429=CIRCLE('',#3282,3.1);
#430=CIRCLE('',#3283,3.1);
#431=CIRCLE('',#3284,3.1);
#432=CIRCLE('',#3285,3.1);
#433=CIRCLE('',#3286,3.1);
#434=CIRCLE('',#3287,3.1);
#435=CIRCLE('',#3288,3.1);
#436=CIRCLE('',#3289,3.1);
#437=CIRCLE('',#3290,3.1);
#438=CIRCLE('',#3291,3.1);
#439=CIRCLE('',#3292,3.1);
#440=CIRCLE('',#3293,3.1);
#441=CIRCLE('',#3294,3.1);
#442=CIRCLE('',#3296,0.5);
#443=CIRCLE('',#3297,0.5);
#444=CIRCLE('',#3304,0.5);
#445=CIRCLE('',#3364,0.5);
#446=LINE('',#4296,#852);
#447=LINE('',#4298,#853);
#448=LINE('',#4300,#854);
#449=LINE('',#4302,#855);
#450=LINE('',#4306,#856);
#451=LINE('',#4308,#857);
#452=LINE('',#4310,#858);
#453=LINE('',#4312,#859);
#454=LINE('',#4314,#860);
#455=LINE('',#4316,#861);
#456=LINE('',#4320,#862);
#457=LINE('',#4323,#863);
#458=LINE('',#4328,#864);
#459=LINE('',#4330,#865);
#460=LINE('',#4332,#866);
#461=LINE('',#4336,#867);
#462=LINE('',#4338,#868);
#463=LINE('',#4340,#869);
#464=LINE('',#4344,#870);
#465=LINE('',#4346,#871);
#466=LINE('',#4348,#872);
#467=LINE('',#4352,#873);
#468=LINE('',#4354,#874);
#469=LINE('',#4356,#875);
#470=LINE('',#4360,#876);
#471=LINE('',#4362,#877);
#472=LINE('',#4364,#878);
#473=LINE('',#4368,#879);
#474=LINE('',#4370,#880);
#475=LINE('',#4372,#881);
#476=LINE('',#4376,#882);
#477=LINE('',#4378,#883);
#478=LINE('',#4380,#884);
#479=LINE('',#4384,#885);
#480=LINE('',#4386,#886);
#481=LINE('',#4388,#887);
#482=LINE('',#4392,#888);
#483=LINE('',#4394,#889);
#484=LINE('',#4396,#890);
#485=LINE('',#4400,#891);
#486=LINE('',#4402,#892);
#487=LINE('',#4403,#893);
#488=LINE('',#4408,#894);
#489=LINE('',#4410,#895);
#490=LINE('',#4412,#896);
#491=LINE('',#4416,#897);
#492=LINE('',#4418,#898);
#493=LINE('',#4420,#899);
#494=LINE('',#4424,#900);
#495=LINE('',#4426,#901);
#496=LINE('',#4428,#902);
#497=LINE('',#4432,#903);
#498=LINE('',#4434,#904);
#499=LINE('',#4436,#905);
#500=LINE('',#4440,#906);
#501=LINE('',#4442,#907);
#502=LINE('',#4444,#908);
#503=LINE('',#4448,#909);
#504=LINE('',#4450,#910);
#505=LINE('',#4452,#911);
#506=LINE('',#4456,#912);
#507=LINE('',#4458,#913);
#508=LINE('',#4460,#914);
#509=LINE('',#4464,#915);
#510=LINE('',#4466,#916);
#511=LINE('',#4468,#917);
#512=LINE('',#4472,#918);
#513=LINE('',#4474,#919);
#514=LINE('',#4476,#920);
#515=LINE('',#4480,#921);
#516=LINE('',#4482,#922);
#517=LINE('',#4483,#923);
#518=LINE('',#4486,#924);
#519=LINE('',#4488,#925);
#520=LINE('',#4490,#926);
#521=LINE('',#4492,#927);
#522=LINE('',#4494,#928);
#523=LINE('',#4496,#929);
#524=LINE('',#4498,#930);
#525=LINE('',#4499,#931);
#526=LINE('',#4502,#932);
#527=LINE('',#4504,#933);
#528=LINE('',#4505,#934);
#529=LINE('',#4508,#935);
#530=LINE('',#4510,#936);
#531=LINE('',#4511,#937);
#532=LINE('',#4514,#938);
#533=LINE('',#4516,#939);
#534=LINE('',#4517,#940);
#535=LINE('',#4520,#941);
#536=LINE('',#4522,#942);
#537=LINE('',#4523,#943);
#538=LINE('',#4526,#944);
#539=LINE('',#4528,#945);
#540=LINE('',#4529,#946);
#541=LINE('',#4533,#947);
#542=LINE('',#4537,#948);
#543=LINE('',#4539,#949);
#544=LINE('',#4543,#950);
#545=LINE('',#4547,#951);
#546=LINE('',#4549,#952);
#547=LINE('',#4553,#953);
#548=LINE('',#4557,#954);
#549=LINE('',#4559,#955);
#550=LINE('',#4561,#956);
#551=LINE('',#4563,#957);
#552=LINE('',#4565,#958);
#553=LINE('',#4567,#959);
#554=LINE('',#4569,#960);
#555=LINE('',#4571,#961);
#556=LINE('',#4573,#962);
#557=LINE('',#4575,#963);
#558=LINE('',#4577,#964);
#559=LINE('',#4578,#965);
#560=LINE('',#4581,#966);
#561=LINE('',#4583,#967);
#562=LINE('',#4584,#968);
#563=LINE('',#4587,#969);
#564=LINE('',#4589,#970);
#565=LINE('',#4590,#971);
#566=LINE('',#4593,#972);
#567=LINE('',#4595,#973);
#568=LINE('',#4596,#974);
#569=LINE('',#4599,#975);
#570=LINE('',#4601,#976);
#571=LINE('',#4602,#977);
#572=LINE('',#4605,#978);
#573=LINE('',#4607,#979);
#574=LINE('',#4609,#980);
#575=LINE('',#4611,#981);
#576=LINE('',#4613,#982);
#577=LINE('',#4615,#983);
#578=LINE('',#4617,#984);
#579=LINE('',#4618,#985);
#580=LINE('',#4623,#986);
#581=LINE('',#4625,#987);
#582=LINE('',#4627,#988);
#583=LINE('',#4631,#989);
#584=LINE('',#4633,#990);
#585=LINE('',#4635,#991);
#586=LINE('',#4639,#992);
#587=LINE('',#4641,#993);
#588=LINE('',#4643,#994);
#589=LINE('',#4647,#995);
#590=LINE('',#4649,#996);
#591=LINE('',#4651,#997);
#592=LINE('',#4655,#998);
#593=LINE('',#4657,#999);
#594=LINE('',#4659,#1000);
#595=LINE('',#4663,#1001);
#596=LINE('',#4665,#1002);
#597=LINE('',#4667,#1003);
#598=LINE('',#4671,#1004);
#599=LINE('',#4673,#1005);
#600=LINE('',#4675,#1006);
#601=LINE('',#4679,#1007);
#602=LINE('',#4681,#1008);
#603=LINE('',#4683,#1009);
#604=LINE('',#4687,#1010);
#605=LINE('',#4689,#1011);
#606=LINE('',#4691,#1012);
#607=LINE('',#4695,#1013);
#608=LINE('',#4697,#1014);
#609=LINE('',#4698,#1015);
#610=LINE('',#4703,#1016);
#611=LINE('',#4705,#1017);
#612=LINE('',#4707,#1018);
#613=LINE('',#4711,#1019);
#614=LINE('',#4713,#1020);
#615=LINE('',#4715,#1021);
#616=LINE('',#4719,#1022);
#617=LINE('',#4721,#1023);
#618=LINE('',#4723,#1024);
#619=LINE('',#4727,#1025);
#620=LINE('',#4729,#1026);
#621=LINE('',#4731,#1027);
#622=LINE('',#4735,#1028);
#623=LINE('',#4737,#1029);
#624=LINE('',#4739,#1030);
#625=LINE('',#4743,#1031);
#626=LINE('',#4745,#1032);
#627=LINE('',#4747,#1033);
#628=LINE('',#4751,#1034);
#629=LINE('',#4753,#1035);
#630=LINE('',#4755,#1036);
#631=LINE('',#4759,#1037);
#632=LINE('',#4761,#1038);
#633=LINE('',#4763,#1039);
#634=LINE('',#4767,#1040);
#635=LINE('',#4769,#1041);
#636=LINE('',#4771,#1042);
#637=LINE('',#4775,#1043);
#638=LINE('',#4777,#1044);
#639=LINE('',#4778,#1045);
#640=LINE('',#4781,#1046);
#641=LINE('',#4783,#1047);
#642=LINE('',#4784,#1048);
#643=LINE('',#4790,#1049);
#644=LINE('',#4793,#1050);
#645=LINE('',#4795,#1051);
#646=LINE('',#4796,#1052);
#647=LINE('',#4799,#1053);
#648=LINE('',#4800,#1054);
#649=LINE('',#4804,#1055);
#650=LINE('',#4805,#1056);
#651=LINE('',#4807,#1057);
#652=LINE('',#4808,#1058);
#653=LINE('',#4810,#1059);
#654=LINE('',#4812,#1060);
#655=LINE('',#4815,#1061);
#656=LINE('',#4817,#1062);
#657=LINE('',#4821,#1063);
#658=LINE('',#4822,#1064);
#659=LINE('',#4825,#1065);
#660=LINE('',#4826,#1066);
#661=LINE('',#4827,#1067);
#662=LINE('',#4829,#1068);
#663=LINE('',#4830,#1069);
#664=LINE('',#4832,#1070);
#665=LINE('',#4833,#1071);
#666=LINE('',#4835,#1072);
#667=LINE('',#4836,#1073);
#668=LINE('',#4838,#1074);
#669=LINE('',#4839,#1075);
#670=LINE('',#4841,#1076);
#671=LINE('',#4842,#1077);
#672=LINE('',#4844,#1078);
#673=LINE('',#4845,#1079);
#674=LINE('',#4847,#1080);
#675=LINE('',#4848,#1081);
#676=LINE('',#4850,#1082);
#677=LINE('',#4851,#1083);
#678=LINE('',#4853,#1084);
#679=LINE('',#4854,#1085);
#680=LINE('',#4856,#1086);
#681=LINE('',#4857,#1087);
#682=LINE('',#4859,#1088);
#683=LINE('',#4860,#1089);
#684=LINE('',#4862,#1090);
#685=LINE('',#4863,#1091);
#686=LINE('',#4865,#1092);
#687=LINE('',#4866,#1093);
#688=LINE('',#4868,#1094);
#689=LINE('',#4869,#1095);
#690=LINE('',#4871,#1096);
#691=LINE('',#4872,#1097);
#692=LINE('',#4874,#1098);
#693=LINE('',#4875,#1099);
#694=LINE('',#4877,#1100);
#695=LINE('',#4878,#1101);
#696=LINE('',#4880,#1102);
#697=LINE('',#4881,#1103);
#698=LINE('',#4883,#1104);
#699=LINE('',#4884,#1105);
#700=LINE('',#4886,#1106);
#701=LINE('',#4887,#1107);
#702=LINE('',#4889,#1108);
#703=LINE('',#4891,#1109);
#704=LINE('',#4893,#1110);
#705=LINE('',#4895,#1111);
#706=LINE('',#4897,#1112);
#707=LINE('',#4899,#1113);
#708=LINE('',#4901,#1114);
#709=LINE('',#4903,#1115);
#710=LINE('',#4905,#1116);
#711=LINE('',#4907,#1117);
#712=LINE('',#4909,#1118);
#713=LINE('',#4911,#1119);
#714=LINE('',#4913,#1120);
#715=LINE('',#4915,#1121);
#716=LINE('',#4917,#1122);
#717=LINE('',#4919,#1123);
#718=LINE('',#4921,#1124);
#719=LINE('',#4923,#1125);
#720=LINE('',#4925,#1126);
#721=LINE('',#4927,#1127);
#722=LINE('',#4929,#1128);
#723=LINE('',#4930,#1129);
#724=LINE('',#4932,#1130);
#725=LINE('',#4935,#1131);
#726=LINE('',#4936,#1132);
#727=LINE('',#4938,#1133);
#728=LINE('',#4941,#1134);
#729=LINE('',#4942,#1135);
#730=LINE('',#4944,#1136);
#731=LINE('',#4947,#1137);
#732=LINE('',#4948,#1138);
#733=LINE('',#4950,#1139);
#734=LINE('',#4953,#1140);
#735=LINE('',#4954,#1141);
#736=LINE('',#4956,#1142);
#737=LINE('',#4962,#1143);
#738=LINE('',#4963,#1144);
#739=LINE('',#4966,#1145);
#740=LINE('',#4970,#1146);
#741=LINE('',#4971,#1147);
#742=LINE('',#4973,#1148);
#743=LINE('',#4974,#1149);
#744=LINE('',#4978,#1150);
#745=LINE('',#4980,#1151);
#746=LINE('',#4981,#1152);
#747=LINE('',#4983,#1153);
#748=LINE('',#4986,#1154);
#749=LINE('',#4987,#1155);
#750=LINE('',#4989,#1156);
#751=LINE('',#4991,#1157);
#752=LINE('',#4992,#1158);
#753=LINE('',#4994,#1159);
#754=LINE('',#4996,#1160);
#755=LINE('',#4999,#1161);
#756=LINE('',#5001,#1162);
#757=LINE('',#5002,#1163);
#758=LINE('',#5006,#1164);
#759=LINE('',#5010,#1165);
#760=LINE('',#5012,#1166);
#761=LINE('',#5014,#1167);
#762=LINE('',#5015,#1168);
#763=LINE('',#5018,#1169);
#764=LINE('',#5020,#1170);
#765=LINE('',#5021,#1171);
#766=LINE('',#5024,#1172);
#767=LINE('',#5025,#1173);
#768=LINE('',#5026,#1174);
#769=LINE('',#5030,#1175);
#770=LINE('',#5032,#1176);
#771=LINE('',#5034,#1177);
#772=LINE('',#5035,#1178);
#773=LINE('',#5039,#1179);
#774=LINE('',#5040,#1180);
#775=LINE('',#5042,#1181);
#776=LINE('',#5044,#1182);
#777=LINE('',#5045,#1183);
#778=LINE('',#5048,#1184);
#779=LINE('',#5050,#1185);
#780=LINE('',#5052,#1186);
#781=LINE('',#5053,#1187);
#782=LINE('',#5056,#1188);
#783=LINE('',#5058,#1189);
#784=LINE('',#5059,#1190);
#785=LINE('',#5061,#1191);
#786=LINE('',#5062,#1192);
#787=LINE('',#5064,#1193);
#788=LINE('',#5067,#1194);
#789=LINE('',#5069,#1195);
#790=LINE('',#5071,#1196);
#791=LINE('',#5072,#1197);
#792=LINE('',#5074,#1198);
#793=LINE('',#5076,#1199);
#794=LINE('',#5078,#1200);
#795=LINE('',#5080,#1201);
#796=LINE('',#5082,#1202);
#797=LINE('',#5083,#1203);
#798=LINE('',#5085,#1204);
#799=LINE('',#5087,#1205);
#800=LINE('',#5089,#1206);
#801=LINE('',#5091,#1207);
#802=LINE('',#5093,#1208);
#803=LINE('',#5095,#1209);
#804=LINE('',#5097,#1210);
#805=LINE('',#5098,#1211);
#806=LINE('',#5100,#1212);
#807=LINE('',#5102,#1213);
#808=LINE('',#5104,#1214);
#809=LINE('',#5105,#1215);
#810=LINE('',#5106,#1216);
#811=LINE('',#5107,#1217);
#812=LINE('',#5109,#1218);
#813=LINE('',#5110,#1219);
#814=LINE('',#5112,#1220);
#815=LINE('',#5113,#1221);
#816=LINE('',#5115,#1222);
#817=LINE('',#5116,#1223);
#818=LINE('',#5118,#1224);
#819=LINE('',#5119,#1225);
#820=LINE('',#5121,#1226);
#821=LINE('',#5124,#1227);
#822=LINE('',#5127,#1228);
#823=LINE('',#5130,#1229);
#824=LINE('',#5133,#1230);
#825=LINE('',#5136,#1231);
#826=LINE('',#5139,#1232);
#827=LINE('',#5142,#1233);
#828=LINE('',#5145,#1234);
#829=LINE('',#5148,#1235);
#830=LINE('',#5151,#1236);
#831=LINE('',#5154,#1237);
#832=LINE('',#5157,#1238);
#833=LINE('',#5160,#1239);
#834=LINE('',#5163,#1240);
#835=LINE('',#5166,#1241);
#836=LINE('',#5169,#1242);
#837=LINE('',#5172,#1243);
#838=LINE('',#5175,#1244);
#839=LINE('',#5178,#1245);
#840=LINE('',#5184,#1246);
#841=LINE('',#5186,#1247);
#842=LINE('',#5187,#1248);
#843=LINE('',#5189,#1249);
#844=LINE('',#5191,#1250);
#845=LINE('',#5193,#1251);
#846=LINE('',#5194,#1252);
#847=LINE('',#5196,#1253);
#848=LINE('',#5198,#1254);
#849=LINE('',#5202,#1255);
#850=LINE('',#5205,#1256);
#851=LINE('',#5213,#1257);
#852=VECTOR('',#3463,10.);
#853=VECTOR('',#3464,10.);
#854=VECTOR('',#3465,10.);
#855=VECTOR('',#3466,10.);
#856=VECTOR('',#3469,10.);
#857=VECTOR('',#3470,10.);
#858=VECTOR('',#3471,1000.);
#859=VECTOR('',#3472,1000.);
#860=VECTOR('',#3473,1000.);
#861=VECTOR('',#3474,10.);
#862=VECTOR('',#3477,1000.);
#863=VECTOR('',#3480,10.);
#864=VECTOR('',#3483,1000.);
#865=VECTOR('',#3484,1000.);
#866=VECTOR('',#3485,1000.);
#867=VECTOR('',#3488,1000.);
#868=VECTOR('',#3489,1000.);
#869=VECTOR('',#3490,1000.);
#870=VECTOR('',#3493,1000.);
#871=VECTOR('',#3494,1000.);
#872=VECTOR('',#3495,1000.);
#873=VECTOR('',#3498,1000.);
#874=VECTOR('',#3499,1000.);
#875=VECTOR('',#3500,1000.);
#876=VECTOR('',#3503,1000.);
#877=VECTOR('',#3504,1000.);
#878=VECTOR('',#3505,1000.);
#879=VECTOR('',#3508,1000.);
#880=VECTOR('',#3509,1000.);
#881=VECTOR('',#3510,1000.);
#882=VECTOR('',#3513,1000.);
#883=VECTOR('',#3514,1000.);
#884=VECTOR('',#3515,1000.);
#885=VECTOR('',#3518,1000.);
#886=VECTOR('',#3519,1000.);
#887=VECTOR('',#3520,1000.);
#888=VECTOR('',#3523,1000.);
#889=VECTOR('',#3524,1000.);
#890=VECTOR('',#3525,1000.);
#891=VECTOR('',#3528,1000.);
#892=VECTOR('',#3529,1000.);
#893=VECTOR('',#3530,1000.);
#894=VECTOR('',#3533,1000.);
#895=VECTOR('',#3534,1000.);
#896=VECTOR('',#3535,1000.);
#897=VECTOR('',#3538,1000.);
#898=VECTOR('',#3539,1000.);
#899=VECTOR('',#3540,1000.);
#900=VECTOR('',#3543,1000.);
#901=VECTOR('',#3544,1000.);
#902=VECTOR('',#3545,1000.);
#903=VECTOR('',#3548,1000.);
#904=VECTOR('',#3549,1000.);
#905=VECTOR('',#3550,1000.);
#906=VECTOR('',#3553,1000.);
#907=VECTOR('',#3554,1000.);
#908=VECTOR('',#3555,1000.);
#909=VECTOR('',#3558,1000.);
#910=VECTOR('',#3559,1000.);
#911=VECTOR('',#3560,1000.);
#912=VECTOR('',#3563,1000.);
#913=VECTOR('',#3564,1000.);
#914=VECTOR('',#3565,1000.);
#915=VECTOR('',#3568,1000.);
#916=VECTOR('',#3569,1000.);
#917=VECTOR('',#3570,1000.);
#918=VECTOR('',#3573,1000.);
#919=VECTOR('',#3574,1000.);
#920=VECTOR('',#3575,1000.);
#921=VECTOR('',#3578,1000.);
#922=VECTOR('',#3579,1000.);
#923=VECTOR('',#3580,1000.);
#924=VECTOR('',#3581,1000.);
#925=VECTOR('',#3582,1000.);
#926=VECTOR('',#3583,1000.);
#927=VECTOR('',#3584,1000.);
#928=VECTOR('',#3585,1000.);
#929=VECTOR('',#3586,1000.);
#930=VECTOR('',#3587,1000.);
#931=VECTOR('',#3588,1000.);
#932=VECTOR('',#3589,10.);
#933=VECTOR('',#3590,10.);
#934=VECTOR('',#3591,10.);
#935=VECTOR('',#3592,10.);
#936=VECTOR('',#3593,10.);
#937=VECTOR('',#3594,10.);
#938=VECTOR('',#3595,10.);
#939=VECTOR('',#3596,10.);
#940=VECTOR('',#3597,10.);
#941=VECTOR('',#3598,10.);
#942=VECTOR('',#3599,10.);
#943=VECTOR('',#3600,10.);
#944=VECTOR('',#3601,10.);
#945=VECTOR('',#3602,10.);
#946=VECTOR('',#3603,10.);
#947=VECTOR('',#3606,10.);
#948=VECTOR('',#3609,10.);
#949=VECTOR('',#3610,10.);
#950=VECTOR('',#3613,10.);
#951=VECTOR('',#3616,10.);
#952=VECTOR('',#3617,10.);
#953=VECTOR('',#3620,10.);
#954=VECTOR('',#3623,10.);
#955=VECTOR('',#3624,1000.);
#956=VECTOR('',#3625,1000.);
#957=VECTOR('',#3626,1000.);
#958=VECTOR('',#3627,1000.);
#959=VECTOR('',#3628,1000.);
#960=VECTOR('',#3629,1000.);
#961=VECTOR('',#3630,1000.);
#962=VECTOR('',#3631,1000.);
#963=VECTOR('',#3632,1000.);
#964=VECTOR('',#3633,10.);
#965=VECTOR('',#3634,1000.);
#966=VECTOR('',#3635,10.);
#967=VECTOR('',#3636,10.);
#968=VECTOR('',#3637,10.);
#969=VECTOR('',#3638,10.);
#970=VECTOR('',#3639,10.);
#971=VECTOR('',#3640,10.);
#972=VECTOR('',#3641,10.);
#973=VECTOR('',#3642,10.);
#974=VECTOR('',#3643,10.);
#975=VECTOR('',#3644,10.);
#976=VECTOR('',#3645,10.);
#977=VECTOR('',#3646,10.);
#978=VECTOR('',#3647,1000.);
#979=VECTOR('',#3648,1000.);
#980=VECTOR('',#3649,1000.);
#981=VECTOR('',#3650,1000.);
#982=VECTOR('',#3651,1000.);
#983=VECTOR('',#3652,1000.);
#984=VECTOR('',#3653,1000.);
#985=VECTOR('',#3654,1000.);
#986=VECTOR('',#3657,1000.);
#987=VECTOR('',#3658,1000.);
#988=VECTOR('',#3659,1000.);
#989=VECTOR('',#3662,1000.);
#990=VECTOR('',#3663,1000.);
#991=VECTOR('',#3664,1000.);
#992=VECTOR('',#3667,1000.);
#993=VECTOR('',#3668,1000.);
#994=VECTOR('',#3669,1000.);
#995=VECTOR('',#3672,1000.);
#996=VECTOR('',#3673,1000.);
#997=VECTOR('',#3674,1000.);
#998=VECTOR('',#3677,1000.);
#999=VECTOR('',#3678,1000.);
#1000=VECTOR('',#3679,1000.);
#1001=VECTOR('',#3682,1000.);
#1002=VECTOR('',#3683,1000.);
#1003=VECTOR('',#3684,1000.);
#1004=VECTOR('',#3687,1000.);
#1005=VECTOR('',#3688,1000.);
#1006=VECTOR('',#3689,1000.);
#1007=VECTOR('',#3692,1000.);
#1008=VECTOR('',#3693,1000.);
#1009=VECTOR('',#3694,1000.);
#1010=VECTOR('',#3697,1000.);
#1011=VECTOR('',#3698,1000.);
#1012=VECTOR('',#3699,1000.);
#1013=VECTOR('',#3702,1000.);
#1014=VECTOR('',#3703,1000.);
#1015=VECTOR('',#3704,1000.);
#1016=VECTOR('',#3707,1000.);
#1017=VECTOR('',#3708,1000.);
#1018=VECTOR('',#3709,1000.);
#1019=VECTOR('',#3712,1000.);
#1020=VECTOR('',#3713,1000.);
#1021=VECTOR('',#3714,1000.);
#1022=VECTOR('',#3717,1000.);
#1023=VECTOR('',#3718,1000.);
#1024=VECTOR('',#3719,1000.);
#1025=VECTOR('',#3722,1000.);
#1026=VECTOR('',#3723,1000.);
#1027=VECTOR('',#3724,1000.);
#1028=VECTOR('',#3727,1000.);
#1029=VECTOR('',#3728,1000.);
#1030=VECTOR('',#3729,1000.);
#1031=VECTOR('',#3732,1000.);
#1032=VECTOR('',#3733,1000.);
#1033=VECTOR('',#3734,1000.);
#1034=VECTOR('',#3737,1000.);
#1035=VECTOR('',#3738,1000.);
#1036=VECTOR('',#3739,1000.);
#1037=VECTOR('',#3742,1000.);
#1038=VECTOR('',#3743,1000.);
#1039=VECTOR('',#3744,1000.);
#1040=VECTOR('',#3747,1000.);
#1041=VECTOR('',#3748,1000.);
#1042=VECTOR('',#3749,1000.);
#1043=VECTOR('',#3752,1000.);
#1044=VECTOR('',#3753,1000.);
#1045=VECTOR('',#3754,1000.);
#1046=VECTOR('',#3755,10.);
#1047=VECTOR('',#3756,10.);
#1048=VECTOR('',#3757,10.);
#1049=VECTOR('',#3762,10.);
#1050=VECTOR('',#3765,10.);
#1051=VECTOR('',#3768,10.);
#1052=VECTOR('',#3769,10.);
#1053=VECTOR('',#3772,10.);
#1054=VECTOR('',#3773,10.);
#1055=VECTOR('',#3776,10.);
#1056=VECTOR('',#3777,10.);
#1057=VECTOR('',#3778,10.);
#1058=VECTOR('',#3779,10.);
#1059=VECTOR('',#3782,10.);
#1060=VECTOR('',#3785,10.);
#1061=VECTOR('',#3788,10.);
#1062=VECTOR('',#3789,10.);
#1063=VECTOR('',#3792,10.);
#1064=VECTOR('',#3793,10.);
#1065=VECTOR('',#3796,10.);
#1066=VECTOR('',#3797,10.);
#1067=VECTOR('',#3798,10.);
#1068=VECTOR('',#3801,10.);
#1069=VECTOR('',#3802,10.);
#1070=VECTOR('',#3805,10.);
#1071=VECTOR('',#3806,10.);
#1072=VECTOR('',#3809,10.);
#1073=VECTOR('',#3810,10.);
#1074=VECTOR('',#3813,10.);
#1075=VECTOR('',#3814,10.);
#1076=VECTOR('',#3817,10.);
#1077=VECTOR('',#3818,10.);
#1078=VECTOR('',#3821,10.);
#1079=VECTOR('',#3822,10.);
#1080=VECTOR('',#3825,10.);
#1081=VECTOR('',#3826,10.);
#1082=VECTOR('',#3829,10.);
#1083=VECTOR('',#3830,10.);
#1084=VECTOR('',#3833,10.);
#1085=VECTOR('',#3834,10.);
#1086=VECTOR('',#3837,10.);
#1087=VECTOR('',#3838,10.);
#1088=VECTOR('',#3841,10.);
#1089=VECTOR('',#3842,10.);
#1090=VECTOR('',#3845,10.);
#1091=VECTOR('',#3846,10.);
#1092=VECTOR('',#3849,10.);
#1093=VECTOR('',#3850,10.);
#1094=VECTOR('',#3853,10.);
#1095=VECTOR('',#3854,10.);
#1096=VECTOR('',#3857,10.);
#1097=VECTOR('',#3858,10.);
#1098=VECTOR('',#3861,10.);
#1099=VECTOR('',#3862,10.);
#1100=VECTOR('',#3865,10.);
#1101=VECTOR('',#3866,10.);
#1102=VECTOR('',#3869,10.);
#1103=VECTOR('',#3870,10.);
#1104=VECTOR('',#3873,10.);
#1105=VECTOR('',#3874,10.);
#1106=VECTOR('',#3877,10.);
#1107=VECTOR('',#3878,10.);
#1108=VECTOR('',#3881,10.);
#1109=VECTOR('',#3884,10.);
#1110=VECTOR('',#3887,10.);
#1111=VECTOR('',#3890,10.);
#1112=VECTOR('',#3893,10.);
#1113=VECTOR('',#3896,10.);
#1114=VECTOR('',#3899,10.);
#1115=VECTOR('',#3902,10.);
#1116=VECTOR('',#3905,10.);
#1117=VECTOR('',#3908,10.);
#1118=VECTOR('',#3911,10.);
#1119=VECTOR('',#3914,10.);
#1120=VECTOR('',#3917,10.);
#1121=VECTOR('',#3920,10.);
#1122=VECTOR('',#3923,10.);
#1123=VECTOR('',#3926,10.);
#1124=VECTOR('',#3929,10.);
#1125=VECTOR('',#3932,10.);
#1126=VECTOR('',#3935,10.);
#1127=VECTOR('',#3938,10.);
#1128=VECTOR('',#3941,10.);
#1129=VECTOR('',#3942,10.);
#1130=VECTOR('',#3945,10.);
#1131=VECTOR('',#3950,10.);
#1132=VECTOR('',#3951,10.);
#1133=VECTOR('',#3954,10.);
#1134=VECTOR('',#3959,10.);
#1135=VECTOR('',#3960,10.);
#1136=VECTOR('',#3963,10.);
#1137=VECTOR('',#3968,10.);
#1138=VECTOR('',#3969,10.);
#1139=VECTOR('',#3972,10.);
#1140=VECTOR('',#3977,10.);
#1141=VECTOR('',#3978,10.);
#1142=VECTOR('',#3981,10.);
#1143=VECTOR('',#3988,10.);
#1144=VECTOR('',#3989,10.);
#1145=VECTOR('',#3992,10.);
#1146=VECTOR('',#3995,10.);
#1147=VECTOR('',#3996,10.);
#1148=VECTOR('',#3999,10.);
#1149=VECTOR('',#4000,10.);
#1150=VECTOR('',#4005,10.);
#1151=VECTOR('',#4008,10.);
#1152=VECTOR('',#4009,10.);
#1153=VECTOR('',#4012,10.);
#1154=VECTOR('',#4017,10.);
#1155=VECTOR('',#4018,10.);
#1156=VECTOR('',#4021,10.);
#1157=VECTOR('',#4024,10.);
#1158=VECTOR('',#4025,10.);
#1159=VECTOR('',#4028,10.);
#1160=VECTOR('',#4031,10.);
#1161=VECTOR('',#4034,10.);
#1162=VECTOR('',#4035,10.);
#1163=VECTOR('',#4036,10.);
#1164=VECTOR('',#4043,10.);
#1165=VECTOR('',#4048,1000.);
#1166=VECTOR('',#4049,1000.);
#1167=VECTOR('',#4050,1000.);
#1168=VECTOR('',#4051,1000.);
#1169=VECTOR('',#4054,1000.);
#1170=VECTOR('',#4055,1000.);
#1171=VECTOR('',#4056,1000.);
#1172=VECTOR('',#4059,1000.);
#1173=VECTOR('',#4060,1000.);
#1174=VECTOR('',#4061,1000.);
#1175=VECTOR('',#4064,1000.);
#1176=VECTOR('',#4065,1000.);
#1177=VECTOR('',#4066,1000.);
#1178=VECTOR('',#4067,1000.);
#1179=VECTOR('',#4070,1000.);
#1180=VECTOR('',#4071,1000.);
#1181=VECTOR('',#4072,1000.);
#1182=VECTOR('',#4073,1000.);
#1183=VECTOR('',#4074,1000.);
#1184=VECTOR('',#4077,1000.);
#1185=VECTOR('',#4078,1000.);
#1186=VECTOR('',#4079,1000.);
#1187=VECTOR('',#4080,1000.);
#1188=VECTOR('',#4083,1000.);
#1189=VECTOR('',#4084,1000.);
#1190=VECTOR('',#4085,1000.);
#1191=VECTOR('',#4088,1000.);
#1192=VECTOR('',#4089,1000.);
#1193=VECTOR('',#4092,1000.);
#1194=VECTOR('',#4095,1000.);
#1195=VECTOR('',#4096,1000.);
#1196=VECTOR('',#4097,1000.);
#1197=VECTOR('',#4098,10.);
#1198=VECTOR('',#4101,1000.);
#1199=VECTOR('',#4102,1000.);
#1200=VECTOR('',#4103,1000.);
#1201=VECTOR('',#4104,1000.);
#1202=VECTOR('',#4105,1000.);
#1203=VECTOR('',#4106,1000.);
#1204=VECTOR('',#4107,1000.);
#1205=VECTOR('',#4108,1000.);
#1206=VECTOR('',#4109,1000.);
#1207=VECTOR('',#4110,1000.);
#1208=VECTOR('',#4111,1000.);
#1209=VECTOR('',#4112,1000.);
#1210=VECTOR('',#4113,1000.);
#1211=VECTOR('',#4114,1000.);
#1212=VECTOR('',#4117,1000.);
#1213=VECTOR('',#4118,1000.);
#1214=VECTOR('',#4119,1000.);
#1215=VECTOR('',#4120,1000.);
#1216=VECTOR('',#4121,1000.);
#1217=VECTOR('',#4122,1000.);
#1218=VECTOR('',#4125,10.);
#1219=VECTOR('',#4126,10.);
#1220=VECTOR('',#4129,1000.);
#1221=VECTOR('',#4130,10.);
#1222=VECTOR('',#4133,10.);
#1223=VECTOR('',#4134,10.);
#1224=VECTOR('',#4137,10.);
#1225=VECTOR('',#4138,10.);
#1226=VECTOR('',#4141,10.);
#1227=VECTOR('',#4146,10.);
#1228=VECTOR('',#4151,10.);
#1229=VECTOR('',#4156,10.);
#1230=VECTOR('',#4161,10.);
#1231=VECTOR('',#4166,10.);
#1232=VECTOR('',#4171,10.);
#1233=VECTOR('',#4176,10.);
#1234=VECTOR('',#4181,10.);
#1235=VECTOR('',#4186,10.);
#1236=VECTOR('',#4191,10.);
#1237=VECTOR('',#4196,10.);
#1238=VECTOR('',#4201,10.);
#1239=VECTOR('',#4206,10.);
#1240=VECTOR('',#4211,10.);
#1241=VECTOR('',#4216,10.);
#1242=VECTOR('',#4221,10.);
#1243=VECTOR('',#4226,10.);
#1244=VECTOR('',#4231,10.);
#1245=VECTOR('',#4236,10.);
#1246=VECTOR('',#4245,1000.);
#1247=VECTOR('',#4246,1000.);
#1248=VECTOR('',#4247,1000.);
#1249=VECTOR('',#4250,1000.);
#1250=VECTOR('',#4251,1000.);
#1251=VECTOR('',#4252,1000.);
#1252=VECTOR('',#4253,1000.);
#1253=VECTOR('',#4256,1000.);
#1254=VECTOR('',#4259,1000.);
#1255=VECTOR('',#4266,1000.);
#1256=VECTOR('',#4271,1000.);
#1257=VECTOR('',#4286,1000.);
#1258=VERTEX_POINT('',#4294);
#1259=VERTEX_POINT('',#4295);
#1260=VERTEX_POINT('',#4297);
#1261=VERTEX_POINT('',#4299);
#1262=VERTEX_POINT('',#4301);
#1263=VERTEX_POINT('',#4303);
#1264=VERTEX_POINT('',#4305);
#1265=VERTEX_POINT('',#4307);
#1266=VERTEX_POINT('',#4309);
#1267=VERTEX_POINT('',#4311);
#1268=VERTEX_POINT('',#4313);
#1269=VERTEX_POINT('',#4315);
#1270=VERTEX_POINT('',#4317);
#1271=VERTEX_POINT('',#4319);
#1272=VERTEX_POINT('',#4321);
#1273=VERTEX_POINT('',#4324);
#1274=VERTEX_POINT('',#4325);
#1275=VERTEX_POINT('',#4327);
#1276=VERTEX_POINT('',#4329);
#1277=VERTEX_POINT('',#4331);
#1278=VERTEX_POINT('',#4333);
#1279=VERTEX_POINT('',#4335);
#1280=VERTEX_POINT('',#4337);
#1281=VERTEX_POINT('',#4339);
#1282=VERTEX_POINT('',#4341);
#1283=VERTEX_POINT('',#4343);
#1284=VERTEX_POINT('',#4345);
#1285=VERTEX_POINT('',#4347);
#1286=VERTEX_POINT('',#4349);
#1287=VERTEX_POINT('',#4351);
#1288=VERTEX_POINT('',#4353);
#1289=VERTEX_POINT('',#4355);
#1290=VERTEX_POINT('',#4357);
#1291=VERTEX_POINT('',#4359);
#1292=VERTEX_POINT('',#4361);
#1293=VERTEX_POINT('',#4363);
#1294=VERTEX_POINT('',#4365);
#1295=VERTEX_POINT('',#4367);
#1296=VERTEX_POINT('',#4369);
#1297=VERTEX_POINT('',#4371);
#1298=VERTEX_POINT('',#4373);
#1299=VERTEX_POINT('',#4375);
#1300=VERTEX_POINT('',#4377);
#1301=VERTEX_POINT('',#4379);
#1302=VERTEX_POINT('',#4381);
#1303=VERTEX_POINT('',#4383);
#1304=VERTEX_POINT('',#4385);
#1305=VERTEX_POINT('',#4387);
#1306=VERTEX_POINT('',#4389);
#1307=VERTEX_POINT('',#4391);
#1308=VERTEX_POINT('',#4393);
#1309=VERTEX_POINT('',#4395);
#1310=VERTEX_POINT('',#4397);
#1311=VERTEX_POINT('',#4399);
#1312=VERTEX_POINT('',#4401);
#1313=VERTEX_POINT('',#4404);
#1314=VERTEX_POINT('',#4405);
#1315=VERTEX_POINT('',#4407);
#1316=VERTEX_POINT('',#4409);
#1317=VERTEX_POINT('',#4411);
#1318=VERTEX_POINT('',#4413);
#1319=VERTEX_POINT('',#4415);
#1320=VERTEX_POINT('',#4417);
#1321=VERTEX_POINT('',#4419);
#1322=VERTEX_POINT('',#4421);
#1323=VERTEX_POINT('',#4423);
#1324=VERTEX_POINT('',#4425);
#1325=VERTEX_POINT('',#4427);
#1326=VERTEX_POINT('',#4429);
#1327=VERTEX_POINT('',#4431);
#1328=VERTEX_POINT('',#4433);
#1329=VERTEX_POINT('',#4435);
#1330=VERTEX_POINT('',#4437);
#1331=VERTEX_POINT('',#4439);
#1332=VERTEX_POINT('',#4441);
#1333=VERTEX_POINT('',#4443);
#1334=VERTEX_POINT('',#4445);
#1335=VERTEX_POINT('',#4447);
#1336=VERTEX_POINT('',#4449);
#1337=VERTEX_POINT('',#4451);
#1338=VERTEX_POINT('',#4453);
#1339=VERTEX_POINT('',#4455);
#1340=VERTEX_POINT('',#4457);
#1341=VERTEX_POINT('',#4459);
#1342=VERTEX_POINT('',#4461);
#1343=VERTEX_POINT('',#4463);
#1344=VERTEX_POINT('',#4465);
#1345=VERTEX_POINT('',#4467);
#1346=VERTEX_POINT('',#4469);
#1347=VERTEX_POINT('',#4471);
#1348=VERTEX_POINT('',#4473);
#1349=VERTEX_POINT('',#4475);
#1350=VERTEX_POINT('',#4477);
#1351=VERTEX_POINT('',#4479);
#1352=VERTEX_POINT('',#4481);
#1353=VERTEX_POINT('',#4484);
#1354=VERTEX_POINT('',#4485);
#1355=VERTEX_POINT('',#4487);
#1356=VERTEX_POINT('',#4489);
#1357=VERTEX_POINT('',#4491);
#1358=VERTEX_POINT('',#4493);
#1359=VERTEX_POINT('',#4495);
#1360=VERTEX_POINT('',#4497);
#1361=VERTEX_POINT('',#4500);
#1362=VERTEX_POINT('',#4501);
#1363=VERTEX_POINT('',#4503);
#1364=VERTEX_POINT('',#4506);
#1365=VERTEX_POINT('',#4507);
#1366=VERTEX_POINT('',#4509);
#1367=VERTEX_POINT('',#4512);
#1368=VERTEX_POINT('',#4513);
#1369=VERTEX_POINT('',#4515);
#1370=VERTEX_POINT('',#4518);
#1371=VERTEX_POINT('',#4519);
#1372=VERTEX_POINT('',#4521);
#1373=VERTEX_POINT('',#4524);
#1374=VERTEX_POINT('',#4525);
#1375=VERTEX_POINT('',#4527);
#1376=VERTEX_POINT('',#4531);
#1377=VERTEX_POINT('',#4532);
#1378=VERTEX_POINT('',#4534);
#1379=VERTEX_POINT('',#4536);
#1380=VERTEX_POINT('',#4538);
#1381=VERTEX_POINT('',#4540);
#1382=VERTEX_POINT('',#4542);
#1383=VERTEX_POINT('',#4544);
#1384=VERTEX_POINT('',#4546);
#1385=VERTEX_POINT('',#4548);
#1386=VERTEX_POINT('',#4550);
#1387=VERTEX_POINT('',#4552);
#1388=VERTEX_POINT('',#4554);
#1389=VERTEX_POINT('',#4556);
#1390=VERTEX_POINT('',#4558);
#1391=VERTEX_POINT('',#4560);
#1392=VERTEX_POINT('',#4562);
#1393=VERTEX_POINT('',#4564);
#1394=VERTEX_POINT('',#4566);
#1395=VERTEX_POINT('',#4568);
#1396=VERTEX_POINT('',#4570);
#1397=VERTEX_POINT('',#4572);
#1398=VERTEX_POINT('',#4574);
#1399=VERTEX_POINT('',#4576);
#1400=VERTEX_POINT('',#4579);
#1401=VERTEX_POINT('',#4580);
#1402=VERTEX_POINT('',#4582);
#1403=VERTEX_POINT('',#4585);
#1404=VERTEX_POINT('',#4586);
#1405=VERTEX_POINT('',#4588);
#1406=VERTEX_POINT('',#4591);
#1407=VERTEX_POINT('',#4592);
#1408=VERTEX_POINT('',#4594);
#1409=VERTEX_POINT('',#4597);
#1410=VERTEX_POINT('',#4598);
#1411=VERTEX_POINT('',#4600);
#1412=VERTEX_POINT('',#4603);
#1413=VERTEX_POINT('',#4604);
#1414=VERTEX_POINT('',#4606);
#1415=VERTEX_POINT('',#4608);
#1416=VERTEX_POINT('',#4610);
#1417=VERTEX_POINT('',#4612);
#1418=VERTEX_POINT('',#4614);
#1419=VERTEX_POINT('',#4616);
#1420=VERTEX_POINT('',#4619);
#1421=VERTEX_POINT('',#4620);
#1422=VERTEX_POINT('',#4622);
#1423=VERTEX_POINT('',#4624);
#1424=VERTEX_POINT('',#4626);
#1425=VERTEX_POINT('',#4628);
#1426=VERTEX_POINT('',#4630);
#1427=VERTEX_POINT('',#4632);
#1428=VERTEX_POINT('',#4634);
#1429=VERTEX_POINT('',#4636);
#1430=VERTEX_POINT('',#4638);
#1431=VERTEX_POINT('',#4640);
#1432=VERTEX_POINT('',#4642);
#1433=VERTEX_POINT('',#4644);
#1434=VERTEX_POINT('',#4646);
#1435=VERTEX_POINT('',#4648);
#1436=VERTEX_POINT('',#4650);
#1437=VERTEX_POINT('',#4652);
#1438=VERTEX_POINT('',#4654);
#1439=VERTEX_POINT('',#4656);
#1440=VERTEX_POINT('',#4658);
#1441=VERTEX_POINT('',#4660);
#1442=VERTEX_POINT('',#4662);
#1443=VERTEX_POINT('',#4664);
#1444=VERTEX_POINT('',#4666);
#1445=VERTEX_POINT('',#4668);
#1446=VERTEX_POINT('',#4670);
#1447=VERTEX_POINT('',#4672);
#1448=VERTEX_POINT('',#4674);
#1449=VERTEX_POINT('',#4676);
#1450=VERTEX_POINT('',#4678);
#1451=VERTEX_POINT('',#4680);
#1452=VERTEX_POINT('',#4682);
#1453=VERTEX_POINT('',#4684);
#1454=VERTEX_POINT('',#4686);
#1455=VERTEX_POINT('',#4688);
#1456=VERTEX_POINT('',#4690);
#1457=VERTEX_POINT('',#4692);
#1458=VERTEX_POINT('',#4694);
#1459=VERTEX_POINT('',#4696);
#1460=VERTEX_POINT('',#4699);
#1461=VERTEX_POINT('',#4700);
#1462=VERTEX_POINT('',#4702);
#1463=VERTEX_POINT('',#4704);
#1464=VERTEX_POINT('',#4706);
#1465=VERTEX_POINT('',#4708);
#1466=VERTEX_POINT('',#4710);
#1467=VERTEX_POINT('',#4712);
#1468=VERTEX_POINT('',#4714);
#1469=VERTEX_POINT('',#4716);
#1470=VERTEX_POINT('',#4718);
#1471=VERTEX_POINT('',#4720);
#1472=VERTEX_POINT('',#4722);
#1473=VERTEX_POINT('',#4724);
#1474=VERTEX_POINT('',#4726);
#1475=VERTEX_POINT('',#4728);
#1476=VERTEX_POINT('',#4730);
#1477=VERTEX_POINT('',#4732);
#1478=VERTEX_POINT('',#4734);
#1479=VERTEX_POINT('',#4736);
#1480=VERTEX_POINT('',#4738);
#1481=VERTEX_POINT('',#4740);
#1482=VERTEX_POINT('',#4742);
#1483=VERTEX_POINT('',#4744);
#1484=VERTEX_POINT('',#4746);
#1485=VERTEX_POINT('',#4748);
#1486=VERTEX_POINT('',#4750);
#1487=VERTEX_POINT('',#4752);
#1488=VERTEX_POINT('',#4754);
#1489=VERTEX_POINT('',#4756);
#1490=VERTEX_POINT('',#4758);
#1491=VERTEX_POINT('',#4760);
#1492=VERTEX_POINT('',#4762);
#1493=VERTEX_POINT('',#4764);
#1494=VERTEX_POINT('',#4766);
#1495=VERTEX_POINT('',#4768);
#1496=VERTEX_POINT('',#4770);
#1497=VERTEX_POINT('',#4772);
#1498=VERTEX_POINT('',#4774);
#1499=VERTEX_POINT('',#4776);
#1500=VERTEX_POINT('',#4779);
#1501=VERTEX_POINT('',#4780);
#1502=VERTEX_POINT('',#4782);
#1503=VERTEX_POINT('',#4786);
#1504=VERTEX_POINT('',#4787);
#1505=VERTEX_POINT('',#4789);
#1506=VERTEX_POINT('',#4791);
#1507=VERTEX_POINT('',#4798);
#1508=VERTEX_POINT('',#4802);
#1509=VERTEX_POINT('',#4803);
#1510=VERTEX_POINT('',#4806);
#1511=VERTEX_POINT('',#4814);
#1512=VERTEX_POINT('',#4816);
#1513=VERTEX_POINT('',#4818);
#1514=VERTEX_POINT('',#4820);
#1515=VERTEX_POINT('',#4824);
#1516=VERTEX_POINT('',#4959);
#1517=VERTEX_POINT('',#4960);
#1518=VERTEX_POINT('',#4965);
#1519=VERTEX_POINT('',#4967);
#1520=VERTEX_POINT('',#4969);
#1521=VERTEX_POINT('',#4976);
#1522=VERTEX_POINT('',#4998);
#1523=VERTEX_POINT('',#5000);
#1524=VERTEX_POINT('',#5009);
#1525=VERTEX_POINT('',#5011);
#1526=VERTEX_POINT('',#5013);
#1527=VERTEX_POINT('',#5017);
#1528=VERTEX_POINT('',#5019);
#1529=VERTEX_POINT('',#5023);
#1530=VERTEX_POINT('',#5028);
#1531=VERTEX_POINT('',#5029);
#1532=VERTEX_POINT('',#5031);
#1533=VERTEX_POINT('',#5033);
#1534=VERTEX_POINT('',#5037);
#1535=VERTEX_POINT('',#5038);
#1536=VERTEX_POINT('',#5041);
#1537=VERTEX_POINT('',#5043);
#1538=VERTEX_POINT('',#5047);
#1539=VERTEX_POINT('',#5049);
#1540=VERTEX_POINT('',#5051);
#1541=VERTEX_POINT('',#5055);
#1542=VERTEX_POINT('',#5057);
#1543=VERTEX_POINT('',#5066);
#1544=VERTEX_POINT('',#5068);
#1545=VERTEX_POINT('',#5070);
#1546=VERTEX_POINT('',#5075);
#1547=VERTEX_POINT('',#5077);
#1548=VERTEX_POINT('',#5079);
#1549=VERTEX_POINT('',#5081);
#1550=VERTEX_POINT('',#5084);
#1551=VERTEX_POINT('',#5086);
#1552=VERTEX_POINT('',#5088);
#1553=VERTEX_POINT('',#5090);
#1554=VERTEX_POINT('',#5092);
#1555=VERTEX_POINT('',#5094);
#1556=VERTEX_POINT('',#5096);
#1557=VERTEX_POINT('',#5101);
#1558=VERTEX_POINT('',#5103);
#1559=VERTEX_POINT('',#5183);
#1560=VERTEX_POINT('',#5185);
#1561=VERTEX_POINT('',#5190);
#1562=VERTEX_POINT('',#5192);
#1563=EDGE_CURVE('',#1258,#1259,#446,.T.);
#1564=EDGE_CURVE('',#1258,#1260,#447,.T.);
#1565=EDGE_CURVE('',#1261,#1260,#448,.T.);
#1566=EDGE_CURVE('',#1262,#1261,#449,.T.);
#1567=EDGE_CURVE('',#1263,#1262,#394,.T.);
#1568=EDGE_CURVE('',#1264,#1263,#450,.T.);
#1569=EDGE_CURVE('',#1264,#1265,#451,.T.);
#1570=EDGE_CURVE('',#1265,#1266,#452,.T.);
#1571=EDGE_CURVE('',#1266,#1267,#453,.T.);
#1572=EDGE_CURVE('',#1267,#1268,#454,.T.);
#1573=EDGE_CURVE('',#1268,#1269,#455,.T.);
#1574=EDGE_CURVE('',#1269,#1270,#395,.T.);
#1575=EDGE_CURVE('',#1270,#1271,#456,.T.);
#1576=EDGE_CURVE('',#1272,#1271,#396,.T.);
#1577=EDGE_CURVE('',#1259,#1272,#457,.T.);
#1578=EDGE_CURVE('',#1273,#1274,#397,.T.);
#1579=EDGE_CURVE('',#1274,#1275,#458,.T.);
#1580=EDGE_CURVE('',#1275,#1276,#459,.T.);
#1581=EDGE_CURVE('',#1276,#1277,#460,.T.);
#1582=EDGE_CURVE('',#1277,#1278,#398,.T.);
#1583=EDGE_CURVE('',#1278,#1279,#461,.T.);
#1584=EDGE_CURVE('',#1279,#1280,#462,.T.);
#1585=EDGE_CURVE('',#1280,#1281,#463,.T.);
#1586=EDGE_CURVE('',#1281,#1282,#399,.T.);
#1587=EDGE_CURVE('',#1282,#1283,#464,.T.);
#1588=EDGE_CURVE('',#1283,#1284,#465,.T.);
#1589=EDGE_CURVE('',#1284,#1285,#466,.T.);
#1590=EDGE_CURVE('',#1285,#1286,#400,.T.);
#1591=EDGE_CURVE('',#1286,#1287,#467,.T.);
#1592=EDGE_CURVE('',#1287,#1288,#468,.T.);
#1593=EDGE_CURVE('',#1288,#1289,#469,.T.);
#1594=EDGE_CURVE('',#1289,#1290,#401,.T.);
#1595=EDGE_CURVE('',#1290,#1291,#470,.T.);
#1596=EDGE_CURVE('',#1291,#1292,#471,.T.);
#1597=EDGE_CURVE('',#1292,#1293,#472,.T.);
#1598=EDGE_CURVE('',#1293,#1294,#402,.T.);
#1599=EDGE_CURVE('',#1294,#1295,#473,.T.);
#1600=EDGE_CURVE('',#1295,#1296,#474,.T.);
#1601=EDGE_CURVE('',#1296,#1297,#475,.T.);
#1602=EDGE_CURVE('',#1297,#1298,#403,.T.);
#1603=EDGE_CURVE('',#1298,#1299,#476,.T.);
#1604=EDGE_CURVE('',#1299,#1300,#477,.T.);
#1605=EDGE_CURVE('',#1300,#1301,#478,.T.);
#1606=EDGE_CURVE('',#1301,#1302,#404,.T.);
#1607=EDGE_CURVE('',#1302,#1303,#479,.T.);
#1608=EDGE_CURVE('',#1303,#1304,#480,.T.);
#1609=EDGE_CURVE('',#1304,#1305,#481,.T.);
#1610=EDGE_CURVE('',#1305,#1306,#405,.T.);
#1611=EDGE_CURVE('',#1306,#1307,#482,.T.);
#1612=EDGE_CURVE('',#1307,#1308,#483,.T.);
#1613=EDGE_CURVE('',#1308,#1309,#484,.T.);
#1614=EDGE_CURVE('',#1309,#1310,#406,.T.);
#1615=EDGE_CURVE('',#1310,#1311,#485,.T.);
#1616=EDGE_CURVE('',#1311,#1312,#486,.T.);
#1617=EDGE_CURVE('',#1312,#1273,#487,.T.);
#1618=EDGE_CURVE('',#1313,#1314,#407,.T.);
#1619=EDGE_CURVE('',#1314,#1315,#488,.T.);
#1620=EDGE_CURVE('',#1315,#1316,#489,.T.);
#1621=EDGE_CURVE('',#1316,#1317,#490,.T.);
#1622=EDGE_CURVE('',#1317,#1318,#408,.T.);
#1623=EDGE_CURVE('',#1318,#1319,#491,.T.);
#1624=EDGE_CURVE('',#1319,#1320,#492,.T.);
#1625=EDGE_CURVE('',#1320,#1321,#493,.T.);
#1626=EDGE_CURVE('',#1321,#1322,#409,.T.);
#1627=EDGE_CURVE('',#1322,#1323,#494,.T.);
#1628=EDGE_CURVE('',#1323,#1324,#495,.T.);
#1629=EDGE_CURVE('',#1324,#1325,#496,.T.);
#1630=EDGE_CURVE('',#1325,#1326,#410,.T.);
#1631=EDGE_CURVE('',#1326,#1327,#497,.T.);
#1632=EDGE_CURVE('',#1327,#1328,#498,.T.);
#1633=EDGE_CURVE('',#1328,#1329,#499,.T.);
#1634=EDGE_CURVE('',#1329,#1330,#411,.T.);
#1635=EDGE_CURVE('',#1330,#1331,#500,.T.);
#1636=EDGE_CURVE('',#1331,#1332,#501,.T.);
#1637=EDGE_CURVE('',#1332,#1333,#502,.T.);
#1638=EDGE_CURVE('',#1333,#1334,#412,.T.);
#1639=EDGE_CURVE('',#1334,#1335,#503,.T.);
#1640=EDGE_CURVE('',#1335,#1336,#504,.T.);
#1641=EDGE_CURVE('',#1336,#1337,#505,.T.);
#1642=EDGE_CURVE('',#1337,#1338,#413,.T.);
#1643=EDGE_CURVE('',#1338,#1339,#506,.T.);
#1644=EDGE_CURVE('',#1339,#1340,#507,.T.);
#1645=EDGE_CURVE('',#1340,#1341,#508,.T.);
#1646=EDGE_CURVE('',#1341,#1342,#414,.T.);
#1647=EDGE_CURVE('',#1342,#1343,#509,.T.);
#1648=EDGE_CURVE('',#1343,#1344,#510,.T.);
#1649=EDGE_CURVE('',#1344,#1345,#511,.T.);
#1650=EDGE_CURVE('',#1345,#1346,#415,.T.);
#1651=EDGE_CURVE('',#1346,#1347,#512,.T.);
#1652=EDGE_CURVE('',#1347,#1348,#513,.T.);
#1653=EDGE_CURVE('',#1348,#1349,#514,.T.);
#1654=EDGE_CURVE('',#1349,#1350,#416,.T.);
#1655=EDGE_CURVE('',#1350,#1351,#515,.T.);
#1656=EDGE_CURVE('',#1351,#1352,#516,.T.);
#1657=EDGE_CURVE('',#1352,#1313,#517,.T.);
#1658=EDGE_CURVE('',#1353,#1354,#518,.T.);
#1659=EDGE_CURVE('',#1354,#1355,#519,.T.);
#1660=EDGE_CURVE('',#1355,#1356,#520,.T.);
#1661=EDGE_CURVE('',#1356,#1357,#521,.T.);
#1662=EDGE_CURVE('',#1357,#1358,#522,.T.);
#1663=EDGE_CURVE('',#1358,#1359,#523,.T.);
#1664=EDGE_CURVE('',#1359,#1360,#524,.T.);
#1665=EDGE_CURVE('',#1360,#1353,#525,.T.);
#1666=EDGE_CURVE('',#1361,#1362,#526,.T.);
#1667=EDGE_CURVE('',#1363,#1362,#527,.T.);
#1668=EDGE_CURVE('',#1361,#1363,#528,.T.);
#1669=EDGE_CURVE('',#1364,#1365,#529,.T.);
#1670=EDGE_CURVE('',#1366,#1364,#530,.T.);
#1671=EDGE_CURVE('',#1365,#1366,#531,.T.);
#1672=EDGE_CURVE('',#1367,#1368,#532,.T.);
#1673=EDGE_CURVE('',#1369,#1367,#533,.T.);
#1674=EDGE_CURVE('',#1368,#1369,#534,.T.);
#1675=EDGE_CURVE('',#1370,#1371,#535,.T.);
#1676=EDGE_CURVE('',#1371,#1372,#536,.T.);
#1677=EDGE_CURVE('',#1372,#1370,#537,.T.);
#1678=EDGE_CURVE('',#1373,#1374,#538,.T.);
#1679=EDGE_CURVE('',#1374,#1375,#539,.T.);
#1680=EDGE_CURVE('',#1375,#1373,#540,.T.);
#1681=EDGE_CURVE('',#1376,#1377,#541,.T.);
#1682=EDGE_CURVE('',#1378,#1376,#417,.T.);
#1683=EDGE_CURVE('',#1379,#1378,#542,.T.);
#1684=EDGE_CURVE('',#1380,#1379,#543,.T.);
#1685=EDGE_CURVE('',#1381,#1380,#418,.T.);
#1686=EDGE_CURVE('',#1382,#1381,#544,.T.);
#1687=EDGE_CURVE('',#1383,#1382,#419,.T.);
#1688=EDGE_CURVE('',#1384,#1383,#545,.T.);
#1689=EDGE_CURVE('',#1385,#1384,#546,.T.);
#1690=EDGE_CURVE('',#1386,#1385,#420,.T.);
#1691=EDGE_CURVE('',#1387,#1386,#547,.T.);
#1692=EDGE_CURVE('',#1388,#1387,#421,.T.);
#1693=EDGE_CURVE('',#1388,#1389,#548,.T.);
#1694=EDGE_CURVE('',#1389,#1390,#549,.T.);
#1695=EDGE_CURVE('',#1390,#1391,#550,.T.);
#1696=EDGE_CURVE('',#1391,#1392,#551,.T.);
#1697=EDGE_CURVE('',#1392,#1393,#552,.T.);
#1698=EDGE_CURVE('',#1393,#1394,#553,.T.);
#1699=EDGE_CURVE('',#1394,#1395,#554,.T.);
#1700=EDGE_CURVE('',#1396,#1395,#555,.T.);
#1701=EDGE_CURVE('',#1397,#1396,#556,.T.);
#1702=EDGE_CURVE('',#1397,#1398,#557,.T.);
#1703=EDGE_CURVE('',#1398,#1399,#558,.T.);
#1704=EDGE_CURVE('',#1399,#1377,#559,.T.);
#1705=EDGE_CURVE('',#1400,#1401,#560,.T.);
#1706=EDGE_CURVE('',#1401,#1402,#561,.T.);
#1707=EDGE_CURVE('',#1400,#1402,#562,.T.);
#1708=EDGE_CURVE('',#1403,#1404,#563,.T.);
#1709=EDGE_CURVE('',#1405,#1403,#564,.T.);
#1710=EDGE_CURVE('',#1404,#1405,#565,.T.);
#1711=EDGE_CURVE('',#1406,#1407,#566,.T.);
#1712=EDGE_CURVE('',#1408,#1406,#567,.T.);
#1713=EDGE_CURVE('',#1407,#1408,#568,.T.);
#1714=EDGE_CURVE('',#1409,#1410,#569,.T.);
#1715=EDGE_CURVE('',#1410,#1411,#570,.T.);
#1716=EDGE_CURVE('',#1411,#1409,#571,.T.);
#1717=EDGE_CURVE('',#1412,#1413,#572,.T.);
#1718=EDGE_CURVE('',#1412,#1414,#573,.T.);
#1719=EDGE_CURVE('',#1415,#1414,#574,.T.);
#1720=EDGE_CURVE('',#1415,#1416,#575,.T.);
#1721=EDGE_CURVE('',#1417,#1416,#576,.T.);
#1722=EDGE_CURVE('',#1417,#1418,#577,.T.);
#1723=EDGE_CURVE('',#1419,#1418,#578,.T.);
#1724=EDGE_CURVE('',#1419,#1413,#579,.T.);
#1725=EDGE_CURVE('',#1420,#1421,#422,.T.);
#1726=EDGE_CURVE('',#1422,#1421,#580,.T.);
#1727=EDGE_CURVE('',#1423,#1422,#581,.T.);
#1728=EDGE_CURVE('',#1424,#1423,#582,.T.);
#1729=EDGE_CURVE('',#1424,#1425,#423,.T.);
#1730=EDGE_CURVE('',#1426,#1425,#583,.T.);
#1731=EDGE_CURVE('',#1427,#1426,#584,.T.);
#1732=EDGE_CURVE('',#1428,#1427,#585,.T.);
#1733=EDGE_CURVE('',#1428,#1429,#424,.T.);
#1734=EDGE_CURVE('',#1430,#1429,#586,.T.);
#1735=EDGE_CURVE('',#1431,#1430,#587,.T.);
#1736=EDGE_CURVE('',#1432,#1431,#588,.T.);
#1737=EDGE_CURVE('',#1432,#1433,#425,.T.);
#1738=EDGE_CURVE('',#1434,#1433,#589,.T.);
#1739=EDGE_CURVE('',#1435,#1434,#590,.T.);
#1740=EDGE_CURVE('',#1436,#1435,#591,.T.);
#1741=EDGE_CURVE('',#1436,#1437,#426,.T.);
#1742=EDGE_CURVE('',#1438,#1437,#592,.T.);
#1743=EDGE_CURVE('',#1439,#1438,#593,.T.);
#1744=EDGE_CURVE('',#1440,#1439,#594,.T.);
#1745=EDGE_CURVE('',#1440,#1441,#427,.T.);
#1746=EDGE_CURVE('',#1442,#1441,#595,.T.);
#1747=EDGE_CURVE('',#1443,#1442,#596,.T.);
#1748=EDGE_CURVE('',#1444,#1443,#597,.T.);
#1749=EDGE_CURVE('',#1444,#1445,#428,.T.);
#1750=EDGE_CURVE('',#1446,#1445,#598,.T.);
#1751=EDGE_CURVE('',#1447,#1446,#599,.T.);
#1752=EDGE_CURVE('',#1448,#1447,#600,.T.);
#1753=EDGE_CURVE('',#1448,#1449,#429,.T.);
#1754=EDGE_CURVE('',#1450,#1449,#601,.T.);
#1755=EDGE_CURVE('',#1451,#1450,#602,.T.);
#1756=EDGE_CURVE('',#1452,#1451,#603,.T.);
#1757=EDGE_CURVE('',#1452,#1453,#430,.T.);
#1758=EDGE_CURVE('',#1454,#1453,#604,.T.);
#1759=EDGE_CURVE('',#1455,#1454,#605,.T.);
#1760=EDGE_CURVE('',#1456,#1455,#606,.T.);
#1761=EDGE_CURVE('',#1456,#1457,#431,.T.);
#1762=EDGE_CURVE('',#1458,#1457,#607,.T.);
#1763=EDGE_CURVE('',#1459,#1458,#608,.T.);
#1764=EDGE_CURVE('',#1420,#1459,#609,.T.);
#1765=EDGE_CURVE('',#1460,#1461,#432,.T.);
#1766=EDGE_CURVE('',#1462,#1461,#610,.T.);
#1767=EDGE_CURVE('',#1463,#1462,#611,.T.);
#1768=EDGE_CURVE('',#1464,#1463,#612,.T.);
#1769=EDGE_CURVE('',#1464,#1465,#433,.T.);
#1770=EDGE_CURVE('',#1466,#1465,#613,.T.);
#1771=EDGE_CURVE('',#1467,#1466,#614,.T.);
#1772=EDGE_CURVE('',#1468,#1467,#615,.T.);
#1773=EDGE_CURVE('',#1468,#1469,#434,.T.);
#1774=EDGE_CURVE('',#1470,#1469,#616,.T.);
#1775=EDGE_CURVE('',#1471,#1470,#617,.T.);
#1776=EDGE_CURVE('',#1472,#1471,#618,.T.);
#1777=EDGE_CURVE('',#1472,#1473,#435,.T.);
#1778=EDGE_CURVE('',#1474,#1473,#619,.T.);
#1779=EDGE_CURVE('',#1475,#1474,#620,.T.);
#1780=EDGE_CURVE('',#1476,#1475,#621,.T.);
#1781=EDGE_CURVE('',#1476,#1477,#436,.T.);
#1782=EDGE_CURVE('',#1478,#1477,#622,.T.);
#1783=EDGE_CURVE('',#1479,#1478,#623,.T.);
#1784=EDGE_CURVE('',#1480,#1479,#624,.T.);
#1785=EDGE_CURVE('',#1480,#1481,#437,.T.);
#1786=EDGE_CURVE('',#1482,#1481,#625,.T.);
#1787=EDGE_CURVE('',#1483,#1482,#626,.T.);
#1788=EDGE_CURVE('',#1484,#1483,#627,.T.);
#1789=EDGE_CURVE('',#1484,#1485,#438,.T.);
#1790=EDGE_CURVE('',#1486,#1485,#628,.T.);
#1791=EDGE_CURVE('',#1487,#1486,#629,.T.);
#1792=EDGE_CURVE('',#1488,#1487,#630,.T.);
#1793=EDGE_CURVE('',#1488,#1489,#439,.T.);
#1794=EDGE_CURVE('',#1490,#1489,#631,.T.);
#1795=EDGE_CURVE('',#1491,#1490,#632,.T.);
#1796=EDGE_CURVE('',#1492,#1491,#633,.T.);
#1797=EDGE_CURVE('',#1492,#1493,#440,.T.);
#1798=EDGE_CURVE('',#1494,#1493,#634,.T.);
#1799=EDGE_CURVE('',#1495,#1494,#635,.T.);
#1800=EDGE_CURVE('',#1496,#1495,#636,.T.);
#1801=EDGE_CURVE('',#1496,#1497,#441,.T.);
#1802=EDGE_CURVE('',#1498,#1497,#637,.T.);
#1803=EDGE_CURVE('',#1499,#1498,#638,.T.);
#1804=EDGE_CURVE('',#1460,#1499,#639,.T.);
#1805=EDGE_CURVE('',#1500,#1501,#640,.T.);
#1806=EDGE_CURVE('',#1502,#1501,#641,.T.);
#1807=EDGE_CURVE('',#1500,#1502,#642,.T.);
#1808=EDGE_CURVE('',#1503,#1504,#442,.T.);
#1809=EDGE_CURVE('',#1503,#1505,#643,.T.);
#1810=EDGE_CURVE('',#1506,#1505,#443,.T.);
#1811=EDGE_CURVE('',#1506,#1504,#644,.T.);
#1812=EDGE_CURVE('',#1260,#1504,#645,.T.);
#1813=EDGE_CURVE('',#1503,#1258,#646,.T.);
#1814=EDGE_CURVE('',#1506,#1507,#647,.T.);
#1815=EDGE_CURVE('',#1260,#1507,#648,.T.);
#1816=EDGE_CURVE('',#1508,#1509,#649,.T.);
#1817=EDGE_CURVE('',#1507,#1508,#650,.T.);
#1818=EDGE_CURVE('',#1510,#1507,#651,.T.);
#1819=EDGE_CURVE('',#1509,#1510,#652,.T.);
#1820=EDGE_CURVE('',#1510,#1505,#653,.T.);
#1821=EDGE_CURVE('',#1510,#1258,#654,.T.);
#1822=EDGE_CURVE('',#1511,#1509,#655,.T.);
#1823=EDGE_CURVE('',#1512,#1511,#656,.T.);
#1824=EDGE_CURVE('',#1512,#1513,#444,.T.);
#1825=EDGE_CURVE('',#1514,#1513,#657,.T.);
#1826=EDGE_CURVE('',#1514,#1508,#658,.T.);
#1827=EDGE_CURVE('',#1264,#1515,#659,.T.);
#1828=EDGE_CURVE('',#1399,#1515,#660,.T.);
#1829=EDGE_CURVE('',#1265,#1398,#661,.T.);
#1830=EDGE_CURVE('',#1425,#1309,#662,.T.);
#1831=EDGE_CURVE('',#1310,#1424,#663,.T.);
#1832=EDGE_CURVE('',#1429,#1305,#664,.T.);
#1833=EDGE_CURVE('',#1306,#1428,#665,.T.);
#1834=EDGE_CURVE('',#1433,#1301,#666,.T.);
#1835=EDGE_CURVE('',#1302,#1432,#667,.T.);
#1836=EDGE_CURVE('',#1437,#1297,#668,.T.);
#1837=EDGE_CURVE('',#1298,#1436,#669,.T.);
#1838=EDGE_CURVE('',#1441,#1293,#670,.T.);
#1839=EDGE_CURVE('',#1294,#1440,#671,.T.);
#1840=EDGE_CURVE('',#1445,#1289,#672,.T.);
#1841=EDGE_CURVE('',#1290,#1444,#673,.T.);
#1842=EDGE_CURVE('',#1449,#1285,#674,.T.);
#1843=EDGE_CURVE('',#1286,#1448,#675,.T.);
#1844=EDGE_CURVE('',#1453,#1281,#676,.T.);
#1845=EDGE_CURVE('',#1282,#1452,#677,.T.);
#1846=EDGE_CURVE('',#1457,#1277,#678,.T.);
#1847=EDGE_CURVE('',#1278,#1456,#679,.T.);
#1848=EDGE_CURVE('',#1421,#1273,#680,.T.);
#1849=EDGE_CURVE('',#1274,#1420,#681,.T.);
#1850=EDGE_CURVE('',#1465,#1349,#682,.T.);
#1851=EDGE_CURVE('',#1350,#1464,#683,.T.);
#1852=EDGE_CURVE('',#1469,#1345,#684,.T.);
#1853=EDGE_CURVE('',#1346,#1468,#685,.T.);
#1854=EDGE_CURVE('',#1473,#1341,#686,.T.);
#1855=EDGE_CURVE('',#1342,#1472,#687,.T.);
#1856=EDGE_CURVE('',#1477,#1337,#688,.T.);
#1857=EDGE_CURVE('',#1338,#1476,#689,.T.);
#1858=EDGE_CURVE('',#1481,#1333,#690,.T.);
#1859=EDGE_CURVE('',#1334,#1480,#691,.T.);
#1860=EDGE_CURVE('',#1485,#1329,#692,.T.);
#1861=EDGE_CURVE('',#1330,#1484,#693,.T.);
#1862=EDGE_CURVE('',#1489,#1325,#694,.T.);
#1863=EDGE_CURVE('',#1326,#1488,#695,.T.);
#1864=EDGE_CURVE('',#1493,#1321,#696,.T.);
#1865=EDGE_CURVE('',#1322,#1492,#697,.T.);
#1866=EDGE_CURVE('',#1497,#1317,#698,.T.);
#1867=EDGE_CURVE('',#1318,#1496,#699,.T.);
#1868=EDGE_CURVE('',#1461,#1313,#700,.T.);
#1869=EDGE_CURVE('',#1314,#1460,#701,.T.);
#1870=EDGE_CURVE('',#1422,#1312,#702,.T.);
#1871=EDGE_CURVE('',#1458,#1276,#703,.T.);
#1872=EDGE_CURVE('',#1454,#1280,#704,.T.);
#1873=EDGE_CURVE('',#1450,#1284,#705,.T.);
#1874=EDGE_CURVE('',#1446,#1288,#706,.T.);
#1875=EDGE_CURVE('',#1442,#1292,#707,.T.);
#1876=EDGE_CURVE('',#1438,#1296,#708,.T.);
#1877=EDGE_CURVE('',#1434,#1300,#709,.T.);
#1878=EDGE_CURVE('',#1430,#1304,#710,.T.);
#1879=EDGE_CURVE('',#1426,#1308,#711,.T.);
#1880=EDGE_CURVE('',#1462,#1352,#712,.T.);
#1881=EDGE_CURVE('',#1498,#1316,#713,.T.);
#1882=EDGE_CURVE('',#1494,#1320,#714,.T.);
#1883=EDGE_CURVE('',#1490,#1324,#715,.T.);
#1884=EDGE_CURVE('',#1486,#1328,#716,.T.);
#1885=EDGE_CURVE('',#1482,#1332,#717,.T.);
#1886=EDGE_CURVE('',#1478,#1336,#718,.T.);
#1887=EDGE_CURVE('',#1474,#1340,#719,.T.);
#1888=EDGE_CURVE('',#1470,#1344,#720,.T.);
#1889=EDGE_CURVE('',#1466,#1348,#721,.T.);
#1890=EDGE_CURVE('',#1501,#1361,#722,.T.);
#1891=EDGE_CURVE('',#1362,#1500,#723,.T.);
#1892=EDGE_CURVE('',#1502,#1363,#724,.T.);
#1893=EDGE_CURVE('',#1402,#1374,#725,.T.);
#1894=EDGE_CURVE('',#1401,#1375,#726,.T.);
#1895=EDGE_CURVE('',#1373,#1400,#727,.T.);
#1896=EDGE_CURVE('',#1407,#1368,#728,.T.);
#1897=EDGE_CURVE('',#1367,#1408,#729,.T.);
#1898=EDGE_CURVE('',#1406,#1369,#730,.T.);
#1899=EDGE_CURVE('',#1409,#1372,#731,.T.);
#1900=EDGE_CURVE('',#1411,#1370,#732,.T.);
#1901=EDGE_CURVE('',#1410,#1371,#733,.T.);
#1902=EDGE_CURVE('',#1404,#1365,#734,.T.);
#1903=EDGE_CURVE('',#1364,#1405,#735,.T.);
#1904=EDGE_CURVE('',#1403,#1366,#736,.T.);
#1905=EDGE_CURVE('',#1516,#1517,#19,.T.);
#1906=EDGE_CURVE('',#1517,#1381,#737,.T.);
#1907=EDGE_CURVE('',#1380,#1516,#738,.T.);
#1908=EDGE_CURVE('',#1517,#1518,#739,.T.);
#1909=EDGE_CURVE('',#1519,#1518,#445,.T.);
#1910=EDGE_CURVE('',#1519,#1520,#740,.T.);
#1911=EDGE_CURVE('',#1520,#1382,#741,.T.);
#1912=EDGE_CURVE('',#1516,#1514,#742,.T.);
#1913=EDGE_CURVE('',#1518,#1513,#743,.T.);
#1914=EDGE_CURVE('',#1520,#1521,#20,.T.);
#1915=EDGE_CURVE('',#1521,#1383,#744,.T.);
#1916=EDGE_CURVE('',#1511,#1521,#745,.T.);
#1917=EDGE_CURVE('',#1259,#1384,#746,.T.);
#1918=EDGE_CURVE('',#1512,#1519,#747,.T.);
#1919=EDGE_CURVE('',#1378,#1262,#748,.T.);
#1920=EDGE_CURVE('',#1263,#1376,#749,.T.);
#1921=EDGE_CURVE('',#1379,#1261,#750,.T.);
#1922=EDGE_CURVE('',#1272,#1385,#751,.T.);
#1923=EDGE_CURVE('',#1386,#1271,#752,.T.);
#1924=EDGE_CURVE('',#1387,#1270,#753,.T.);
#1925=EDGE_CURVE('',#1269,#1388,#754,.T.);
#1926=EDGE_CURVE('',#1522,#1268,#755,.T.);
#1927=EDGE_CURVE('',#1523,#1522,#756,.T.);
#1928=EDGE_CURVE('',#1389,#1523,#757,.T.);
#1929=EDGE_CURVE('',#1515,#1377,#758,.T.);
#1930=EDGE_CURVE('',#1524,#1393,#759,.T.);
#1931=EDGE_CURVE('',#1525,#1524,#760,.T.);
#1932=EDGE_CURVE('',#1525,#1526,#761,.T.);
#1933=EDGE_CURVE('',#1394,#1526,#762,.T.);
#1934=EDGE_CURVE('',#1527,#1525,#763,.T.);
#1935=EDGE_CURVE('',#1527,#1528,#764,.T.);
#1936=EDGE_CURVE('',#1528,#1526,#765,.T.);
#1937=EDGE_CURVE('',#1529,#1527,#766,.T.);
#1938=EDGE_CURVE('',#1529,#1396,#767,.T.);
#1939=EDGE_CURVE('',#1395,#1528,#768,.T.);
#1940=EDGE_CURVE('',#1530,#1531,#769,.T.);
#1941=EDGE_CURVE('',#1530,#1532,#770,.T.);
#1942=EDGE_CURVE('',#1532,#1533,#771,.T.);
#1943=EDGE_CURVE('',#1533,#1531,#772,.T.);
#1944=EDGE_CURVE('',#1534,#1535,#773,.T.);
#1945=EDGE_CURVE('',#1535,#1531,#774,.T.);
#1946=EDGE_CURVE('',#1533,#1536,#775,.T.);
#1947=EDGE_CURVE('',#1536,#1537,#776,.T.);
#1948=EDGE_CURVE('',#1537,#1534,#777,.T.);
#1949=EDGE_CURVE('',#1538,#1391,#778,.T.);
#1950=EDGE_CURVE('',#1539,#1538,#779,.T.);
#1951=EDGE_CURVE('',#1540,#1539,#780,.T.);
#1952=EDGE_CURVE('',#1540,#1392,#781,.T.);
#1953=EDGE_CURVE('',#1538,#1541,#782,.T.);
#1954=EDGE_CURVE('',#1541,#1542,#783,.T.);
#1955=EDGE_CURVE('',#1539,#1542,#784,.T.);
#1956=EDGE_CURVE('',#1542,#1523,#785,.T.);
#1957=EDGE_CURVE('',#1390,#1541,#786,.T.);
#1958=EDGE_CURVE('',#1397,#1266,#787,.T.);
#1959=EDGE_CURVE('',#1543,#1529,#788,.T.);
#1960=EDGE_CURVE('',#1543,#1544,#789,.T.);
#1961=EDGE_CURVE('',#1545,#1544,#790,.T.);
#1962=EDGE_CURVE('',#1545,#1267,#791,.T.);
#1963=EDGE_CURVE('',#1522,#1545,#792,.T.);
#1964=EDGE_CURVE('',#1544,#1546,#793,.T.);
#1965=EDGE_CURVE('',#1547,#1546,#794,.T.);
#1966=EDGE_CURVE('',#1548,#1547,#795,.T.);
#1967=EDGE_CURVE('',#1549,#1548,#796,.T.);
#1968=EDGE_CURVE('',#1532,#1549,#797,.T.);
#1969=EDGE_CURVE('',#1550,#1530,#798,.T.);
#1970=EDGE_CURVE('',#1550,#1551,#799,.T.);
#1971=EDGE_CURVE('',#1551,#1552,#800,.T.);
#1972=EDGE_CURVE('',#1553,#1552,#801,.T.);
#1973=EDGE_CURVE('',#1554,#1553,#802,.T.);
#1974=EDGE_CURVE('',#1555,#1554,#803,.T.);
#1975=EDGE_CURVE('',#1555,#1556,#804,.T.);
#1976=EDGE_CURVE('',#1556,#1540,#805,.T.);
#1977=EDGE_CURVE('',#1546,#1524,#806,.T.);
#1978=EDGE_CURVE('',#1557,#1556,#807,.T.);
#1979=EDGE_CURVE('',#1558,#1557,#808,.T.);
#1980=EDGE_CURVE('',#1551,#1558,#809,.T.);
#1981=EDGE_CURVE('',#1535,#1550,#810,.T.);
#1982=EDGE_CURVE('',#1547,#1534,#811,.T.);
#1983=EDGE_CURVE('',#1418,#1356,#812,.T.);
#1984=EDGE_CURVE('',#1419,#1355,#813,.T.);
#1985=EDGE_CURVE('',#1353,#1412,#814,.T.);
#1986=EDGE_CURVE('',#1413,#1354,#815,.T.);
#1987=EDGE_CURVE('',#1415,#1359,#816,.T.);
#1988=EDGE_CURVE('',#1414,#1360,#817,.T.);
#1989=EDGE_CURVE('',#1416,#1358,#818,.T.);
#1990=EDGE_CURVE('',#1417,#1357,#819,.T.);
#1991=EDGE_CURVE('',#1443,#1291,#820,.T.);
#1992=EDGE_CURVE('',#1439,#1295,#821,.T.);
#1993=EDGE_CURVE('',#1435,#1299,#822,.T.);
#1994=EDGE_CURVE('',#1431,#1303,#823,.T.);
#1995=EDGE_CURVE('',#1427,#1307,#824,.T.);
#1996=EDGE_CURVE('',#1423,#1311,#825,.T.);
#1997=EDGE_CURVE('',#1459,#1275,#826,.T.);
#1998=EDGE_CURVE('',#1455,#1279,#827,.T.);
#1999=EDGE_CURVE('',#1451,#1283,#828,.T.);
#2000=EDGE_CURVE('',#1447,#1287,#829,.T.);
#2001=EDGE_CURVE('',#1479,#1335,#830,.T.);
#2002=EDGE_CURVE('',#1475,#1339,#831,.T.);
#2003=EDGE_CURVE('',#1471,#1343,#832,.T.);
#2004=EDGE_CURVE('',#1467,#1347,#833,.T.);
#2005=EDGE_CURVE('',#1463,#1351,#834,.T.);
#2006=EDGE_CURVE('',#1499,#1315,#835,.T.);
#2007=EDGE_CURVE('',#1495,#1319,#836,.T.);
#2008=EDGE_CURVE('',#1491,#1323,#837,.T.);
#2009=EDGE_CURVE('',#1487,#1327,#838,.T.);
#2010=EDGE_CURVE('',#1483,#1331,#839,.T.);
#2011=EDGE_CURVE('',#1559,#1552,#840,.T.);
#2012=EDGE_CURVE('',#1559,#1560,#841,.T.);
#2013=EDGE_CURVE('',#1553,#1560,#842,.T.);
#2014=EDGE_CURVE('',#1558,#1559,#843,.T.);
#2015=EDGE_CURVE('',#1561,#1557,#844,.T.);
#2016=EDGE_CURVE('',#1561,#1562,#845,.T.);
#2017=EDGE_CURVE('',#1562,#1560,#846,.T.);
#2018=EDGE_CURVE('',#1548,#1537,#847,.T.);
#2019=EDGE_CURVE('',#1555,#1561,#848,.T.);
#2020=EDGE_CURVE('',#1554,#1562,#849,.T.);
#2021=EDGE_CURVE('',#1549,#1536,#850,.T.);
#2022=EDGE_CURVE('',#1524,#1543,#851,.T.);
#2023=ORIENTED_EDGE('',*,*,#1563,.F.);
#2024=ORIENTED_EDGE('',*,*,#1564,.T.);
#2025=ORIENTED_EDGE('',*,*,#1565,.F.);
#2026=ORIENTED_EDGE('',*,*,#1566,.F.);
#2027=ORIENTED_EDGE('',*,*,#1567,.F.);
#2028=ORIENTED_EDGE('',*,*,#1568,.F.);
#2029=ORIENTED_EDGE('',*,*,#1569,.T.);
#2030=ORIENTED_EDGE('',*,*,#1570,.T.);
#2031=ORIENTED_EDGE('',*,*,#1571,.T.);
#2032=ORIENTED_EDGE('',*,*,#1572,.T.);
#2033=ORIENTED_EDGE('',*,*,#1573,.T.);
#2034=ORIENTED_EDGE('',*,*,#1574,.T.);
#2035=ORIENTED_EDGE('',*,*,#1575,.T.);
#2036=ORIENTED_EDGE('',*,*,#1576,.F.);
#2037=ORIENTED_EDGE('',*,*,#1577,.F.);
#2038=ORIENTED_EDGE('',*,*,#1578,.T.);
#2039=ORIENTED_EDGE('',*,*,#1579,.T.);
#2040=ORIENTED_EDGE('',*,*,#1580,.T.);
#2041=ORIENTED_EDGE('',*,*,#1581,.T.);
#2042=ORIENTED_EDGE('',*,*,#1582,.T.);
#2043=ORIENTED_EDGE('',*,*,#1583,.T.);
#2044=ORIENTED_EDGE('',*,*,#1584,.T.);
#2045=ORIENTED_EDGE('',*,*,#1585,.T.);
#2046=ORIENTED_EDGE('',*,*,#1586,.T.);
#2047=ORIENTED_EDGE('',*,*,#1587,.T.);
#2048=ORIENTED_EDGE('',*,*,#1588,.T.);
#2049=ORIENTED_EDGE('',*,*,#1589,.T.);
#2050=ORIENTED_EDGE('',*,*,#1590,.T.);
#2051=ORIENTED_EDGE('',*,*,#1591,.T.);
#2052=ORIENTED_EDGE('',*,*,#1592,.T.);
#2053=ORIENTED_EDGE('',*,*,#1593,.T.);
#2054=ORIENTED_EDGE('',*,*,#1594,.T.);
#2055=ORIENTED_EDGE('',*,*,#1595,.T.);
#2056=ORIENTED_EDGE('',*,*,#1596,.T.);
#2057=ORIENTED_EDGE('',*,*,#1597,.T.);
#2058=ORIENTED_EDGE('',*,*,#1598,.T.);
#2059=ORIENTED_EDGE('',*,*,#1599,.T.);
#2060=ORIENTED_EDGE('',*,*,#1600,.T.);
#2061=ORIENTED_EDGE('',*,*,#1601,.T.);
#2062=ORIENTED_EDGE('',*,*,#1602,.T.);
#2063=ORIENTED_EDGE('',*,*,#1603,.T.);
#2064=ORIENTED_EDGE('',*,*,#1604,.T.);
#2065=ORIENTED_EDGE('',*,*,#1605,.T.);
#2066=ORIENTED_EDGE('',*,*,#1606,.T.);
#2067=ORIENTED_EDGE('',*,*,#1607,.T.);
#2068=ORIENTED_EDGE('',*,*,#1608,.T.);
#2069=ORIENTED_EDGE('',*,*,#1609,.T.);
#2070=ORIENTED_EDGE('',*,*,#1610,.T.);
#2071=ORIENTED_EDGE('',*,*,#1611,.T.);
#2072=ORIENTED_EDGE('',*,*,#1612,.T.);
#2073=ORIENTED_EDGE('',*,*,#1613,.T.);
#2074=ORIENTED_EDGE('',*,*,#1614,.T.);
#2075=ORIENTED_EDGE('',*,*,#1615,.T.);
#2076=ORIENTED_EDGE('',*,*,#1616,.T.);
#2077=ORIENTED_EDGE('',*,*,#1617,.T.);
#2078=ORIENTED_EDGE('',*,*,#1618,.T.);
#2079=ORIENTED_EDGE('',*,*,#1619,.T.);
#2080=ORIENTED_EDGE('',*,*,#1620,.T.);
#2081=ORIENTED_EDGE('',*,*,#1621,.T.);
#2082=ORIENTED_EDGE('',*,*,#1622,.T.);
#2083=ORIENTED_EDGE('',*,*,#1623,.T.);
#2084=ORIENTED_EDGE('',*,*,#1624,.T.);
#2085=ORIENTED_EDGE('',*,*,#1625,.T.);
#2086=ORIENTED_EDGE('',*,*,#1626,.T.);
#2087=ORIENTED_EDGE('',*,*,#1627,.T.);
#2088=ORIENTED_EDGE('',*,*,#1628,.T.);
#2089=ORIENTED_EDGE('',*,*,#1629,.T.);
#2090=ORIENTED_EDGE('',*,*,#1630,.T.);
#2091=ORIENTED_EDGE('',*,*,#1631,.T.);
#2092=ORIENTED_EDGE('',*,*,#1632,.T.);
#2093=ORIENTED_EDGE('',*,*,#1633,.T.);
#2094=ORIENTED_EDGE('',*,*,#1634,.T.);
#2095=ORIENTED_EDGE('',*,*,#1635,.T.);
#2096=ORIENTED_EDGE('',*,*,#1636,.T.);
#2097=ORIENTED_EDGE('',*,*,#1637,.T.);
#2098=ORIENTED_EDGE('',*,*,#1638,.T.);
#2099=ORIENTED_EDGE('',*,*,#1639,.T.);
#2100=ORIENTED_EDGE('',*,*,#1640,.T.);
#2101=ORIENTED_EDGE('',*,*,#1641,.T.);
#2102=ORIENTED_EDGE('',*,*,#1642,.T.);
#2103=ORIENTED_EDGE('',*,*,#1643,.T.);
#2104=ORIENTED_EDGE('',*,*,#1644,.T.);
#2105=ORIENTED_EDGE('',*,*,#1645,.T.);
#2106=ORIENTED_EDGE('',*,*,#1646,.T.);
#2107=ORIENTED_EDGE('',*,*,#1647,.T.);
#2108=ORIENTED_EDGE('',*,*,#1648,.T.);
#2109=ORIENTED_EDGE('',*,*,#1649,.T.);
#2110=ORIENTED_EDGE('',*,*,#1650,.T.);
#2111=ORIENTED_EDGE('',*,*,#1651,.T.);
#2112=ORIENTED_EDGE('',*,*,#1652,.T.);
#2113=ORIENTED_EDGE('',*,*,#1653,.T.);
#2114=ORIENTED_EDGE('',*,*,#1654,.T.);
#2115=ORIENTED_EDGE('',*,*,#1655,.T.);
#2116=ORIENTED_EDGE('',*,*,#1656,.T.);
#2117=ORIENTED_EDGE('',*,*,#1657,.T.);
#2118=ORIENTED_EDGE('',*,*,#1658,.T.);
#2119=ORIENTED_EDGE('',*,*,#1659,.T.);
#2120=ORIENTED_EDGE('',*,*,#1660,.T.);
#2121=ORIENTED_EDGE('',*,*,#1661,.T.);
#2122=ORIENTED_EDGE('',*,*,#1662,.T.);
#2123=ORIENTED_EDGE('',*,*,#1663,.T.);
#2124=ORIENTED_EDGE('',*,*,#1664,.T.);
#2125=ORIENTED_EDGE('',*,*,#1665,.T.);
#2126=ORIENTED_EDGE('',*,*,#1666,.T.);
#2127=ORIENTED_EDGE('',*,*,#1667,.F.);
#2128=ORIENTED_EDGE('',*,*,#1668,.F.);
#2129=ORIENTED_EDGE('',*,*,#1669,.F.);
#2130=ORIENTED_EDGE('',*,*,#1670,.F.);
#2131=ORIENTED_EDGE('',*,*,#1671,.F.);
#2132=ORIENTED_EDGE('',*,*,#1672,.F.);
#2133=ORIENTED_EDGE('',*,*,#1673,.F.);
#2134=ORIENTED_EDGE('',*,*,#1674,.F.);
#2135=ORIENTED_EDGE('',*,*,#1675,.T.);
#2136=ORIENTED_EDGE('',*,*,#1676,.T.);
#2137=ORIENTED_EDGE('',*,*,#1677,.T.);
#2138=ORIENTED_EDGE('',*,*,#1678,.T.);
#2139=ORIENTED_EDGE('',*,*,#1679,.T.);
#2140=ORIENTED_EDGE('',*,*,#1680,.T.);
#2141=ORIENTED_EDGE('',*,*,#1681,.F.);
#2142=ORIENTED_EDGE('',*,*,#1682,.F.);
#2143=ORIENTED_EDGE('',*,*,#1683,.F.);
#2144=ORIENTED_EDGE('',*,*,#1684,.F.);
#2145=ORIENTED_EDGE('',*,*,#1685,.F.);
#2146=ORIENTED_EDGE('',*,*,#1686,.F.);
#2147=ORIENTED_EDGE('',*,*,#1687,.F.);
#2148=ORIENTED_EDGE('',*,*,#1688,.F.);
#2149=ORIENTED_EDGE('',*,*,#1689,.F.);
#2150=ORIENTED_EDGE('',*,*,#1690,.F.);
#2151=ORIENTED_EDGE('',*,*,#1691,.F.);
#2152=ORIENTED_EDGE('',*,*,#1692,.F.);
#2153=ORIENTED_EDGE('',*,*,#1693,.T.);
#2154=ORIENTED_EDGE('',*,*,#1694,.T.);
#2155=ORIENTED_EDGE('',*,*,#1695,.T.);
#2156=ORIENTED_EDGE('',*,*,#1696,.T.);
#2157=ORIENTED_EDGE('',*,*,#1697,.T.);
#2158=ORIENTED_EDGE('',*,*,#1698,.T.);
#2159=ORIENTED_EDGE('',*,*,#1699,.T.);
#2160=ORIENTED_EDGE('',*,*,#1700,.F.);
#2161=ORIENTED_EDGE('',*,*,#1701,.F.);
#2162=ORIENTED_EDGE('',*,*,#1702,.T.);
#2163=ORIENTED_EDGE('',*,*,#1703,.T.);
#2164=ORIENTED_EDGE('',*,*,#1704,.T.);
#2165=ORIENTED_EDGE('',*,*,#1705,.T.);
#2166=ORIENTED_EDGE('',*,*,#1706,.T.);
#2167=ORIENTED_EDGE('',*,*,#1707,.F.);
#2168=ORIENTED_EDGE('',*,*,#1708,.F.);
#2169=ORIENTED_EDGE('',*,*,#1709,.F.);
#2170=ORIENTED_EDGE('',*,*,#1710,.F.);
#2171=ORIENTED_EDGE('',*,*,#1711,.F.);
#2172=ORIENTED_EDGE('',*,*,#1712,.F.);
#2173=ORIENTED_EDGE('',*,*,#1713,.F.);
#2174=ORIENTED_EDGE('',*,*,#1714,.T.);
#2175=ORIENTED_EDGE('',*,*,#1715,.T.);
#2176=ORIENTED_EDGE('',*,*,#1716,.T.);
#2177=ORIENTED_EDGE('',*,*,#1717,.F.);
#2178=ORIENTED_EDGE('',*,*,#1718,.T.);
#2179=ORIENTED_EDGE('',*,*,#1719,.F.);
#2180=ORIENTED_EDGE('',*,*,#1720,.T.);
#2181=ORIENTED_EDGE('',*,*,#1721,.F.);
#2182=ORIENTED_EDGE('',*,*,#1722,.T.);
#2183=ORIENTED_EDGE('',*,*,#1723,.F.);
#2184=ORIENTED_EDGE('',*,*,#1724,.T.);
#2185=ORIENTED_EDGE('',*,*,#1725,.T.);
#2186=ORIENTED_EDGE('',*,*,#1726,.F.);
#2187=ORIENTED_EDGE('',*,*,#1727,.F.);
#2188=ORIENTED_EDGE('',*,*,#1728,.F.);
#2189=ORIENTED_EDGE('',*,*,#1729,.T.);
#2190=ORIENTED_EDGE('',*,*,#1730,.F.);
#2191=ORIENTED_EDGE('',*,*,#1731,.F.);
#2192=ORIENTED_EDGE('',*,*,#1732,.F.);
#2193=ORIENTED_EDGE('',*,*,#1733,.T.);
#2194=ORIENTED_EDGE('',*,*,#1734,.F.);
#2195=ORIENTED_EDGE('',*,*,#1735,.F.);
#2196=ORIENTED_EDGE('',*,*,#1736,.F.);
#2197=ORIENTED_EDGE('',*,*,#1737,.T.);
#2198=ORIENTED_EDGE('',*,*,#1738,.F.);
#2199=ORIENTED_EDGE('',*,*,#1739,.F.);
#2200=ORIENTED_EDGE('',*,*,#1740,.F.);
#2201=ORIENTED_EDGE('',*,*,#1741,.T.);
#2202=ORIENTED_EDGE('',*,*,#1742,.F.);
#2203=ORIENTED_EDGE('',*,*,#1743,.F.);
#2204=ORIENTED_EDGE('',*,*,#1744,.F.);
#2205=ORIENTED_EDGE('',*,*,#1745,.T.);
#2206=ORIENTED_EDGE('',*,*,#1746,.F.);
#2207=ORIENTED_EDGE('',*,*,#1747,.F.);
#2208=ORIENTED_EDGE('',*,*,#1748,.F.);
#2209=ORIENTED_EDGE('',*,*,#1749,.T.);
#2210=ORIENTED_EDGE('',*,*,#1750,.F.);
#2211=ORIENTED_EDGE('',*,*,#1751,.F.);
#2212=ORIENTED_EDGE('',*,*,#1752,.F.);
#2213=ORIENTED_EDGE('',*,*,#1753,.T.);
#2214=ORIENTED_EDGE('',*,*,#1754,.F.);
#2215=ORIENTED_EDGE('',*,*,#1755,.F.);
#2216=ORIENTED_EDGE('',*,*,#1756,.F.);
#2217=ORIENTED_EDGE('',*,*,#1757,.T.);
#2218=ORIENTED_EDGE('',*,*,#1758,.F.);
#2219=ORIENTED_EDGE('',*,*,#1759,.F.);
#2220=ORIENTED_EDGE('',*,*,#1760,.F.);
#2221=ORIENTED_EDGE('',*,*,#1761,.T.);
#2222=ORIENTED_EDGE('',*,*,#1762,.F.);
#2223=ORIENTED_EDGE('',*,*,#1763,.F.);
#2224=ORIENTED_EDGE('',*,*,#1764,.F.);
#2225=ORIENTED_EDGE('',*,*,#1765,.T.);
#2226=ORIENTED_EDGE('',*,*,#1766,.F.);
#2227=ORIENTED_EDGE('',*,*,#1767,.F.);
#2228=ORIENTED_EDGE('',*,*,#1768,.F.);
#2229=ORIENTED_EDGE('',*,*,#1769,.T.);
#2230=ORIENTED_EDGE('',*,*,#1770,.F.);
#2231=ORIENTED_EDGE('',*,*,#1771,.F.);
#2232=ORIENTED_EDGE('',*,*,#1772,.F.);
#2233=ORIENTED_EDGE('',*,*,#1773,.T.);
#2234=ORIENTED_EDGE('',*,*,#1774,.F.);
#2235=ORIENTED_EDGE('',*,*,#1775,.F.);
#2236=ORIENTED_EDGE('',*,*,#1776,.F.);
#2237=ORIENTED_EDGE('',*,*,#1777,.T.);
#2238=ORIENTED_EDGE('',*,*,#1778,.F.);
#2239=ORIENTED_EDGE('',*,*,#1779,.F.);
#2240=ORIENTED_EDGE('',*,*,#1780,.F.);
#2241=ORIENTED_EDGE('',*,*,#1781,.T.);
#2242=ORIENTED_EDGE('',*,*,#1782,.F.);
#2243=ORIENTED_EDGE('',*,*,#1783,.F.);
#2244=ORIENTED_EDGE('',*,*,#1784,.F.);
#2245=ORIENTED_EDGE('',*,*,#1785,.T.);
#2246=ORIENTED_EDGE('',*,*,#1786,.F.);
#2247=ORIENTED_EDGE('',*,*,#1787,.F.);
#2248=ORIENTED_EDGE('',*,*,#1788,.F.);
#2249=ORIENTED_EDGE('',*,*,#1789,.T.);
#2250=ORIENTED_EDGE('',*,*,#1790,.F.);
#2251=ORIENTED_EDGE('',*,*,#1791,.F.);
#2252=ORIENTED_EDGE('',*,*,#1792,.F.);
#2253=ORIENTED_EDGE('',*,*,#1793,.T.);
#2254=ORIENTED_EDGE('',*,*,#1794,.F.);
#2255=ORIENTED_EDGE('',*,*,#1795,.F.);
#2256=ORIENTED_EDGE('',*,*,#1796,.F.);
#2257=ORIENTED_EDGE('',*,*,#1797,.T.);
#2258=ORIENTED_EDGE('',*,*,#1798,.F.);
#2259=ORIENTED_EDGE('',*,*,#1799,.F.);
#2260=ORIENTED_EDGE('',*,*,#1800,.F.);
#2261=ORIENTED_EDGE('',*,*,#1801,.T.);
#2262=ORIENTED_EDGE('',*,*,#1802,.F.);
#2263=ORIENTED_EDGE('',*,*,#1803,.F.);
#2264=ORIENTED_EDGE('',*,*,#1804,.F.);
#2265=ORIENTED_EDGE('',*,*,#1805,.T.);
#2266=ORIENTED_EDGE('',*,*,#1806,.F.);
#2267=ORIENTED_EDGE('',*,*,#1807,.F.);
#2268=ORIENTED_EDGE('',*,*,#1808,.F.);
#2269=ORIENTED_EDGE('',*,*,#1809,.T.);
#2270=ORIENTED_EDGE('',*,*,#1810,.F.);
#2271=ORIENTED_EDGE('',*,*,#1811,.T.);
#2272=ORIENTED_EDGE('',*,*,#1808,.T.);
#2273=ORIENTED_EDGE('',*,*,#1812,.F.);
#2274=ORIENTED_EDGE('',*,*,#1564,.F.);
#2275=ORIENTED_EDGE('',*,*,#1813,.F.);
#2276=ORIENTED_EDGE('',*,*,#1811,.F.);
#2277=ORIENTED_EDGE('',*,*,#1814,.T.);
#2278=ORIENTED_EDGE('',*,*,#1815,.F.);
#2279=ORIENTED_EDGE('',*,*,#1812,.T.);
#2280=ORIENTED_EDGE('',*,*,#1816,.F.);
#2281=ORIENTED_EDGE('',*,*,#1817,.F.);
#2282=ORIENTED_EDGE('',*,*,#1818,.F.);
#2283=ORIENTED_EDGE('',*,*,#1819,.F.);
#2284=ORIENTED_EDGE('',*,*,#1810,.T.);
#2285=ORIENTED_EDGE('',*,*,#1820,.F.);
#2286=ORIENTED_EDGE('',*,*,#1818,.T.);
#2287=ORIENTED_EDGE('',*,*,#1814,.F.);
#2288=ORIENTED_EDGE('',*,*,#1809,.F.);
#2289=ORIENTED_EDGE('',*,*,#1813,.T.);
#2290=ORIENTED_EDGE('',*,*,#1821,.F.);
#2291=ORIENTED_EDGE('',*,*,#1820,.T.);
#2292=ORIENTED_EDGE('',*,*,#1822,.F.);
#2293=ORIENTED_EDGE('',*,*,#1823,.F.);
#2294=ORIENTED_EDGE('',*,*,#1824,.T.);
#2295=ORIENTED_EDGE('',*,*,#1825,.F.);
#2296=ORIENTED_EDGE('',*,*,#1826,.T.);
#2297=ORIENTED_EDGE('',*,*,#1816,.T.);
#2298=ORIENTED_EDGE('',*,*,#1827,.T.);
#2299=ORIENTED_EDGE('',*,*,#1828,.F.);
#2300=ORIENTED_EDGE('',*,*,#1703,.F.);
#2301=ORIENTED_EDGE('',*,*,#1829,.F.);
#2302=ORIENTED_EDGE('',*,*,#1569,.F.);
#2303=ORIENTED_EDGE('',*,*,#1830,.F.);
#2304=ORIENTED_EDGE('',*,*,#1729,.F.);
#2305=ORIENTED_EDGE('',*,*,#1831,.F.);
#2306=ORIENTED_EDGE('',*,*,#1614,.F.);
#2307=ORIENTED_EDGE('',*,*,#1832,.F.);
#2308=ORIENTED_EDGE('',*,*,#1733,.F.);
#2309=ORIENTED_EDGE('',*,*,#1833,.F.);
#2310=ORIENTED_EDGE('',*,*,#1610,.F.);
#2311=ORIENTED_EDGE('',*,*,#1834,.F.);
#2312=ORIENTED_EDGE('',*,*,#1737,.F.);
#2313=ORIENTED_EDGE('',*,*,#1835,.F.);
#2314=ORIENTED_EDGE('',*,*,#1606,.F.);
#2315=ORIENTED_EDGE('',*,*,#1836,.F.);
#2316=ORIENTED_EDGE('',*,*,#1741,.F.);
#2317=ORIENTED_EDGE('',*,*,#1837,.F.);
#2318=ORIENTED_EDGE('',*,*,#1602,.F.);
#2319=ORIENTED_EDGE('',*,*,#1838,.F.);
#2320=ORIENTED_EDGE('',*,*,#1745,.F.);
#2321=ORIENTED_EDGE('',*,*,#1839,.F.);
#2322=ORIENTED_EDGE('',*,*,#1598,.F.);
#2323=ORIENTED_EDGE('',*,*,#1840,.F.);
#2324=ORIENTED_EDGE('',*,*,#1749,.F.);
#2325=ORIENTED_EDGE('',*,*,#1841,.F.);
#2326=ORIENTED_EDGE('',*,*,#1594,.F.);
#2327=ORIENTED_EDGE('',*,*,#1842,.F.);
#2328=ORIENTED_EDGE('',*,*,#1753,.F.);
#2329=ORIENTED_EDGE('',*,*,#1843,.F.);
#2330=ORIENTED_EDGE('',*,*,#1590,.F.);
#2331=ORIENTED_EDGE('',*,*,#1844,.F.);
#2332=ORIENTED_EDGE('',*,*,#1757,.F.);
#2333=ORIENTED_EDGE('',*,*,#1845,.F.);
#2334=ORIENTED_EDGE('',*,*,#1586,.F.);
#2335=ORIENTED_EDGE('',*,*,#1846,.F.);
#2336=ORIENTED_EDGE('',*,*,#1761,.F.);
#2337=ORIENTED_EDGE('',*,*,#1847,.F.);
#2338=ORIENTED_EDGE('',*,*,#1582,.F.);
#2339=ORIENTED_EDGE('',*,*,#1848,.F.);
#2340=ORIENTED_EDGE('',*,*,#1725,.F.);
#2341=ORIENTED_EDGE('',*,*,#1849,.F.);
#2342=ORIENTED_EDGE('',*,*,#1578,.F.);
#2343=ORIENTED_EDGE('',*,*,#1850,.F.);
#2344=ORIENTED_EDGE('',*,*,#1769,.F.);
#2345=ORIENTED_EDGE('',*,*,#1851,.F.);
#2346=ORIENTED_EDGE('',*,*,#1654,.F.);
#2347=ORIENTED_EDGE('',*,*,#1852,.F.);
#2348=ORIENTED_EDGE('',*,*,#1773,.F.);
#2349=ORIENTED_EDGE('',*,*,#1853,.F.);
#2350=ORIENTED_EDGE('',*,*,#1650,.F.);
#2351=ORIENTED_EDGE('',*,*,#1854,.F.);
#2352=ORIENTED_EDGE('',*,*,#1777,.F.);
#2353=ORIENTED_EDGE('',*,*,#1855,.F.);
#2354=ORIENTED_EDGE('',*,*,#1646,.F.);
#2355=ORIENTED_EDGE('',*,*,#1856,.F.);
#2356=ORIENTED_EDGE('',*,*,#1781,.F.);
#2357=ORIENTED_EDGE('',*,*,#1857,.F.);
#2358=ORIENTED_EDGE('',*,*,#1642,.F.);
#2359=ORIENTED_EDGE('',*,*,#1858,.F.);
#2360=ORIENTED_EDGE('',*,*,#1785,.F.);
#2361=ORIENTED_EDGE('',*,*,#1859,.F.);
#2362=ORIENTED_EDGE('',*,*,#1638,.F.);
#2363=ORIENTED_EDGE('',*,*,#1860,.F.);
#2364=ORIENTED_EDGE('',*,*,#1789,.F.);
#2365=ORIENTED_EDGE('',*,*,#1861,.F.);
#2366=ORIENTED_EDGE('',*,*,#1634,.F.);
#2367=ORIENTED_EDGE('',*,*,#1862,.F.);
#2368=ORIENTED_EDGE('',*,*,#1793,.F.);
#2369=ORIENTED_EDGE('',*,*,#1863,.F.);
#2370=ORIENTED_EDGE('',*,*,#1630,.F.);
#2371=ORIENTED_EDGE('',*,*,#1864,.F.);
#2372=ORIENTED_EDGE('',*,*,#1797,.F.);
#2373=ORIENTED_EDGE('',*,*,#1865,.F.);
#2374=ORIENTED_EDGE('',*,*,#1626,.F.);
#2375=ORIENTED_EDGE('',*,*,#1866,.F.);
#2376=ORIENTED_EDGE('',*,*,#1801,.F.);
#2377=ORIENTED_EDGE('',*,*,#1867,.F.);
#2378=ORIENTED_EDGE('',*,*,#1622,.F.);
#2379=ORIENTED_EDGE('',*,*,#1868,.F.);
#2380=ORIENTED_EDGE('',*,*,#1765,.F.);
#2381=ORIENTED_EDGE('',*,*,#1869,.F.);
#2382=ORIENTED_EDGE('',*,*,#1618,.F.);
#2383=ORIENTED_EDGE('',*,*,#1848,.T.);
#2384=ORIENTED_EDGE('',*,*,#1617,.F.);
#2385=ORIENTED_EDGE('',*,*,#1870,.F.);
#2386=ORIENTED_EDGE('',*,*,#1726,.T.);
#2387=ORIENTED_EDGE('',*,*,#1846,.T.);
#2388=ORIENTED_EDGE('',*,*,#1581,.F.);
#2389=ORIENTED_EDGE('',*,*,#1871,.F.);
#2390=ORIENTED_EDGE('',*,*,#1762,.T.);
#2391=ORIENTED_EDGE('',*,*,#1844,.T.);
#2392=ORIENTED_EDGE('',*,*,#1585,.F.);
#2393=ORIENTED_EDGE('',*,*,#1872,.F.);
#2394=ORIENTED_EDGE('',*,*,#1758,.T.);
#2395=ORIENTED_EDGE('',*,*,#1842,.T.);
#2396=ORIENTED_EDGE('',*,*,#1589,.F.);
#2397=ORIENTED_EDGE('',*,*,#1873,.F.);
#2398=ORIENTED_EDGE('',*,*,#1754,.T.);
#2399=ORIENTED_EDGE('',*,*,#1840,.T.);
#2400=ORIENTED_EDGE('',*,*,#1593,.F.);
#2401=ORIENTED_EDGE('',*,*,#1874,.F.);
#2402=ORIENTED_EDGE('',*,*,#1750,.T.);
#2403=ORIENTED_EDGE('',*,*,#1838,.T.);
#2404=ORIENTED_EDGE('',*,*,#1597,.F.);
#2405=ORIENTED_EDGE('',*,*,#1875,.F.);
#2406=ORIENTED_EDGE('',*,*,#1746,.T.);
#2407=ORIENTED_EDGE('',*,*,#1836,.T.);
#2408=ORIENTED_EDGE('',*,*,#1601,.F.);
#2409=ORIENTED_EDGE('',*,*,#1876,.F.);
#2410=ORIENTED_EDGE('',*,*,#1742,.T.);
#2411=ORIENTED_EDGE('',*,*,#1834,.T.);
#2412=ORIENTED_EDGE('',*,*,#1605,.F.);
#2413=ORIENTED_EDGE('',*,*,#1877,.F.);
#2414=ORIENTED_EDGE('',*,*,#1738,.T.);
#2415=ORIENTED_EDGE('',*,*,#1832,.T.);
#2416=ORIENTED_EDGE('',*,*,#1609,.F.);
#2417=ORIENTED_EDGE('',*,*,#1878,.F.);
#2418=ORIENTED_EDGE('',*,*,#1734,.T.);
#2419=ORIENTED_EDGE('',*,*,#1830,.T.);
#2420=ORIENTED_EDGE('',*,*,#1613,.F.);
#2421=ORIENTED_EDGE('',*,*,#1879,.F.);
#2422=ORIENTED_EDGE('',*,*,#1730,.T.);
#2423=ORIENTED_EDGE('',*,*,#1868,.T.);
#2424=ORIENTED_EDGE('',*,*,#1657,.F.);
#2425=ORIENTED_EDGE('',*,*,#1880,.F.);
#2426=ORIENTED_EDGE('',*,*,#1766,.T.);
#2427=ORIENTED_EDGE('',*,*,#1866,.T.);
#2428=ORIENTED_EDGE('',*,*,#1621,.F.);
#2429=ORIENTED_EDGE('',*,*,#1881,.F.);
#2430=ORIENTED_EDGE('',*,*,#1802,.T.);
#2431=ORIENTED_EDGE('',*,*,#1864,.T.);
#2432=ORIENTED_EDGE('',*,*,#1625,.F.);
#2433=ORIENTED_EDGE('',*,*,#1882,.F.);
#2434=ORIENTED_EDGE('',*,*,#1798,.T.);
#2435=ORIENTED_EDGE('',*,*,#1862,.T.);
#2436=ORIENTED_EDGE('',*,*,#1629,.F.);
#2437=ORIENTED_EDGE('',*,*,#1883,.F.);
#2438=ORIENTED_EDGE('',*,*,#1794,.T.);
#2439=ORIENTED_EDGE('',*,*,#1860,.T.);
#2440=ORIENTED_EDGE('',*,*,#1633,.F.);
#2441=ORIENTED_EDGE('',*,*,#1884,.F.);
#2442=ORIENTED_EDGE('',*,*,#1790,.T.);
#2443=ORIENTED_EDGE('',*,*,#1858,.T.);
#2444=ORIENTED_EDGE('',*,*,#1637,.F.);
#2445=ORIENTED_EDGE('',*,*,#1885,.F.);
#2446=ORIENTED_EDGE('',*,*,#1786,.T.);
#2447=ORIENTED_EDGE('',*,*,#1856,.T.);
#2448=ORIENTED_EDGE('',*,*,#1641,.F.);
#2449=ORIENTED_EDGE('',*,*,#1886,.F.);
#2450=ORIENTED_EDGE('',*,*,#1782,.T.);
#2451=ORIENTED_EDGE('',*,*,#1854,.T.);
#2452=ORIENTED_EDGE('',*,*,#1645,.F.);
#2453=ORIENTED_EDGE('',*,*,#1887,.F.);
#2454=ORIENTED_EDGE('',*,*,#1778,.T.);
#2455=ORIENTED_EDGE('',*,*,#1852,.T.);
#2456=ORIENTED_EDGE('',*,*,#1649,.F.);
#2457=ORIENTED_EDGE('',*,*,#1888,.F.);
#2458=ORIENTED_EDGE('',*,*,#1774,.T.);
#2459=ORIENTED_EDGE('',*,*,#1850,.T.);
#2460=ORIENTED_EDGE('',*,*,#1653,.F.);
#2461=ORIENTED_EDGE('',*,*,#1889,.F.);
#2462=ORIENTED_EDGE('',*,*,#1770,.T.);
#2463=ORIENTED_EDGE('',*,*,#1890,.F.);
#2464=ORIENTED_EDGE('',*,*,#1805,.F.);
#2465=ORIENTED_EDGE('',*,*,#1891,.F.);
#2466=ORIENTED_EDGE('',*,*,#1666,.F.);
#2467=ORIENTED_EDGE('',*,*,#1891,.T.);
#2468=ORIENTED_EDGE('',*,*,#1807,.T.);
#2469=ORIENTED_EDGE('',*,*,#1892,.T.);
#2470=ORIENTED_EDGE('',*,*,#1667,.T.);
#2471=ORIENTED_EDGE('',*,*,#1892,.F.);
#2472=ORIENTED_EDGE('',*,*,#1806,.T.);
#2473=ORIENTED_EDGE('',*,*,#1890,.T.);
#2474=ORIENTED_EDGE('',*,*,#1668,.T.);
#2475=ORIENTED_EDGE('',*,*,#1893,.F.);
#2476=ORIENTED_EDGE('',*,*,#1706,.F.);
#2477=ORIENTED_EDGE('',*,*,#1894,.T.);
#2478=ORIENTED_EDGE('',*,*,#1679,.F.);
#2479=ORIENTED_EDGE('',*,*,#1894,.F.);
#2480=ORIENTED_EDGE('',*,*,#1705,.F.);
#2481=ORIENTED_EDGE('',*,*,#1895,.F.);
#2482=ORIENTED_EDGE('',*,*,#1680,.F.);
#2483=ORIENTED_EDGE('',*,*,#1895,.T.);
#2484=ORIENTED_EDGE('',*,*,#1707,.T.);
#2485=ORIENTED_EDGE('',*,*,#1893,.T.);
#2486=ORIENTED_EDGE('',*,*,#1678,.F.);
#2487=ORIENTED_EDGE('',*,*,#1896,.F.);
#2488=ORIENTED_EDGE('',*,*,#1713,.T.);
#2489=ORIENTED_EDGE('',*,*,#1897,.F.);
#2490=ORIENTED_EDGE('',*,*,#1672,.T.);
#2491=ORIENTED_EDGE('',*,*,#1897,.T.);
#2492=ORIENTED_EDGE('',*,*,#1712,.T.);
#2493=ORIENTED_EDGE('',*,*,#1898,.T.);
#2494=ORIENTED_EDGE('',*,*,#1673,.T.);
#2495=ORIENTED_EDGE('',*,*,#1898,.F.);
#2496=ORIENTED_EDGE('',*,*,#1711,.T.);
#2497=ORIENTED_EDGE('',*,*,#1896,.T.);
#2498=ORIENTED_EDGE('',*,*,#1674,.T.);
#2499=ORIENTED_EDGE('',*,*,#1899,.F.);
#2500=ORIENTED_EDGE('',*,*,#1716,.F.);
#2501=ORIENTED_EDGE('',*,*,#1900,.T.);
#2502=ORIENTED_EDGE('',*,*,#1677,.F.);
#2503=ORIENTED_EDGE('',*,*,#1900,.F.);
#2504=ORIENTED_EDGE('',*,*,#1715,.F.);
#2505=ORIENTED_EDGE('',*,*,#1901,.T.);
#2506=ORIENTED_EDGE('',*,*,#1675,.F.);
#2507=ORIENTED_EDGE('',*,*,#1901,.F.);
#2508=ORIENTED_EDGE('',*,*,#1714,.F.);
#2509=ORIENTED_EDGE('',*,*,#1899,.T.);
#2510=ORIENTED_EDGE('',*,*,#1676,.F.);
#2511=ORIENTED_EDGE('',*,*,#1902,.F.);
#2512=ORIENTED_EDGE('',*,*,#1710,.T.);
#2513=ORIENTED_EDGE('',*,*,#1903,.F.);
#2514=ORIENTED_EDGE('',*,*,#1669,.T.);
#2515=ORIENTED_EDGE('',*,*,#1903,.T.);
#2516=ORIENTED_EDGE('',*,*,#1709,.T.);
#2517=ORIENTED_EDGE('',*,*,#1904,.T.);
#2518=ORIENTED_EDGE('',*,*,#1670,.T.);
#2519=ORIENTED_EDGE('',*,*,#1904,.F.);
#2520=ORIENTED_EDGE('',*,*,#1708,.T.);
#2521=ORIENTED_EDGE('',*,*,#1902,.T.);
#2522=ORIENTED_EDGE('',*,*,#1671,.T.);
#2523=ORIENTED_EDGE('',*,*,#1905,.T.);
#2524=ORIENTED_EDGE('',*,*,#1906,.T.);
#2525=ORIENTED_EDGE('',*,*,#1685,.T.);
#2526=ORIENTED_EDGE('',*,*,#1907,.T.);
#2527=ORIENTED_EDGE('',*,*,#1906,.F.);
#2528=ORIENTED_EDGE('',*,*,#1908,.T.);
#2529=ORIENTED_EDGE('',*,*,#1909,.F.);
#2530=ORIENTED_EDGE('',*,*,#1910,.T.);
#2531=ORIENTED_EDGE('',*,*,#1911,.T.);
#2532=ORIENTED_EDGE('',*,*,#1686,.T.);
#2533=ORIENTED_EDGE('',*,*,#1905,.F.);
#2534=ORIENTED_EDGE('',*,*,#1912,.T.);
#2535=ORIENTED_EDGE('',*,*,#1825,.T.);
#2536=ORIENTED_EDGE('',*,*,#1913,.F.);
#2537=ORIENTED_EDGE('',*,*,#1908,.F.);
#2538=ORIENTED_EDGE('',*,*,#1911,.F.);
#2539=ORIENTED_EDGE('',*,*,#1914,.T.);
#2540=ORIENTED_EDGE('',*,*,#1915,.T.);
#2541=ORIENTED_EDGE('',*,*,#1687,.T.);
#2542=ORIENTED_EDGE('',*,*,#1915,.F.);
#2543=ORIENTED_EDGE('',*,*,#1916,.F.);
#2544=ORIENTED_EDGE('',*,*,#1822,.T.);
#2545=ORIENTED_EDGE('',*,*,#1819,.T.);
#2546=ORIENTED_EDGE('',*,*,#1821,.T.);
#2547=ORIENTED_EDGE('',*,*,#1563,.T.);
#2548=ORIENTED_EDGE('',*,*,#1917,.T.);
#2549=ORIENTED_EDGE('',*,*,#1688,.T.);
#2550=ORIENTED_EDGE('',*,*,#1914,.F.);
#2551=ORIENTED_EDGE('',*,*,#1910,.F.);
#2552=ORIENTED_EDGE('',*,*,#1918,.F.);
#2553=ORIENTED_EDGE('',*,*,#1823,.T.);
#2554=ORIENTED_EDGE('',*,*,#1916,.T.);
#2555=ORIENTED_EDGE('',*,*,#1824,.F.);
#2556=ORIENTED_EDGE('',*,*,#1918,.T.);
#2557=ORIENTED_EDGE('',*,*,#1909,.T.);
#2558=ORIENTED_EDGE('',*,*,#1913,.T.);
#2559=ORIENTED_EDGE('',*,*,#1919,.F.);
#2560=ORIENTED_EDGE('',*,*,#1682,.T.);
#2561=ORIENTED_EDGE('',*,*,#1920,.F.);
#2562=ORIENTED_EDGE('',*,*,#1567,.T.);
#2563=ORIENTED_EDGE('',*,*,#1919,.T.);
#2564=ORIENTED_EDGE('',*,*,#1566,.T.);
#2565=ORIENTED_EDGE('',*,*,#1921,.F.);
#2566=ORIENTED_EDGE('',*,*,#1683,.T.);
#2567=ORIENTED_EDGE('',*,*,#1922,.F.);
#2568=ORIENTED_EDGE('',*,*,#1576,.T.);
#2569=ORIENTED_EDGE('',*,*,#1923,.F.);
#2570=ORIENTED_EDGE('',*,*,#1690,.T.);
#2571=ORIENTED_EDGE('',*,*,#1923,.T.);
#2572=ORIENTED_EDGE('',*,*,#1575,.F.);
#2573=ORIENTED_EDGE('',*,*,#1924,.F.);
#2574=ORIENTED_EDGE('',*,*,#1691,.T.);
#2575=ORIENTED_EDGE('',*,*,#1574,.F.);
#2576=ORIENTED_EDGE('',*,*,#1925,.T.);
#2577=ORIENTED_EDGE('',*,*,#1692,.T.);
#2578=ORIENTED_EDGE('',*,*,#1924,.T.);
#2579=ORIENTED_EDGE('',*,*,#1925,.F.);
#2580=ORIENTED_EDGE('',*,*,#1573,.F.);
#2581=ORIENTED_EDGE('',*,*,#1926,.F.);
#2582=ORIENTED_EDGE('',*,*,#1927,.F.);
#2583=ORIENTED_EDGE('',*,*,#1928,.F.);
#2584=ORIENTED_EDGE('',*,*,#1693,.F.);
#2585=ORIENTED_EDGE('',*,*,#1922,.T.);
#2586=ORIENTED_EDGE('',*,*,#1689,.T.);
#2587=ORIENTED_EDGE('',*,*,#1917,.F.);
#2588=ORIENTED_EDGE('',*,*,#1577,.T.);
#2589=ORIENTED_EDGE('',*,*,#1907,.F.);
#2590=ORIENTED_EDGE('',*,*,#1684,.T.);
#2591=ORIENTED_EDGE('',*,*,#1921,.T.);
#2592=ORIENTED_EDGE('',*,*,#1565,.T.);
#2593=ORIENTED_EDGE('',*,*,#1815,.T.);
#2594=ORIENTED_EDGE('',*,*,#1817,.T.);
#2595=ORIENTED_EDGE('',*,*,#1826,.F.);
#2596=ORIENTED_EDGE('',*,*,#1912,.F.);
#2597=ORIENTED_EDGE('',*,*,#1920,.T.);
#2598=ORIENTED_EDGE('',*,*,#1681,.T.);
#2599=ORIENTED_EDGE('',*,*,#1929,.F.);
#2600=ORIENTED_EDGE('',*,*,#1827,.F.);
#2601=ORIENTED_EDGE('',*,*,#1568,.T.);
#2602=ORIENTED_EDGE('',*,*,#1828,.T.);
#2603=ORIENTED_EDGE('',*,*,#1929,.T.);
#2604=ORIENTED_EDGE('',*,*,#1704,.F.);
#2605=ORIENTED_EDGE('',*,*,#1930,.F.);
#2606=ORIENTED_EDGE('',*,*,#1931,.F.);
#2607=ORIENTED_EDGE('',*,*,#1932,.T.);
#2608=ORIENTED_EDGE('',*,*,#1933,.F.);
#2609=ORIENTED_EDGE('',*,*,#1698,.F.);
#2610=ORIENTED_EDGE('',*,*,#1932,.F.);
#2611=ORIENTED_EDGE('',*,*,#1934,.F.);
#2612=ORIENTED_EDGE('',*,*,#1935,.T.);
#2613=ORIENTED_EDGE('',*,*,#1936,.T.);
#2614=ORIENTED_EDGE('',*,*,#1937,.F.);
#2615=ORIENTED_EDGE('',*,*,#1938,.T.);
#2616=ORIENTED_EDGE('',*,*,#1700,.T.);
#2617=ORIENTED_EDGE('',*,*,#1939,.T.);
#2618=ORIENTED_EDGE('',*,*,#1935,.F.);
#2619=ORIENTED_EDGE('',*,*,#1940,.F.);
#2620=ORIENTED_EDGE('',*,*,#1941,.T.);
#2621=ORIENTED_EDGE('',*,*,#1942,.T.);
#2622=ORIENTED_EDGE('',*,*,#1943,.T.);
#2623=ORIENTED_EDGE('',*,*,#1944,.T.);
#2624=ORIENTED_EDGE('',*,*,#1945,.T.);
#2625=ORIENTED_EDGE('',*,*,#1943,.F.);
#2626=ORIENTED_EDGE('',*,*,#1946,.T.);
#2627=ORIENTED_EDGE('',*,*,#1947,.T.);
#2628=ORIENTED_EDGE('',*,*,#1948,.T.);
#2629=ORIENTED_EDGE('',*,*,#1949,.F.);
#2630=ORIENTED_EDGE('',*,*,#1950,.F.);
#2631=ORIENTED_EDGE('',*,*,#1951,.F.);
#2632=ORIENTED_EDGE('',*,*,#1952,.T.);
#2633=ORIENTED_EDGE('',*,*,#1696,.F.);
#2634=ORIENTED_EDGE('',*,*,#1953,.T.);
#2635=ORIENTED_EDGE('',*,*,#1954,.T.);
#2636=ORIENTED_EDGE('',*,*,#1955,.F.);
#2637=ORIENTED_EDGE('',*,*,#1950,.T.);
#2638=ORIENTED_EDGE('',*,*,#1928,.T.);
#2639=ORIENTED_EDGE('',*,*,#1956,.F.);
#2640=ORIENTED_EDGE('',*,*,#1954,.F.);
#2641=ORIENTED_EDGE('',*,*,#1957,.F.);
#2642=ORIENTED_EDGE('',*,*,#1694,.F.);
#2643=ORIENTED_EDGE('',*,*,#1829,.T.);
#2644=ORIENTED_EDGE('',*,*,#1702,.F.);
#2645=ORIENTED_EDGE('',*,*,#1958,.T.);
#2646=ORIENTED_EDGE('',*,*,#1570,.F.);
#2647=ORIENTED_EDGE('',*,*,#1938,.F.);
#2648=ORIENTED_EDGE('',*,*,#1959,.F.);
#2649=ORIENTED_EDGE('',*,*,#1960,.T.);
#2650=ORIENTED_EDGE('',*,*,#1961,.F.);
#2651=ORIENTED_EDGE('',*,*,#1962,.T.);
#2652=ORIENTED_EDGE('',*,*,#1571,.F.);
#2653=ORIENTED_EDGE('',*,*,#1958,.F.);
#2654=ORIENTED_EDGE('',*,*,#1701,.T.);
#2655=ORIENTED_EDGE('',*,*,#1927,.T.);
#2656=ORIENTED_EDGE('',*,*,#1963,.T.);
#2657=ORIENTED_EDGE('',*,*,#1961,.T.);
#2658=ORIENTED_EDGE('',*,*,#1964,.T.);
#2659=ORIENTED_EDGE('',*,*,#1965,.F.);
#2660=ORIENTED_EDGE('',*,*,#1966,.F.);
#2661=ORIENTED_EDGE('',*,*,#1967,.F.);
#2662=ORIENTED_EDGE('',*,*,#1968,.F.);
#2663=ORIENTED_EDGE('',*,*,#1941,.F.);
#2664=ORIENTED_EDGE('',*,*,#1969,.F.);
#2665=ORIENTED_EDGE('',*,*,#1970,.T.);
#2666=ORIENTED_EDGE('',*,*,#1971,.T.);
#2667=ORIENTED_EDGE('',*,*,#1972,.F.);
#2668=ORIENTED_EDGE('',*,*,#1973,.F.);
#2669=ORIENTED_EDGE('',*,*,#1974,.F.);
#2670=ORIENTED_EDGE('',*,*,#1975,.T.);
#2671=ORIENTED_EDGE('',*,*,#1976,.T.);
#2672=ORIENTED_EDGE('',*,*,#1951,.T.);
#2673=ORIENTED_EDGE('',*,*,#1955,.T.);
#2674=ORIENTED_EDGE('',*,*,#1956,.T.);
#2675=ORIENTED_EDGE('',*,*,#1965,.T.);
#2676=ORIENTED_EDGE('',*,*,#1977,.T.);
#2677=ORIENTED_EDGE('',*,*,#1930,.T.);
#2678=ORIENTED_EDGE('',*,*,#1697,.F.);
#2679=ORIENTED_EDGE('',*,*,#1952,.F.);
#2680=ORIENTED_EDGE('',*,*,#1976,.F.);
#2681=ORIENTED_EDGE('',*,*,#1978,.F.);
#2682=ORIENTED_EDGE('',*,*,#1979,.F.);
#2683=ORIENTED_EDGE('',*,*,#1980,.F.);
#2684=ORIENTED_EDGE('',*,*,#1970,.F.);
#2685=ORIENTED_EDGE('',*,*,#1981,.F.);
#2686=ORIENTED_EDGE('',*,*,#1944,.F.);
#2687=ORIENTED_EDGE('',*,*,#1982,.F.);
#2688=ORIENTED_EDGE('',*,*,#1723,.T.);
#2689=ORIENTED_EDGE('',*,*,#1983,.T.);
#2690=ORIENTED_EDGE('',*,*,#1660,.F.);
#2691=ORIENTED_EDGE('',*,*,#1984,.F.);
#2692=ORIENTED_EDGE('',*,*,#1985,.T.);
#2693=ORIENTED_EDGE('',*,*,#1717,.T.);
#2694=ORIENTED_EDGE('',*,*,#1986,.T.);
#2695=ORIENTED_EDGE('',*,*,#1658,.F.);
#2696=ORIENTED_EDGE('',*,*,#1987,.F.);
#2697=ORIENTED_EDGE('',*,*,#1719,.T.);
#2698=ORIENTED_EDGE('',*,*,#1988,.T.);
#2699=ORIENTED_EDGE('',*,*,#1664,.F.);
#2700=ORIENTED_EDGE('',*,*,#1721,.T.);
#2701=ORIENTED_EDGE('',*,*,#1989,.T.);
#2702=ORIENTED_EDGE('',*,*,#1662,.F.);
#2703=ORIENTED_EDGE('',*,*,#1990,.F.);
#2704=ORIENTED_EDGE('',*,*,#1841,.T.);
#2705=ORIENTED_EDGE('',*,*,#1748,.T.);
#2706=ORIENTED_EDGE('',*,*,#1991,.T.);
#2707=ORIENTED_EDGE('',*,*,#1595,.F.);
#2708=ORIENTED_EDGE('',*,*,#1991,.F.);
#2709=ORIENTED_EDGE('',*,*,#1747,.T.);
#2710=ORIENTED_EDGE('',*,*,#1875,.T.);
#2711=ORIENTED_EDGE('',*,*,#1596,.F.);
#2712=ORIENTED_EDGE('',*,*,#1839,.T.);
#2713=ORIENTED_EDGE('',*,*,#1744,.T.);
#2714=ORIENTED_EDGE('',*,*,#1992,.T.);
#2715=ORIENTED_EDGE('',*,*,#1599,.F.);
#2716=ORIENTED_EDGE('',*,*,#1992,.F.);
#2717=ORIENTED_EDGE('',*,*,#1743,.T.);
#2718=ORIENTED_EDGE('',*,*,#1876,.T.);
#2719=ORIENTED_EDGE('',*,*,#1600,.F.);
#2720=ORIENTED_EDGE('',*,*,#1837,.T.);
#2721=ORIENTED_EDGE('',*,*,#1740,.T.);
#2722=ORIENTED_EDGE('',*,*,#1993,.T.);
#2723=ORIENTED_EDGE('',*,*,#1603,.F.);
#2724=ORIENTED_EDGE('',*,*,#1993,.F.);
#2725=ORIENTED_EDGE('',*,*,#1739,.T.);
#2726=ORIENTED_EDGE('',*,*,#1877,.T.);
#2727=ORIENTED_EDGE('',*,*,#1604,.F.);
#2728=ORIENTED_EDGE('',*,*,#1835,.T.);
#2729=ORIENTED_EDGE('',*,*,#1736,.T.);
#2730=ORIENTED_EDGE('',*,*,#1994,.T.);
#2731=ORIENTED_EDGE('',*,*,#1607,.F.);
#2732=ORIENTED_EDGE('',*,*,#1994,.F.);
#2733=ORIENTED_EDGE('',*,*,#1735,.T.);
#2734=ORIENTED_EDGE('',*,*,#1878,.T.);
#2735=ORIENTED_EDGE('',*,*,#1608,.F.);
#2736=ORIENTED_EDGE('',*,*,#1833,.T.);
#2737=ORIENTED_EDGE('',*,*,#1732,.T.);
#2738=ORIENTED_EDGE('',*,*,#1995,.T.);
#2739=ORIENTED_EDGE('',*,*,#1611,.F.);
#2740=ORIENTED_EDGE('',*,*,#1995,.F.);
#2741=ORIENTED_EDGE('',*,*,#1731,.T.);
#2742=ORIENTED_EDGE('',*,*,#1879,.T.);
#2743=ORIENTED_EDGE('',*,*,#1612,.F.);
#2744=ORIENTED_EDGE('',*,*,#1831,.T.);
#2745=ORIENTED_EDGE('',*,*,#1728,.T.);
#2746=ORIENTED_EDGE('',*,*,#1996,.T.);
#2747=ORIENTED_EDGE('',*,*,#1615,.F.);
#2748=ORIENTED_EDGE('',*,*,#1996,.F.);
#2749=ORIENTED_EDGE('',*,*,#1727,.T.);
#2750=ORIENTED_EDGE('',*,*,#1870,.T.);
#2751=ORIENTED_EDGE('',*,*,#1616,.F.);
#2752=ORIENTED_EDGE('',*,*,#1849,.T.);
#2753=ORIENTED_EDGE('',*,*,#1764,.T.);
#2754=ORIENTED_EDGE('',*,*,#1997,.T.);
#2755=ORIENTED_EDGE('',*,*,#1579,.F.);
#2756=ORIENTED_EDGE('',*,*,#1997,.F.);
#2757=ORIENTED_EDGE('',*,*,#1763,.T.);
#2758=ORIENTED_EDGE('',*,*,#1871,.T.);
#2759=ORIENTED_EDGE('',*,*,#1580,.F.);
#2760=ORIENTED_EDGE('',*,*,#1847,.T.);
#2761=ORIENTED_EDGE('',*,*,#1760,.T.);
#2762=ORIENTED_EDGE('',*,*,#1998,.T.);
#2763=ORIENTED_EDGE('',*,*,#1583,.F.);
#2764=ORIENTED_EDGE('',*,*,#1998,.F.);
#2765=ORIENTED_EDGE('',*,*,#1759,.T.);
#2766=ORIENTED_EDGE('',*,*,#1872,.T.);
#2767=ORIENTED_EDGE('',*,*,#1584,.F.);
#2768=ORIENTED_EDGE('',*,*,#1845,.T.);
#2769=ORIENTED_EDGE('',*,*,#1756,.T.);
#2770=ORIENTED_EDGE('',*,*,#1999,.T.);
#2771=ORIENTED_EDGE('',*,*,#1587,.F.);
#2772=ORIENTED_EDGE('',*,*,#1999,.F.);
#2773=ORIENTED_EDGE('',*,*,#1755,.T.);
#2774=ORIENTED_EDGE('',*,*,#1873,.T.);
#2775=ORIENTED_EDGE('',*,*,#1588,.F.);
#2776=ORIENTED_EDGE('',*,*,#1843,.T.);
#2777=ORIENTED_EDGE('',*,*,#1752,.T.);
#2778=ORIENTED_EDGE('',*,*,#2000,.T.);
#2779=ORIENTED_EDGE('',*,*,#1591,.F.);
#2780=ORIENTED_EDGE('',*,*,#2000,.F.);
#2781=ORIENTED_EDGE('',*,*,#1751,.T.);
#2782=ORIENTED_EDGE('',*,*,#1874,.T.);
#2783=ORIENTED_EDGE('',*,*,#1592,.F.);
#2784=ORIENTED_EDGE('',*,*,#1859,.T.);
#2785=ORIENTED_EDGE('',*,*,#1784,.T.);
#2786=ORIENTED_EDGE('',*,*,#2001,.T.);
#2787=ORIENTED_EDGE('',*,*,#1639,.F.);
#2788=ORIENTED_EDGE('',*,*,#2001,.F.);
#2789=ORIENTED_EDGE('',*,*,#1783,.T.);
#2790=ORIENTED_EDGE('',*,*,#1886,.T.);
#2791=ORIENTED_EDGE('',*,*,#1640,.F.);
#2792=ORIENTED_EDGE('',*,*,#1857,.T.);
#2793=ORIENTED_EDGE('',*,*,#1780,.T.);
#2794=ORIENTED_EDGE('',*,*,#2002,.T.);
#2795=ORIENTED_EDGE('',*,*,#1643,.F.);
#2796=ORIENTED_EDGE('',*,*,#2002,.F.);
#2797=ORIENTED_EDGE('',*,*,#1779,.T.);
#2798=ORIENTED_EDGE('',*,*,#1887,.T.);
#2799=ORIENTED_EDGE('',*,*,#1644,.F.);
#2800=ORIENTED_EDGE('',*,*,#1855,.T.);
#2801=ORIENTED_EDGE('',*,*,#1776,.T.);
#2802=ORIENTED_EDGE('',*,*,#2003,.T.);
#2803=ORIENTED_EDGE('',*,*,#1647,.F.);
#2804=ORIENTED_EDGE('',*,*,#2003,.F.);
#2805=ORIENTED_EDGE('',*,*,#1775,.T.);
#2806=ORIENTED_EDGE('',*,*,#1888,.T.);
#2807=ORIENTED_EDGE('',*,*,#1648,.F.);
#2808=ORIENTED_EDGE('',*,*,#1853,.T.);
#2809=ORIENTED_EDGE('',*,*,#1772,.T.);
#2810=ORIENTED_EDGE('',*,*,#2004,.T.);
#2811=ORIENTED_EDGE('',*,*,#1651,.F.);
#2812=ORIENTED_EDGE('',*,*,#2004,.F.);
#2813=ORIENTED_EDGE('',*,*,#1771,.T.);
#2814=ORIENTED_EDGE('',*,*,#1889,.T.);
#2815=ORIENTED_EDGE('',*,*,#1652,.F.);
#2816=ORIENTED_EDGE('',*,*,#1851,.T.);
#2817=ORIENTED_EDGE('',*,*,#1768,.T.);
#2818=ORIENTED_EDGE('',*,*,#2005,.T.);
#2819=ORIENTED_EDGE('',*,*,#1655,.F.);
#2820=ORIENTED_EDGE('',*,*,#2005,.F.);
#2821=ORIENTED_EDGE('',*,*,#1767,.T.);
#2822=ORIENTED_EDGE('',*,*,#1880,.T.);
#2823=ORIENTED_EDGE('',*,*,#1656,.F.);
#2824=ORIENTED_EDGE('',*,*,#1869,.T.);
#2825=ORIENTED_EDGE('',*,*,#1804,.T.);
#2826=ORIENTED_EDGE('',*,*,#2006,.T.);
#2827=ORIENTED_EDGE('',*,*,#1619,.F.);
#2828=ORIENTED_EDGE('',*,*,#2006,.F.);
#2829=ORIENTED_EDGE('',*,*,#1803,.T.);
#2830=ORIENTED_EDGE('',*,*,#1881,.T.);
#2831=ORIENTED_EDGE('',*,*,#1620,.F.);
#2832=ORIENTED_EDGE('',*,*,#1867,.T.);
#2833=ORIENTED_EDGE('',*,*,#1800,.T.);
#2834=ORIENTED_EDGE('',*,*,#2007,.T.);
#2835=ORIENTED_EDGE('',*,*,#1623,.F.);
#2836=ORIENTED_EDGE('',*,*,#2007,.F.);
#2837=ORIENTED_EDGE('',*,*,#1799,.T.);
#2838=ORIENTED_EDGE('',*,*,#1882,.T.);
#2839=ORIENTED_EDGE('',*,*,#1624,.F.);
#2840=ORIENTED_EDGE('',*,*,#1865,.T.);
#2841=ORIENTED_EDGE('',*,*,#1796,.T.);
#2842=ORIENTED_EDGE('',*,*,#2008,.T.);
#2843=ORIENTED_EDGE('',*,*,#1627,.F.);
#2844=ORIENTED_EDGE('',*,*,#2008,.F.);
#2845=ORIENTED_EDGE('',*,*,#1795,.T.);
#2846=ORIENTED_EDGE('',*,*,#1883,.T.);
#2847=ORIENTED_EDGE('',*,*,#1628,.F.);
#2848=ORIENTED_EDGE('',*,*,#1863,.T.);
#2849=ORIENTED_EDGE('',*,*,#1792,.T.);
#2850=ORIENTED_EDGE('',*,*,#2009,.T.);
#2851=ORIENTED_EDGE('',*,*,#1631,.F.);
#2852=ORIENTED_EDGE('',*,*,#2009,.F.);
#2853=ORIENTED_EDGE('',*,*,#1791,.T.);
#2854=ORIENTED_EDGE('',*,*,#1884,.T.);
#2855=ORIENTED_EDGE('',*,*,#1632,.F.);
#2856=ORIENTED_EDGE('',*,*,#1861,.T.);
#2857=ORIENTED_EDGE('',*,*,#1788,.T.);
#2858=ORIENTED_EDGE('',*,*,#2010,.T.);
#2859=ORIENTED_EDGE('',*,*,#1635,.F.);
#2860=ORIENTED_EDGE('',*,*,#2010,.F.);
#2861=ORIENTED_EDGE('',*,*,#1787,.T.);
#2862=ORIENTED_EDGE('',*,*,#1885,.T.);
#2863=ORIENTED_EDGE('',*,*,#1636,.F.);
#2864=ORIENTED_EDGE('',*,*,#1933,.T.);
#2865=ORIENTED_EDGE('',*,*,#1936,.F.);
#2866=ORIENTED_EDGE('',*,*,#1939,.F.);
#2867=ORIENTED_EDGE('',*,*,#1699,.F.);
#2868=ORIENTED_EDGE('',*,*,#1949,.T.);
#2869=ORIENTED_EDGE('',*,*,#1695,.F.);
#2870=ORIENTED_EDGE('',*,*,#1957,.T.);
#2871=ORIENTED_EDGE('',*,*,#1953,.F.);
#2872=ORIENTED_EDGE('',*,*,#2011,.F.);
#2873=ORIENTED_EDGE('',*,*,#2012,.T.);
#2874=ORIENTED_EDGE('',*,*,#2013,.F.);
#2875=ORIENTED_EDGE('',*,*,#1972,.T.);
#2876=ORIENTED_EDGE('',*,*,#2012,.F.);
#2877=ORIENTED_EDGE('',*,*,#2014,.F.);
#2878=ORIENTED_EDGE('',*,*,#1979,.T.);
#2879=ORIENTED_EDGE('',*,*,#2015,.F.);
#2880=ORIENTED_EDGE('',*,*,#2016,.T.);
#2881=ORIENTED_EDGE('',*,*,#2017,.T.);
#2882=ORIENTED_EDGE('',*,*,#1948,.F.);
#2883=ORIENTED_EDGE('',*,*,#2018,.F.);
#2884=ORIENTED_EDGE('',*,*,#1966,.T.);
#2885=ORIENTED_EDGE('',*,*,#1982,.T.);
#2886=ORIENTED_EDGE('',*,*,#1975,.F.);
#2887=ORIENTED_EDGE('',*,*,#2019,.T.);
#2888=ORIENTED_EDGE('',*,*,#2015,.T.);
#2889=ORIENTED_EDGE('',*,*,#1978,.T.);
#2890=ORIENTED_EDGE('',*,*,#1945,.F.);
#2891=ORIENTED_EDGE('',*,*,#1981,.T.);
#2892=ORIENTED_EDGE('',*,*,#1969,.T.);
#2893=ORIENTED_EDGE('',*,*,#1940,.T.);
#2894=ORIENTED_EDGE('',*,*,#1980,.T.);
#2895=ORIENTED_EDGE('',*,*,#2014,.T.);
#2896=ORIENTED_EDGE('',*,*,#2011,.T.);
#2897=ORIENTED_EDGE('',*,*,#1971,.F.);
#2898=ORIENTED_EDGE('',*,*,#2019,.F.);
#2899=ORIENTED_EDGE('',*,*,#1974,.T.);
#2900=ORIENTED_EDGE('',*,*,#2020,.T.);
#2901=ORIENTED_EDGE('',*,*,#2016,.F.);
#2902=ORIENTED_EDGE('',*,*,#2020,.F.);
#2903=ORIENTED_EDGE('',*,*,#1973,.T.);
#2904=ORIENTED_EDGE('',*,*,#2013,.T.);
#2905=ORIENTED_EDGE('',*,*,#2017,.F.);
#2906=ORIENTED_EDGE('',*,*,#1942,.F.);
#2907=ORIENTED_EDGE('',*,*,#1968,.T.);
#2908=ORIENTED_EDGE('',*,*,#2021,.T.);
#2909=ORIENTED_EDGE('',*,*,#1946,.F.);
#2910=ORIENTED_EDGE('',*,*,#2021,.F.);
#2911=ORIENTED_EDGE('',*,*,#1967,.T.);
#2912=ORIENTED_EDGE('',*,*,#2018,.T.);
#2913=ORIENTED_EDGE('',*,*,#1947,.F.);
#2914=ORIENTED_EDGE('',*,*,#1989,.F.);
#2915=ORIENTED_EDGE('',*,*,#1720,.F.);
#2916=ORIENTED_EDGE('',*,*,#1987,.T.);
#2917=ORIENTED_EDGE('',*,*,#1663,.F.);
#2918=ORIENTED_EDGE('',*,*,#1988,.F.);
#2919=ORIENTED_EDGE('',*,*,#1718,.F.);
#2920=ORIENTED_EDGE('',*,*,#1985,.F.);
#2921=ORIENTED_EDGE('',*,*,#1665,.F.);
#2922=ORIENTED_EDGE('',*,*,#1983,.F.);
#2923=ORIENTED_EDGE('',*,*,#1722,.F.);
#2924=ORIENTED_EDGE('',*,*,#1990,.T.);
#2925=ORIENTED_EDGE('',*,*,#1661,.F.);
#2926=ORIENTED_EDGE('',*,*,#1986,.F.);
#2927=ORIENTED_EDGE('',*,*,#1724,.F.);
#2928=ORIENTED_EDGE('',*,*,#1984,.T.);
#2929=ORIENTED_EDGE('',*,*,#1659,.F.);
#2930=ORIENTED_EDGE('',*,*,#1926,.T.);
#2931=ORIENTED_EDGE('',*,*,#1572,.F.);
#2932=ORIENTED_EDGE('',*,*,#1962,.F.);
#2933=ORIENTED_EDGE('',*,*,#1963,.F.);
#2934=ORIENTED_EDGE('',*,*,#1937,.T.);
#2935=ORIENTED_EDGE('',*,*,#1934,.T.);
#2936=ORIENTED_EDGE('',*,*,#1931,.T.);
#2937=ORIENTED_EDGE('',*,*,#2022,.T.);
#2938=ORIENTED_EDGE('',*,*,#1959,.T.);
#2939=ORIENTED_EDGE('',*,*,#1977,.F.);
#2940=ORIENTED_EDGE('',*,*,#1964,.F.);
#2941=ORIENTED_EDGE('',*,*,#1960,.F.);
#2942=ORIENTED_EDGE('',*,*,#2022,.F.);
#2943=PLANE('',#3245);
#2944=PLANE('',#3269);
#2945=PLANE('',#3298);
#2946=PLANE('',#3299);
#2947=PLANE('',#3300);
#2948=PLANE('',#3301);
#2949=PLANE('',#3302);
#2950=PLANE('',#3303);
#2951=PLANE('',#3305);
#2952=PLANE('',#3326);
#2953=PLANE('',#3327);
#2954=PLANE('',#3328);
#2955=PLANE('',#3329);
#2956=PLANE('',#3330);
#2957=PLANE('',#3331);
#2958=PLANE('',#3332);
#2959=PLANE('',#3333);
#2960=PLANE('',#3334);
#2961=PLANE('',#3335);
#2962=PLANE('',#3336);
#2963=PLANE('',#3337);
#2964=PLANE('',#3338);
#2965=PLANE('',#3339);
#2966=PLANE('',#3340);
#2967=PLANE('',#3341);
#2968=PLANE('',#3342);
#2969=PLANE('',#3343);
#2970=PLANE('',#3344);
#2971=PLANE('',#3345);
#2972=PLANE('',#3346);
#2973=PLANE('',#3347);
#2974=PLANE('',#3348);
#2975=PLANE('',#3349);
#2976=PLANE('',#3350);
#2977=PLANE('',#3351);
#2978=PLANE('',#3352);
#2979=PLANE('',#3353);
#2980=PLANE('',#3354);
#2981=PLANE('',#3355);
#2982=PLANE('',#3356);
#2983=PLANE('',#3357);
#2984=PLANE('',#3358);
#2985=PLANE('',#3359);
#2986=PLANE('',#3360);
#2987=PLANE('',#3363);
#2988=PLANE('',#3365);
#2989=PLANE('',#3368);
#2990=PLANE('',#3369);
#2991=PLANE('',#3372);
#2992=PLANE('',#3374);
#2993=PLANE('',#3376);
#2994=PLANE('',#3377);
#2995=PLANE('',#3378);
#2996=PLANE('',#3379);
#2997=PLANE('',#3380);
#2998=PLANE('',#3381);
#2999=PLANE('',#3382);
#3000=PLANE('',#3383);
#3001=PLANE('',#3384);
#3002=PLANE('',#3385);
#3003=PLANE('',#3386);
#3004=PLANE('',#3387);
#3005=PLANE('',#3388);
#3006=PLANE('',#3389);
#3007=PLANE('',#3390);
#3008=PLANE('',#3391);
#3009=PLANE('',#3392);
#3010=PLANE('',#3393);
#3011=PLANE('',#3394);
#3012=PLANE('',#3395);
#3013=PLANE('',#3396);
#3014=PLANE('',#3397);
#3015=PLANE('',#3398);
#3016=PLANE('',#3399);
#3017=PLANE('',#3400);
#3018=PLANE('',#3401);
#3019=PLANE('',#3402);
#3020=PLANE('',#3403);
#3021=PLANE('',#3404);
#3022=PLANE('',#3405);
#3023=PLANE('',#3406);
#3024=PLANE('',#3407);
#3025=PLANE('',#3408);
#3026=PLANE('',#3409);
#3027=PLANE('',#3410);
#3028=PLANE('',#3411);
#3029=PLANE('',#3412);
#3030=PLANE('',#3413);
#3031=PLANE('',#3414);
#3032=PLANE('',#3415);
#3033=PLANE('',#3416);
#3034=PLANE('',#3417);
#3035=PLANE('',#3418);
#3036=PLANE('',#3419);
#3037=PLANE('',#3420);
#3038=PLANE('',#3421);
#3039=PLANE('',#3422);
#3040=PLANE('',#3423);
#3041=PLANE('',#3424);
#3042=PLANE('',#3425);
#3043=PLANE('',#3426);
#3044=PLANE('',#3427);
#3045=PLANE('',#3428);
#3046=PLANE('',#3429);
#3047=PLANE('',#3430);
#3048=PLANE('',#3431);
#3049=PLANE('',#3432);
#3050=PLANE('',#3433);
#3051=PLANE('',#3434);
#3052=PLANE('',#3435);
#3053=PLANE('',#3436);
#3054=PLANE('',#3437);
#3055=PLANE('',#3438);
#3056=PLANE('',#3439);
#3057=PLANE('',#3440);
#3058=PLANE('',#3441);
#3059=PLANE('',#3442);
#3060=PLANE('',#3443);
#3061=PLANE('',#3444);
#3062=PLANE('',#3445);
#3063=PLANE('',#3446);
#3064=PLANE('',#3447);
#3065=PLANE('',#3448);
#3066=PLANE('',#3449);
#3067=PLANE('',#3450);
#3068=PLANE('',#3451);
#3069=PLANE('',#3452);
#3070=PLANE('',#3453);
#3071=PLANE('',#3454);
#3072=PLANE('',#3455);
#3073=ADVANCED_FACE('',(#64,#48,#49,#50,#51,#52,#53,#54,#55),#2943,.T.);
#3074=ADVANCED_FACE('',(#65,#56,#57,#58,#59,#60,#61,#62,#63),#2944,.F.);
#3075=ADVANCED_FACE('',(#66),#21,.F.);
#3076=ADVANCED_FACE('',(#67),#2945,.F.);
#3077=ADVANCED_FACE('',(#68),#2946,.F.);
#3078=ADVANCED_FACE('',(#69),#2947,.T.);
#3079=ADVANCED_FACE('',(#70),#2948,.T.);
#3080=ADVANCED_FACE('',(#71),#2949,.F.);
#3081=ADVANCED_FACE('',(#72),#2950,.F.);
#3082=ADVANCED_FACE('',(#73),#2951,.T.);
#3083=ADVANCED_FACE('',(#74),#22,.F.);
#3084=ADVANCED_FACE('',(#75),#23,.F.);
#3085=ADVANCED_FACE('',(#76),#24,.F.);
#3086=ADVANCED_FACE('',(#77),#25,.F.);
#3087=ADVANCED_FACE('',(#78),#26,.F.);
#3088=ADVANCED_FACE('',(#79),#27,.F.);
#3089=ADVANCED_FACE('',(#80),#28,.F.);
#3090=ADVANCED_FACE('',(#81),#29,.F.);
#3091=ADVANCED_FACE('',(#82),#30,.F.);
#3092=ADVANCED_FACE('',(#83),#31,.F.);
#3093=ADVANCED_FACE('',(#84),#32,.F.);
#3094=ADVANCED_FACE('',(#85),#33,.F.);
#3095=ADVANCED_FACE('',(#86),#34,.F.);
#3096=ADVANCED_FACE('',(#87),#35,.F.);
#3097=ADVANCED_FACE('',(#88),#36,.F.);
#3098=ADVANCED_FACE('',(#89),#37,.F.);
#3099=ADVANCED_FACE('',(#90),#38,.F.);
#3100=ADVANCED_FACE('',(#91),#39,.F.);
#3101=ADVANCED_FACE('',(#92),#40,.F.);
#3102=ADVANCED_FACE('',(#93),#41,.F.);
#3103=ADVANCED_FACE('',(#94),#2952,.F.);
#3104=ADVANCED_FACE('',(#95),#2953,.F.);
#3105=ADVANCED_FACE('',(#96),#2954,.F.);
#3106=ADVANCED_FACE('',(#97),#2955,.F.);
#3107=ADVANCED_FACE('',(#98),#2956,.F.);
#3108=ADVANCED_FACE('',(#99),#2957,.F.);
#3109=ADVANCED_FACE('',(#100),#2958,.F.);
#3110=ADVANCED_FACE('',(#101),#2959,.F.);
#3111=ADVANCED_FACE('',(#102),#2960,.F.);
#3112=ADVANCED_FACE('',(#103),#2961,.F.);
#3113=ADVANCED_FACE('',(#104),#2962,.F.);
#3114=ADVANCED_FACE('',(#105),#2963,.F.);
#3115=ADVANCED_FACE('',(#106),#2964,.F.);
#3116=ADVANCED_FACE('',(#107),#2965,.F.);
#3117=ADVANCED_FACE('',(#108),#2966,.F.);
#3118=ADVANCED_FACE('',(#109),#2967,.F.);
#3119=ADVANCED_FACE('',(#110),#2968,.F.);
#3120=ADVANCED_FACE('',(#111),#2969,.F.);
#3121=ADVANCED_FACE('',(#112),#2970,.F.);
#3122=ADVANCED_FACE('',(#113),#2971,.F.);
#3123=ADVANCED_FACE('',(#114),#2972,.F.);
#3124=ADVANCED_FACE('',(#115),#2973,.F.);
#3125=ADVANCED_FACE('',(#116),#2974,.F.);
#3126=ADVANCED_FACE('',(#117),#2975,.F.);
#3127=ADVANCED_FACE('',(#118),#2976,.F.);
#3128=ADVANCED_FACE('',(#119),#2977,.F.);
#3129=ADVANCED_FACE('',(#120),#2978,.F.);
#3130=ADVANCED_FACE('',(#121),#2979,.F.);
#3131=ADVANCED_FACE('',(#122),#2980,.F.);
#3132=ADVANCED_FACE('',(#123),#2981,.F.);
#3133=ADVANCED_FACE('',(#124),#2982,.F.);
#3134=ADVANCED_FACE('',(#125),#2983,.F.);
#3135=ADVANCED_FACE('',(#126),#2984,.F.);
#3136=ADVANCED_FACE('',(#127),#2985,.F.);
#3137=ADVANCED_FACE('',(#128),#2986,.F.);
#3138=ADVANCED_FACE('',(#129),#42,.T.);
#3139=ADVANCED_FACE('',(#130),#2987,.T.);
#3140=ADVANCED_FACE('',(#131),#2988,.F.);
#3141=ADVANCED_FACE('',(#132),#43,.T.);
#3142=ADVANCED_FACE('',(#133),#2989,.F.);
#3143=ADVANCED_FACE('',(#134),#2990,.F.);
#3144=ADVANCED_FACE('',(#135),#44,.F.);
#3145=ADVANCED_FACE('',(#136),#45,.T.);
#3146=ADVANCED_FACE('',(#137),#2991,.T.);
#3147=ADVANCED_FACE('',(#138),#46,.T.);
#3148=ADVANCED_FACE('',(#139),#2992,.T.);
#3149=ADVANCED_FACE('',(#140),#47,.T.);
#3150=ADVANCED_FACE('',(#141),#2993,.T.);
#3151=ADVANCED_FACE('',(#142),#2994,.T.);
#3152=ADVANCED_FACE('',(#143),#2995,.F.);
#3153=ADVANCED_FACE('',(#144),#2996,.F.);
#3154=ADVANCED_FACE('',(#145),#2997,.F.);
#3155=ADVANCED_FACE('',(#146),#2998,.T.);
#3156=ADVANCED_FACE('',(#147),#2999,.T.);
#3157=ADVANCED_FACE('',(#148),#3000,.T.);
#3158=ADVANCED_FACE('',(#149),#3001,.T.);
#3159=ADVANCED_FACE('',(#150),#3002,.F.);
#3160=ADVANCED_FACE('',(#151),#3003,.T.);
#3161=ADVANCED_FACE('',(#152),#3004,.T.);
#3162=ADVANCED_FACE('',(#153),#3005,.F.);
#3163=ADVANCED_FACE('',(#154),#3006,.F.);
#3164=ADVANCED_FACE('',(#155),#3007,.F.);
#3165=ADVANCED_FACE('',(#156),#3008,.T.);
#3166=ADVANCED_FACE('',(#157),#3009,.T.);
#3167=ADVANCED_FACE('',(#158),#3010,.F.);
#3168=ADVANCED_FACE('',(#159),#3011,.F.);
#3169=ADVANCED_FACE('',(#160),#3012,.F.);
#3170=ADVANCED_FACE('',(#161),#3013,.F.);
#3171=ADVANCED_FACE('',(#162),#3014,.F.);
#3172=ADVANCED_FACE('',(#163),#3015,.F.);
#3173=ADVANCED_FACE('',(#164),#3016,.F.);
#3174=ADVANCED_FACE('',(#165),#3017,.F.);
#3175=ADVANCED_FACE('',(#166),#3018,.F.);
#3176=ADVANCED_FACE('',(#167),#3019,.F.);
#3177=ADVANCED_FACE('',(#168),#3020,.F.);
#3178=ADVANCED_FACE('',(#169),#3021,.F.);
#3179=ADVANCED_FACE('',(#170),#3022,.F.);
#3180=ADVANCED_FACE('',(#171),#3023,.F.);
#3181=ADVANCED_FACE('',(#172),#3024,.F.);
#3182=ADVANCED_FACE('',(#173),#3025,.F.);
#3183=ADVANCED_FACE('',(#174),#3026,.F.);
#3184=ADVANCED_FACE('',(#175),#3027,.F.);
#3185=ADVANCED_FACE('',(#176),#3028,.F.);
#3186=ADVANCED_FACE('',(#177),#3029,.F.);
#3187=ADVANCED_FACE('',(#178),#3030,.F.);
#3188=ADVANCED_FACE('',(#179),#3031,.F.);
#3189=ADVANCED_FACE('',(#180),#3032,.F.);
#3190=ADVANCED_FACE('',(#181),#3033,.F.);
#3191=ADVANCED_FACE('',(#182),#3034,.F.);
#3192=ADVANCED_FACE('',(#183),#3035,.F.);
#3193=ADVANCED_FACE('',(#184),#3036,.F.);
#3194=ADVANCED_FACE('',(#185),#3037,.F.);
#3195=ADVANCED_FACE('',(#186),#3038,.F.);
#3196=ADVANCED_FACE('',(#187),#3039,.F.);
#3197=ADVANCED_FACE('',(#188),#3040,.F.);
#3198=ADVANCED_FACE('',(#189),#3041,.F.);
#3199=ADVANCED_FACE('',(#190),#3042,.F.);
#3200=ADVANCED_FACE('',(#191),#3043,.F.);
#3201=ADVANCED_FACE('',(#192),#3044,.F.);
#3202=ADVANCED_FACE('',(#193),#3045,.F.);
#3203=ADVANCED_FACE('',(#194),#3046,.F.);
#3204=ADVANCED_FACE('',(#195),#3047,.F.);
#3205=ADVANCED_FACE('',(#196),#3048,.F.);
#3206=ADVANCED_FACE('',(#197),#3049,.F.);
#3207=ADVANCED_FACE('',(#198),#3050,.F.);
#3208=ADVANCED_FACE('',(#199),#3051,.F.);
#3209=ADVANCED_FACE('',(#200),#3052,.F.);
#3210=ADVANCED_FACE('',(#201),#3053,.F.);
#3211=ADVANCED_FACE('',(#202),#3054,.F.);
#3212=ADVANCED_FACE('',(#203),#3055,.F.);
#3213=ADVANCED_FACE('',(#204),#3056,.T.);
#3214=ADVANCED_FACE('',(#205),#3057,.F.);
#3215=ADVANCED_FACE('',(#206),#3058,.F.);
#3216=ADVANCED_FACE('',(#207),#3059,.F.);
#3217=ADVANCED_FACE('',(#208),#3060,.F.);
#3218=ADVANCED_FACE('',(#209),#3061,.F.);
#3219=ADVANCED_FACE('',(#210),#3062,.T.);
#3220=ADVANCED_FACE('',(#211),#3063,.T.);
#3221=ADVANCED_FACE('',(#212),#3064,.T.);
#3222=ADVANCED_FACE('',(#213),#3065,.T.);
#3223=ADVANCED_FACE('',(#214),#3066,.T.);
#3224=ADVANCED_FACE('',(#215),#3067,.T.);
#3225=ADVANCED_FACE('',(#216),#3068,.T.);
#3226=ADVANCED_FACE('',(#217),#3069,.T.);
#3227=ADVANCED_FACE('',(#218),#3070,.T.);
#3228=ADVANCED_FACE('',(#219),#3071,.T.);
#3229=ADVANCED_FACE('',(#220),#3072,.T.);
#3230=CLOSED_SHELL('',(#3073,#3074,#3075,#3076,#3077,#3078,#3079,#3080,
#3081,#3082,#3083,#3084,#3085,#3086,#3087,#3088,#3089,#3090,#3091,#3092,
#3093,#3094,#3095,#3096,#3097,#3098,#3099,#3100,#3101,#3102,#3103,#3104,
#3105,#3106,#3107,#3108,#3109,#3110,#3111,#3112,#3113,#3114,#3115,#3116,
#3117,#3118,#3119,#3120,#3121,#3122,#3123,#3124,#3125,#3126,#3127,#3128,
#3129,#3130,#3131,#3132,#3133,#3134,#3135,#3136,#3137,#3138,#3139,#3140,
#3141,#3142,#3143,#3144,#3145,#3146,#3147,#3148,#3149,#3150,#3151,#3152,
#3153,#3154,#3155,#3156,#3157,#3158,#3159,#3160,#3161,#3162,#3163,#3164,
#3165,#3166,#3167,#3168,#3169,#3170,#3171,#3172,#3173,#3174,#3175,#3176,
#3177,#3178,#3179,#3180,#3181,#3182,#3183,#3184,#3185,#3186,#3187,#3188,
#3189,#3190,#3191,#3192,#3193,#3194,#3195,#3196,#3197,#3198,#3199,#3200,
#3201,#3202,#3203,#3204,#3205,#3206,#3207,#3208,#3209,#3210,#3211,#3212,
#3213,#3214,#3215,#3216,#3217,#3218,#3219,#3220,#3221,#3222,#3223,#3224,
#3225,#3226,#3227,#3228,#3229));
#3231=DERIVED_UNIT_ELEMENT(#3233,1.);
#3232=DERIVED_UNIT_ELEMENT(#5223,-3.);
#3233=(
MASS_UNIT()
NAMED_UNIT(*)
SI_UNIT(.KILO.,.GRAM.)
);
#3234=DERIVED_UNIT((#3231,#3232));
#3235=MEASURE_REPRESENTATION_ITEM('density measure',
POSITIVE_RATIO_MEASURE(7850.),#3234);
#3236=PROPERTY_DEFINITION_REPRESENTATION(#3241,#3238);
#3237=PROPERTY_DEFINITION_REPRESENTATION(#3242,#3239);
#3238=REPRESENTATION('material name',(#3240),#5220);
#3239=REPRESENTATION('density',(#3235),#5220);
#3240=DESCRIPTIVE_REPRESENTATION_ITEM('Steel','Steel');
#3241=PROPERTY_DEFINITION('material property','material name',#5235);
#3242=PROPERTY_DEFINITION('material property','density of part',#5235);
#3243=AXIS2_PLACEMENT_3D('',#4291,#3457,#3458);
#3244=AXIS2_PLACEMENT_3D('',#4292,#3459,#3460);
#3245=AXIS2_PLACEMENT_3D('',#4293,#3461,#3462);
#3246=AXIS2_PLACEMENT_3D('',#4304,#3467,#3468);
#3247=AXIS2_PLACEMENT_3D('',#4318,#3475,#3476);
#3248=AXIS2_PLACEMENT_3D('',#4322,#3478,#3479);
#3249=AXIS2_PLACEMENT_3D('',#4326,#3481,#3482);
#3250=AXIS2_PLACEMENT_3D('',#4334,#3486,#3487);
#3251=AXIS2_PLACEMENT_3D('',#4342,#3491,#3492);
#3252=AXIS2_PLACEMENT_3D('',#4350,#3496,#3497);
#3253=AXIS2_PLACEMENT_3D('',#4358,#3501,#3502);
#3254=AXIS2_PLACEMENT_3D('',#4366,#3506,#3507);
#3255=AXIS2_PLACEMENT_3D('',#4374,#3511,#3512);
#3256=AXIS2_PLACEMENT_3D('',#4382,#3516,#3517);
#3257=AXIS2_PLACEMENT_3D('',#4390,#3521,#3522);
#3258=AXIS2_PLACEMENT_3D('',#4398,#3526,#3527);
#3259=AXIS2_PLACEMENT_3D('',#4406,#3531,#3532);
#3260=AXIS2_PLACEMENT_3D('',#4414,#3536,#3537);
#3261=AXIS2_PLACEMENT_3D('',#4422,#3541,#3542);
#3262=AXIS2_PLACEMENT_3D('',#4430,#3546,#3547);
#3263=AXIS2_PLACEMENT_3D('',#4438,#3551,#3552);
#3264=AXIS2_PLACEMENT_3D('',#4446,#3556,#3557);
#3265=AXIS2_PLACEMENT_3D('',#4454,#3561,#3562);
#3266=AXIS2_PLACEMENT_3D('',#4462,#3566,#3567);
#3267=AXIS2_PLACEMENT_3D('',#4470,#3571,#3572);
#3268=AXIS2_PLACEMENT_3D('',#4478,#3576,#3577);
#3269=AXIS2_PLACEMENT_3D('',#4530,#3604,#3605);
#3270=AXIS2_PLACEMENT_3D('',#4535,#3607,#3608);
#3271=AXIS2_PLACEMENT_3D('',#4541,#3611,#3612);
#3272=AXIS2_PLACEMENT_3D('',#4545,#3614,#3615);
#3273=AXIS2_PLACEMENT_3D('',#4551,#3618,#3619);
#3274=AXIS2_PLACEMENT_3D('',#4555,#3621,#3622);
#3275=AXIS2_PLACEMENT_3D('',#4621,#3655,#3656);
#3276=AXIS2_PLACEMENT_3D('',#4629,#3660,#3661);
#3277=AXIS2_PLACEMENT_3D('',#4637,#3665,#3666);
#3278=AXIS2_PLACEMENT_3D('',#4645,#3670,#3671);
#3279=AXIS2_PLACEMENT_3D('',#4653,#3675,#3676);
#3280=AXIS2_PLACEMENT_3D('',#4661,#3680,#3681);
#3281=AXIS2_PLACEMENT_3D('',#4669,#3685,#3686);
#3282=AXIS2_PLACEMENT_3D('',#4677,#3690,#3691);
#3283=AXIS2_PLACEMENT_3D('',#4685,#3695,#3696);
#3284=AXIS2_PLACEMENT_3D('',#4693,#3700,#3701);
#3285=AXIS2_PLACEMENT_3D('',#4701,#3705,#3706);
#3286=AXIS2_PLACEMENT_3D('',#4709,#3710,#3711);
#3287=AXIS2_PLACEMENT_3D('',#4717,#3715,#3716);
#3288=AXIS2_PLACEMENT_3D('',#4725,#3720,#3721);
#3289=AXIS2_PLACEMENT_3D('',#4733,#3725,#3726);
#3290=AXIS2_PLACEMENT_3D('',#4741,#3730,#3731);
#3291=AXIS2_PLACEMENT_3D('',#4749,#3735,#3736);
#3292=AXIS2_PLACEMENT_3D('',#4757,#3740,#3741);
#3293=AXIS2_PLACEMENT_3D('',#4765,#3745,#3746);
#3294=AXIS2_PLACEMENT_3D('',#4773,#3750,#3751);
#3295=AXIS2_PLACEMENT_3D('',#4785,#3758,#3759);
#3296=AXIS2_PLACEMENT_3D('',#4788,#3760,#3761);
#3297=AXIS2_PLACEMENT_3D('',#4792,#3763,#3764);
#3298=AXIS2_PLACEMENT_3D('',#4794,#3766,#3767);
#3299=AXIS2_PLACEMENT_3D('',#4797,#3770,#3771);
#3300=AXIS2_PLACEMENT_3D('',#4801,#3774,#3775);
#3301=AXIS2_PLACEMENT_3D('',#4809,#3780,#3781);
#3302=AXIS2_PLACEMENT_3D('',#4811,#3783,#3784);
#3303=AXIS2_PLACEMENT_3D('',#4813,#3786,#3787);
#3304=AXIS2_PLACEMENT_3D('',#4819,#3790,#3791);
#3305=AXIS2_PLACEMENT_3D('',#4823,#3794,#3795);
#3306=AXIS2_PLACEMENT_3D('',#4828,#3799,#3800);
#3307=AXIS2_PLACEMENT_3D('',#4831,#3803,#3804);
#3308=AXIS2_PLACEMENT_3D('',#4834,#3807,#3808);
#3309=AXIS2_PLACEMENT_3D('',#4837,#3811,#3812);
#3310=AXIS2_PLACEMENT_3D('',#4840,#3815,#3816);
#3311=AXIS2_PLACEMENT_3D('',#4843,#3819,#3820);
#3312=AXIS2_PLACEMENT_3D('',#4846,#3823,#3824);
#3313=AXIS2_PLACEMENT_3D('',#4849,#3827,#3828);
#3314=AXIS2_PLACEMENT_3D('',#4852,#3831,#3832);
#3315=AXIS2_PLACEMENT_3D('',#4855,#3835,#3836);
#3316=AXIS2_PLACEMENT_3D('',#4858,#3839,#3840);
#3317=AXIS2_PLACEMENT_3D('',#4861,#3843,#3844);
#3318=AXIS2_PLACEMENT_3D('',#4864,#3847,#3848);
#3319=AXIS2_PLACEMENT_3D('',#4867,#3851,#3852);
#3320=AXIS2_PLACEMENT_3D('',#4870,#3855,#3856);
#3321=AXIS2_PLACEMENT_3D('',#4873,#3859,#3860);
#3322=AXIS2_PLACEMENT_3D('',#4876,#3863,#3864);
#3323=AXIS2_PLACEMENT_3D('',#4879,#3867,#3868);
#3324=AXIS2_PLACEMENT_3D('',#4882,#3871,#3872);
#3325=AXIS2_PLACEMENT_3D('',#4885,#3875,#3876);
#3326=AXIS2_PLACEMENT_3D('',#4888,#3879,#3880);
#3327=AXIS2_PLACEMENT_3D('',#4890,#3882,#3883);
#3328=AXIS2_PLACEMENT_3D('',#4892,#3885,#3886);
#3329=AXIS2_PLACEMENT_3D('',#4894,#3888,#3889);
#3330=AXIS2_PLACEMENT_3D('',#4896,#3891,#3892);
#3331=AXIS2_PLACEMENT_3D('',#4898,#3894,#3895);
#3332=AXIS2_PLACEMENT_3D('',#4900,#3897,#3898);
#3333=AXIS2_PLACEMENT_3D('',#4902,#3900,#3901);
#3334=AXIS2_PLACEMENT_3D('',#4904,#3903,#3904);
#3335=AXIS2_PLACEMENT_3D('',#4906,#3906,#3907);
#3336=AXIS2_PLACEMENT_3D('',#4908,#3909,#3910);
#3337=AXIS2_PLACEMENT_3D('',#4910,#3912,#3913);
#3338=AXIS2_PLACEMENT_3D('',#4912,#3915,#3916);
#3339=AXIS2_PLACEMENT_3D('',#4914,#3918,#3919);
#3340=AXIS2_PLACEMENT_3D('',#4916,#3921,#3922);
#3341=AXIS2_PLACEMENT_3D('',#4918,#3924,#3925);
#3342=AXIS2_PLACEMENT_3D('',#4920,#3927,#3928);
#3343=AXIS2_PLACEMENT_3D('',#4922,#3930,#3931);
#3344=AXIS2_PLACEMENT_3D('',#4924,#3933,#3934);
#3345=AXIS2_PLACEMENT_3D('',#4926,#3936,#3937);
#3346=AXIS2_PLACEMENT_3D('',#4928,#3939,#3940);
#3347=AXIS2_PLACEMENT_3D('',#4931,#3943,#3944);
#3348=AXIS2_PLACEMENT_3D('',#4933,#3946,#3947);
#3349=AXIS2_PLACEMENT_3D('',#4934,#3948,#3949);
#3350=AXIS2_PLACEMENT_3D('',#4937,#3952,#3953);
#3351=AXIS2_PLACEMENT_3D('',#4939,#3955,#3956);
#3352=AXIS2_PLACEMENT_3D('',#4940,#3957,#3958);
#3353=AXIS2_PLACEMENT_3D('',#4943,#3961,#3962);
#3354=AXIS2_PLACEMENT_3D('',#4945,#3964,#3965);
#3355=AXIS2_PLACEMENT_3D('',#4946,#3966,#3967);
#3356=AXIS2_PLACEMENT_3D('',#4949,#3970,#3971);
#3357=AXIS2_PLACEMENT_3D('',#4951,#3973,#3974);
#3358=AXIS2_PLACEMENT_3D('',#4952,#3975,#3976);
#3359=AXIS2_PLACEMENT_3D('',#4955,#3979,#3980);
#3360=AXIS2_PLACEMENT_3D('',#4957,#3982,#3983);
#3361=AXIS2_PLACEMENT_3D('',#4958,#3984,#3985);
#3362=AXIS2_PLACEMENT_3D('',#4961,#3986,#3987);
#3363=AXIS2_PLACEMENT_3D('',#4964,#3990,#3991);
#3364=AXIS2_PLACEMENT_3D('',#4968,#3993,#3994);
#3365=AXIS2_PLACEMENT_3D('',#4972,#3997,#3998);
#3366=AXIS2_PLACEMENT_3D('',#4975,#4001,#4002);
#3367=AXIS2_PLACEMENT_3D('',#4977,#4003,#4004);
#3368=AXIS2_PLACEMENT_3D('',#4979,#4006,#4007);
#3369=AXIS2_PLACEMENT_3D('',#4982,#4010,#4011);
#3370=AXIS2_PLACEMENT_3D('',#4984,#4013,#4014);
#3371=AXIS2_PLACEMENT_3D('',#4985,#4015,#4016);
#3372=AXIS2_PLACEMENT_3D('',#4988,#4019,#4020);
#3373=AXIS2_PLACEMENT_3D('',#4990,#4022,#4023);
#3374=AXIS2_PLACEMENT_3D('',#4993,#4026,#4027);
#3375=AXIS2_PLACEMENT_3D('',#4995,#4029,#4030);
#3376=AXIS2_PLACEMENT_3D('',#4997,#4032,#4033);
#3377=AXIS2_PLACEMENT_3D('',#5003,#4037,#4038);
#3378=AXIS2_PLACEMENT_3D('',#5004,#4039,#4040);
#3379=AXIS2_PLACEMENT_3D('',#5005,#4041,#4042);
#3380=AXIS2_PLACEMENT_3D('',#5007,#4044,#4045);
#3381=AXIS2_PLACEMENT_3D('',#5008,#4046,#4047);
#3382=AXIS2_PLACEMENT_3D('',#5016,#4052,#4053);
#3383=AXIS2_PLACEMENT_3D('',#5022,#4057,#4058);
#3384=AXIS2_PLACEMENT_3D('',#5027,#4062,#4063);
#3385=AXIS2_PLACEMENT_3D('',#5036,#4068,#4069);
#3386=AXIS2_PLACEMENT_3D('',#5046,#4075,#4076);
#3387=AXIS2_PLACEMENT_3D('',#5054,#4081,#4082);
#3388=AXIS2_PLACEMENT_3D('',#5060,#4086,#4087);
#3389=AXIS2_PLACEMENT_3D('',#5063,#4090,#4091);
#3390=AXIS2_PLACEMENT_3D('',#5065,#4093,#4094);
#3391=AXIS2_PLACEMENT_3D('',#5073,#4099,#4100);
#3392=AXIS2_PLACEMENT_3D('',#5099,#4115,#4116);
#3393=AXIS2_PLACEMENT_3D('',#5108,#4123,#4124);
#3394=AXIS2_PLACEMENT_3D('',#5111,#4127,#4128);
#3395=AXIS2_PLACEMENT_3D('',#5114,#4131,#4132);
#3396=AXIS2_PLACEMENT_3D('',#5117,#4135,#4136);
#3397=AXIS2_PLACEMENT_3D('',#5120,#4139,#4140);
#3398=AXIS2_PLACEMENT_3D('',#5122,#4142,#4143);
#3399=AXIS2_PLACEMENT_3D('',#5123,#4144,#4145);
#3400=AXIS2_PLACEMENT_3D('',#5125,#4147,#4148);
#3401=AXIS2_PLACEMENT_3D('',#5126,#4149,#4150);
#3402=AXIS2_PLACEMENT_3D('',#5128,#4152,#4153);
#3403=AXIS2_PLACEMENT_3D('',#5129,#4154,#4155);
#3404=AXIS2_PLACEMENT_3D('',#5131,#4157,#4158);
#3405=AXIS2_PLACEMENT_3D('',#5132,#4159,#4160);
#3406=AXIS2_PLACEMENT_3D('',#5134,#4162,#4163);
#3407=AXIS2_PLACEMENT_3D('',#5135,#4164,#4165);
#3408=AXIS2_PLACEMENT_3D('',#5137,#4167,#4168);
#3409=AXIS2_PLACEMENT_3D('',#5138,#4169,#4170);
#3410=AXIS2_PLACEMENT_3D('',#5140,#4172,#4173);
#3411=AXIS2_PLACEMENT_3D('',#5141,#4174,#4175);
#3412=AXIS2_PLACEMENT_3D('',#5143,#4177,#4178);
#3413=AXIS2_PLACEMENT_3D('',#5144,#4179,#4180);
#3414=AXIS2_PLACEMENT_3D('',#5146,#4182,#4183);
#3415=AXIS2_PLACEMENT_3D('',#5147,#4184,#4185);
#3416=AXIS2_PLACEMENT_3D('',#5149,#4187,#4188);
#3417=AXIS2_PLACEMENT_3D('',#5150,#4189,#4190);
#3418=AXIS2_PLACEMENT_3D('',#5152,#4192,#4193);
#3419=AXIS2_PLACEMENT_3D('',#5153,#4194,#4195);
#3420=AXIS2_PLACEMENT_3D('',#5155,#4197,#4198);
#3421=AXIS2_PLACEMENT_3D('',#5156,#4199,#4200);
#3422=AXIS2_PLACEMENT_3D('',#5158,#4202,#4203);
#3423=AXIS2_PLACEMENT_3D('',#5159,#4204,#4205);
#3424=AXIS2_PLACEMENT_3D('',#5161,#4207,#4208);
#3425=AXIS2_PLACEMENT_3D('',#5162,#4209,#4210);
#3426=AXIS2_PLACEMENT_3D('',#5164,#4212,#4213);
#3427=AXIS2_PLACEMENT_3D('',#5165,#4214,#4215);
#3428=AXIS2_PLACEMENT_3D('',#5167,#4217,#4218);
#3429=AXIS2_PLACEMENT_3D('',#5168,#4219,#4220);
#3430=AXIS2_PLACEMENT_3D('',#5170,#4222,#4223);
#3431=AXIS2_PLACEMENT_3D('',#5171,#4224,#4225);
#3432=AXIS2_PLACEMENT_3D('',#5173,#4227,#4228);
#3433=AXIS2_PLACEMENT_3D('',#5174,#4229,#4230);
#3434=AXIS2_PLACEMENT_3D('',#5176,#4232,#4233);
#3435=AXIS2_PLACEMENT_3D('',#5177,#4234,#4235);
#3436=AXIS2_PLACEMENT_3D('',#5179,#4237,#4238);
#3437=AXIS2_PLACEMENT_3D('',#5180,#4239,#4240);
#3438=AXIS2_PLACEMENT_3D('',#5181,#4241,#4242);
#3439=AXIS2_PLACEMENT_3D('',#5182,#4243,#4244);
#3440=AXIS2_PLACEMENT_3D('',#5188,#4248,#4249);
#3441=AXIS2_PLACEMENT_3D('',#5195,#4254,#4255);
#3442=AXIS2_PLACEMENT_3D('',#5197,#4257,#4258);
#3443=AXIS2_PLACEMENT_3D('',#5199,#4260,#4261);
#3444=AXIS2_PLACEMENT_3D('',#5200,#4262,#4263);
#3445=AXIS2_PLACEMENT_3D('',#5201,#4264,#4265);
#3446=AXIS2_PLACEMENT_3D('',#5203,#4267,#4268);
#3447=AXIS2_PLACEMENT_3D('',#5204,#4269,#4270);
#3448=AXIS2_PLACEMENT_3D('',#5206,#4272,#4273);
#3449=AXIS2_PLACEMENT_3D('',#5207,#4274,#4275);
#3450=AXIS2_PLACEMENT_3D('',#5208,#4276,#4277);
#3451=AXIS2_PLACEMENT_3D('',#5209,#4278,#4279);
#3452=AXIS2_PLACEMENT_3D('',#5210,#4280,#4281);
#3453=AXIS2_PLACEMENT_3D('',#5211,#4282,#4283);
#3454=AXIS2_PLACEMENT_3D('',#5212,#4284,#4285);
#3455=AXIS2_PLACEMENT_3D('',#5214,#4287,#4288);
#3456=AXIS2_PLACEMENT_3D('',#5215,#4289,#4290);
#3457=DIRECTION('axis',(0.,0.,1.));
#3458=DIRECTION('refdir',(1.,0.,0.));
#3459=DIRECTION('axis',(0.,0.,1.));
#3460=DIRECTION('refdir',(1.,0.,0.));
#3461=DIRECTION('center_axis',(0.,0.,1.));
#3462=DIRECTION('ref_axis',(1.,0.,0.));
#3463=DIRECTION('',(1.,-5.55433936775935E-50,0.));
#3464=DIRECTION('',(0.,-1.,0.));
#3465=DIRECTION('',(-1.,-1.23259516440783E-32,0.));
#3466=DIRECTION('',(-0.707106781186548,0.707106781186548,0.));
#3467=DIRECTION('center_axis',(0.,0.,-1.));
#3468=DIRECTION('ref_axis',(-0.38268343236509,-0.923879532511287,0.));
#3469=DIRECTION('',(-1.,-1.23259516440783E-32,0.));
#3470=DIRECTION('',(-2.46519032881566E-32,-1.,0.));
#3471=DIRECTION('',(0.707106781186547,-0.707106781186547,0.));
#3472=DIRECTION('',(1.,0.,0.));
#3473=DIRECTION('',(0.707106781186547,0.707106781186548,0.));
#3474=DIRECTION('',(0.,1.,0.));
#3475=DIRECTION('center_axis',(0.,0.,1.));
#3476=DIRECTION('ref_axis',(0.707106781186548,0.707106781186548,1.3652977901598E-16));
#3477=DIRECTION('',(-1.,0.,0.));
#3478=DIRECTION('center_axis',(0.,0.,-1.));
#3479=DIRECTION('ref_axis',(-0.38268343236509,0.923879532511287,0.));
#3480=DIRECTION('',(0.707106781186548,0.707106781186548,0.));
#3481=DIRECTION('center_axis',(0.,0.,-1.));
#3482=DIRECTION('ref_axis',(1.,8.27954588425598E-9,-1.44811698861802E-16));
#3483=DIRECTION('',(-0.809016994374951,0.587785252292469,0.));
#3484=DIRECTION('',(0.587785252292469,0.809016994374951,0.));
#3485=DIRECTION('',(0.809016994374951,-0.587785252292469,0.));
#3486=DIRECTION('center_axis',(0.,0.,-1.));
#3487=DIRECTION('ref_axis',(1.,8.27954588425598E-9,-1.44811698861802E-16));
#3488=DIRECTION('',(-0.309016994374951,0.951056516295152,0.));
#3489=DIRECTION('',(0.951056516295152,0.309016994374952,0.));
#3490=DIRECTION('',(0.309016994374952,-0.951056516295152,0.));
#3491=DIRECTION('center_axis',(0.,0.,-1.));
#3492=DIRECTION('ref_axis',(1.,8.27954588425598E-9,-1.44811698861802E-16));
#3493=DIRECTION('',(0.309016994374945,0.951056516295154,0.));
#3494=DIRECTION('',(0.951056516295154,-0.309016994374945,0.));
#3495=DIRECTION('',(-0.309016994374945,-0.951056516295154,0.));
#3496=DIRECTION('center_axis',(0.,0.,-1.));
#3497=DIRECTION('ref_axis',(1.,8.27954588425598E-9,-1.44811698861802E-16));
#3498=DIRECTION('',(0.809016994374947,0.587785252292474,0.));
#3499=DIRECTION('',(0.587785252292474,-0.809016994374947,0.));
#3500=DIRECTION('',(-0.809016994374947,-0.587785252292474,0.));
#3501=DIRECTION('center_axis',(0.,0.,-1.));
#3502=DIRECTION('ref_axis',(1.,8.27954588425598E-9,-1.44811698861802E-16));
#3503=DIRECTION('',(1.,-2.16840434497101E-16,0.));
#3504=DIRECTION('',(0.,-1.,0.));
#3505=DIRECTION('',(-1.,4.33680868994202E-17,0.));
#3506=DIRECTION('center_axis',(0.,0.,-1.));
#3507=DIRECTION('ref_axis',(1.,8.27954588425598E-9,-1.44811698861802E-16));
#3508=DIRECTION('',(0.809016994374955,-0.587785252292463,0.));
#3509=DIRECTION('',(-0.587785252292463,-0.809016994374955,0.));
#3510=DIRECTION('',(-0.809016994374955,0.587785252292463,0.));
#3511=DIRECTION('center_axis',(0.,0.,-1.));
#3512=DIRECTION('ref_axis',(1.,8.27954588425598E-9,-1.44811698861802E-16));
#3513=DIRECTION('',(0.309016994374958,-0.95105651629515,0.));
#3514=DIRECTION('',(-0.95105651629515,-0.309016994374958,0.));
#3515=DIRECTION('',(-0.309016994374958,0.95105651629515,0.));
#3516=DIRECTION('center_axis',(0.,0.,-1.));
#3517=DIRECTION('ref_axis',(1.,8.27954588425598E-9,-1.44811698861802E-16));
#3518=DIRECTION('',(-0.309016994374938,-0.951056516295156,0.));
#3519=DIRECTION('',(-0.951056516295157,0.309016994374938,0.));
#3520=DIRECTION('',(0.309016994374938,0.951056516295157,0.));
#3521=DIRECTION('center_axis',(0.,0.,-1.));
#3522=DIRECTION('ref_axis',(1.,8.27954588425598E-9,-1.44811698861802E-16));
#3523=DIRECTION('',(-0.809016994374942,-0.58778525229248,0.));
#3524=DIRECTION('',(-0.58778525229248,0.809016994374942,0.));
#3525=DIRECTION('',(0.809016994374942,0.58778525229248,0.));
#3526=DIRECTION('center_axis',(0.,0.,-1.));
#3527=DIRECTION('ref_axis',(1.,8.27954588425598E-9,-1.44811698861802E-16));
#3528=DIRECTION('',(-1.,2.16840434497101E-16,0.));
#3529=DIRECTION('',(0.,1.,0.));
#3530=DIRECTION('',(1.,-4.33680868994202E-17,0.));
#3531=DIRECTION('center_axis',(0.,0.,-1.));
#3532=DIRECTION('ref_axis',(1.,-8.27954610630059E-9,-1.448116988665E-16));
#3533=DIRECTION('',(-0.809016994374951,0.587785252292469,0.));
#3534=DIRECTION('',(0.587785252292469,0.809016994374951,0.));
#3535=DIRECTION('',(0.809016994374951,-0.587785252292469,0.));
#3536=DIRECTION('center_axis',(0.,0.,-1.));
#3537=DIRECTION('ref_axis',(1.,-8.27954610630059E-9,-1.448116988665E-16));
#3538=DIRECTION('',(-0.309016994374951,0.951056516295152,0.));
#3539=DIRECTION('',(0.951056516295152,0.309016994374952,0.));
#3540=DIRECTION('',(0.309016994374952,-0.951056516295152,0.));
#3541=DIRECTION('center_axis',(0.,0.,-1.));
#3542=DIRECTION('ref_axis',(1.,-8.27954610630059E-9,-1.448116988665E-16));
#3543=DIRECTION('',(0.309016994374945,0.951056516295154,0.));
#3544=DIRECTION('',(0.951056516295155,-0.309016994374945,0.));
#3545=DIRECTION('',(-0.309016994374945,-0.951056516295154,0.));
#3546=DIRECTION('center_axis',(0.,0.,-1.));
#3547=DIRECTION('ref_axis',(1.,-8.27954610630059E-9,-1.448116988665E-16));
#3548=DIRECTION('',(0.809016994374947,0.587785252292474,0.));
#3549=DIRECTION('',(0.587785252292474,-0.809016994374947,0.));
#3550=DIRECTION('',(-0.809016994374947,-0.587785252292474,0.));
#3551=DIRECTION('center_axis',(0.,0.,-1.));
#3552=DIRECTION('ref_axis',(1.,-8.27954610630059E-9,-1.448116988665E-16));
#3553=DIRECTION('',(1.,-2.16840434497101E-16,0.));
#3554=DIRECTION('',(0.,-1.,0.));
#3555=DIRECTION('',(-1.,4.33680868994202E-17,0.));
#3556=DIRECTION('center_axis',(0.,0.,-1.));
#3557=DIRECTION('ref_axis',(1.,-8.27954610630059E-9,-1.448116988665E-16));
#3558=DIRECTION('',(0.809016994374955,-0.587785252292463,0.));
#3559=DIRECTION('',(-0.587785252292463,-0.809016994374955,0.));
#3560=DIRECTION('',(-0.809016994374955,0.587785252292463,0.));
#3561=DIRECTION('center_axis',(0.,0.,-1.));
#3562=DIRECTION('ref_axis',(1.,-8.27954610630059E-9,-1.448116988665E-16));
#3563=DIRECTION('',(0.309016994374958,-0.95105651629515,0.));
#3564=DIRECTION('',(-0.95105651629515,-0.309016994374958,0.));
#3565=DIRECTION('',(-0.309016994374958,0.95105651629515,0.));
#3566=DIRECTION('center_axis',(0.,0.,-1.));
#3567=DIRECTION('ref_axis',(1.,-8.27954610630059E-9,-1.448116988665E-16));
#3568=DIRECTION('',(-0.309016994374938,-0.951056516295156,0.));
#3569=DIRECTION('',(-0.951056516295157,0.309016994374938,0.));
#3570=DIRECTION('',(0.309016994374938,0.951056516295157,0.));
#3571=DIRECTION('center_axis',(0.,0.,-1.));
#3572=DIRECTION('ref_axis',(1.,-8.27954610630059E-9,-1.448116988665E-16));
#3573=DIRECTION('',(-0.809016994374942,-0.58778525229248,0.));
#3574=DIRECTION('',(-0.58778525229248,0.809016994374942,0.));
#3575=DIRECTION('',(0.809016994374942,0.58778525229248,0.));
#3576=DIRECTION('center_axis',(0.,0.,-1.));
#3577=DIRECTION('ref_axis',(1.,-8.27954610630059E-9,-1.448116988665E-16));
#3578=DIRECTION('',(-1.,2.16840434497101E-16,0.));
#3579=DIRECTION('',(0.,1.,0.));
#3580=DIRECTION('',(1.,-4.33680868994202E-17,0.));
#3581=DIRECTION('',(1.,0.,0.));
#3582=DIRECTION('',(0.707106781186545,-0.70710678118655,0.));
#3583=DIRECTION('',(0.,-1.,0.));
#3584=DIRECTION('',(-0.707106781186552,-0.707106781186543,0.));
#3585=DIRECTION('',(-1.,0.,0.));
#3586=DIRECTION('',(-0.707106781186545,0.70710678118655,0.));
#3587=DIRECTION('',(0.,1.,0.));
#3588=DIRECTION('',(0.707106781186553,0.707106781186542,0.));
#3589=DIRECTION('',(-1.,-6.34324151690149E-17,0.));
#3590=DIRECTION('',(-0.707106781186548,-0.707106781186548,0.));
#3591=DIRECTION('',(-0.707106781186547,0.707106781186548,0.));
#3592=DIRECTION('',(-1.11022302462516E-16,-1.,0.));
#3593=DIRECTION('',(-0.707106781186547,0.707106781186548,0.));
#3594=DIRECTION('',(1.,2.37887132800546E-16,0.));
#3595=DIRECTION('',(-1.,1.11022302462516E-16,0.));
#3596=DIRECTION('',(0.707106781186548,0.707106781186548,0.));
#3597=DIRECTION('',(0.674886764933247,-0.737921306453429,0.));
#3598=DIRECTION('',(0.707106781186311,0.707106781186784,0.));
#3599=DIRECTION('',(-5.47159096539605E-16,-1.,0.));
#3600=DIRECTION('',(-1.,1.11022302462516E-16,0.));
#3601=DIRECTION('',(1.,6.34324151690149E-17,0.));
#3602=DIRECTION('',(-0.707106781186548,-0.707106781186547,0.));
#3603=DIRECTION('',(-0.707106781186547,0.707106781186548,0.));
#3604=DIRECTION('center_axis',(0.,0.,1.));
#3605=DIRECTION('ref_axis',(1.,0.,0.));
#3606=DIRECTION('',(1.,1.23259516440783E-32,0.));
#3607=DIRECTION('center_axis',(0.,0.,1.));
#3608=DIRECTION('ref_axis',(-0.38268343236509,-0.923879532511287,0.));
#3609=DIRECTION('',(0.707106781186548,-0.707106781186548,0.));
#3610=DIRECTION('',(1.,1.23259516440783E-32,0.));
#3611=DIRECTION('center_axis',(0.,0.,1.));
#3612=DIRECTION('ref_axis',(-0.707106781186552,-0.707106781186543,0.));
#3613=DIRECTION('',(1.23259516440783E-32,-1.,0.));
#3614=DIRECTION('center_axis',(0.,0.,1.));
#3615=DIRECTION('ref_axis',(-0.70710678118654,0.707106781186555,0.));
#3616=DIRECTION('',(-1.,5.55433936775935E-50,0.));
#3617=DIRECTION('',(-0.707106781186548,-0.707106781186548,0.));
#3618=DIRECTION('center_axis',(0.,0.,1.));
#3619=DIRECTION('ref_axis',(-0.38268343236509,0.923879532511287,0.));
#3620=DIRECTION('',(-1.,-1.47602208813081E-33,0.));
#3621=DIRECTION('center_axis',(0.,0.,1.));
#3622=DIRECTION('ref_axis',(0.707106781186548,0.707106781186548,1.3652977901598E-16));
#3623=DIRECTION('',(0.,-1.,0.));
#3624=DIRECTION('',(-0.707106781186549,-0.707106781186546,0.));
#3625=DIRECTION('',(-1.,0.,0.));
#3626=DIRECTION('',(0.,1.,0.));
#3627=DIRECTION('',(-1.,0.,0.));
#3628=DIRECTION('',(-1.73472347597681E-16,-1.,0.));
#3629=DIRECTION('',(-1.,0.,0.));
#3630=DIRECTION('',(0.707106781186543,-0.707106781186552,0.));
#3631=DIRECTION('',(1.,0.,0.));
#3632=DIRECTION('',(-0.707106781186547,0.707106781186547,0.));
#3633=DIRECTION('',(2.46519032881566E-32,1.,0.));
#3634=DIRECTION('',(0.246272303220528,0.969200677190465,0.));
#3635=DIRECTION('',(0.707106781186547,-0.707106781186548,0.));
#3636=DIRECTION('',(0.707106781186548,0.707106781186547,0.));
#3637=DIRECTION('',(1.,-4.59931737725577E-16,0.));
#3638=DIRECTION('',(-1.,-2.37887132800546E-16,0.));
#3639=DIRECTION('',(0.707106781186547,-0.707106781186548,0.));
#3640=DIRECTION('',(1.11022302462516E-16,1.,0.));
#3641=DIRECTION('',(-0.674886764933247,0.737921306453429,0.));
#3642=DIRECTION('',(-0.707106781186548,-0.707106781186548,0.));
#3643=DIRECTION('',(1.,-1.11022302462516E-16,0.));
#3644=DIRECTION('',(5.47159096539605E-16,1.,0.));
#3645=DIRECTION('',(-0.707106781186311,-0.707106781186784,0.));
#3646=DIRECTION('',(1.,-1.11022302462516E-16,0.));
#3647=DIRECTION('',(1.,0.,0.));
#3648=DIRECTION('',(-0.707106781186553,-0.707106781186542,0.));
#3649=DIRECTION('',(0.,1.,0.));
#3650=DIRECTION('',(0.707106781186545,-0.70710678118655,0.));
#3651=DIRECTION('',(-1.,0.,0.));
#3652=DIRECTION('',(0.707106781186552,0.707106781186543,0.));
#3653=DIRECTION('',(0.,-1.,0.));
#3654=DIRECTION('',(-0.707106781186545,0.70710678118655,0.));
#3655=DIRECTION('center_axis',(0.,0.,1.));
#3656=DIRECTION('ref_axis',(1.,8.27954588425598E-9,-1.44811698861802E-16));
#3657=DIRECTION('',(1.,-4.33680868994202E-17,0.));
#3658=DIRECTION('',(0.,1.,0.));
#3659=DIRECTION('',(-1.,2.16840434497101E-16,0.));
#3660=DIRECTION('center_axis',(0.,0.,1.));
#3661=DIRECTION('ref_axis',(1.,8.27954588425598E-9,-1.44811698861802E-16));
#3662=DIRECTION('',(0.809016994374942,0.58778525229248,0.));
#3663=DIRECTION('',(-0.58778525229248,0.809016994374942,0.));
#3664=DIRECTION('',(-0.809016994374942,-0.58778525229248,0.));
#3665=DIRECTION('center_axis',(0.,0.,1.));
#3666=DIRECTION('ref_axis',(1.,8.27954588425598E-9,-1.44811698861802E-16));
#3667=DIRECTION('',(0.309016994374938,0.951056516295157,0.));
#3668=DIRECTION('',(-0.951056516295157,0.309016994374938,0.));
#3669=DIRECTION('',(-0.309016994374939,-0.951056516295156,0.));
#3670=DIRECTION('center_axis',(0.,0.,1.));
#3671=DIRECTION('ref_axis',(1.,8.27954588425598E-9,-1.44811698861802E-16));
#3672=DIRECTION('',(-0.309016994374958,0.95105651629515,0.));
#3673=DIRECTION('',(-0.95105651629515,-0.309016994374958,0.));
#3674=DIRECTION('',(0.309016994374958,-0.95105651629515,0.));
#3675=DIRECTION('center_axis',(0.,0.,1.));
#3676=DIRECTION('ref_axis',(1.,8.27954588425598E-9,-1.44811698861802E-16));
#3677=DIRECTION('',(-0.809016994374955,0.587785252292463,0.));
#3678=DIRECTION('',(-0.587785252292463,-0.809016994374955,0.));
#3679=DIRECTION('',(0.809016994374955,-0.587785252292463,0.));
#3680=DIRECTION('center_axis',(0.,0.,1.));
#3681=DIRECTION('ref_axis',(1.,8.27954588425598E-9,-1.44811698861802E-16));
#3682=DIRECTION('',(-1.,4.33680868994202E-17,0.));
#3683=DIRECTION('',(0.,-1.,0.));
#3684=DIRECTION('',(1.,-2.16840434497101E-16,0.));
#3685=DIRECTION('center_axis',(0.,0.,1.));
#3686=DIRECTION('ref_axis',(1.,8.27954588425598E-9,-1.44811698861802E-16));
#3687=DIRECTION('',(-0.809016994374947,-0.587785252292474,0.));
#3688=DIRECTION('',(0.587785252292474,-0.809016994374947,0.));
#3689=DIRECTION('',(0.809016994374947,0.587785252292474,0.));
#3690=DIRECTION('center_axis',(0.,0.,1.));
#3691=DIRECTION('ref_axis',(1.,8.27954588425598E-9,-1.44811698861802E-16));
#3692=DIRECTION('',(-0.309016994374945,-0.951056516295154,0.));
#3693=DIRECTION('',(0.951056516295154,-0.309016994374945,0.));
#3694=DIRECTION('',(0.309016994374945,0.951056516295154,0.));
#3695=DIRECTION('center_axis',(0.,0.,1.));
#3696=DIRECTION('ref_axis',(1.,8.27954588425598E-9,-1.44811698861802E-16));
#3697=DIRECTION('',(0.309016994374952,-0.951056516295152,0.));
#3698=DIRECTION('',(0.951056516295152,0.309016994374952,0.));
#3699=DIRECTION('',(-0.309016994374951,0.951056516295152,0.));
#3700=DIRECTION('center_axis',(0.,0.,1.));
#3701=DIRECTION('ref_axis',(1.,8.27954588425598E-9,-1.44811698861802E-16));
#3702=DIRECTION('',(0.809016994374951,-0.587785252292469,0.));
#3703=DIRECTION('',(0.587785252292469,0.809016994374951,0.));
#3704=DIRECTION('',(-0.809016994374951,0.587785252292469,0.));
#3705=DIRECTION('center_axis',(0.,0.,1.));
#3706=DIRECTION('ref_axis',(1.,-8.27954610630059E-9,-1.448116988665E-16));
#3707=DIRECTION('',(1.,-4.33680868994202E-17,0.));
#3708=DIRECTION('',(0.,1.,0.));
#3709=DIRECTION('',(-1.,2.16840434497101E-16,0.));
#3710=DIRECTION('center_axis',(0.,0.,1.));
#3711=DIRECTION('ref_axis',(1.,-8.27954610630059E-9,-1.448116988665E-16));
#3712=DIRECTION('',(0.809016994374942,0.58778525229248,0.));
#3713=DIRECTION('',(-0.58778525229248,0.809016994374942,0.));
#3714=DIRECTION('',(-0.809016994374942,-0.58778525229248,0.));
#3715=DIRECTION('center_axis',(0.,0.,1.));
#3716=DIRECTION('ref_axis',(1.,-8.27954610630059E-9,-1.448116988665E-16));
#3717=DIRECTION('',(0.309016994374938,0.951056516295157,0.));
#3718=DIRECTION('',(-0.951056516295157,0.309016994374938,0.));
#3719=DIRECTION('',(-0.309016994374939,-0.951056516295156,0.));
#3720=DIRECTION('center_axis',(0.,0.,1.));
#3721=DIRECTION('ref_axis',(1.,-8.27954610630059E-9,-1.448116988665E-16));
#3722=DIRECTION('',(-0.309016994374958,0.95105651629515,0.));
#3723=DIRECTION('',(-0.95105651629515,-0.309016994374958,0.));
#3724=DIRECTION('',(0.309016994374958,-0.95105651629515,0.));
#3725=DIRECTION('center_axis',(0.,0.,1.));
#3726=DIRECTION('ref_axis',(1.,-8.27954610630059E-9,-1.448116988665E-16));
#3727=DIRECTION('',(-0.809016994374955,0.587785252292463,0.));
#3728=DIRECTION('',(-0.587785252292463,-0.809016994374955,0.));
#3729=DIRECTION('',(0.809016994374955,-0.587785252292463,0.));
#3730=DIRECTION('center_axis',(0.,0.,1.));
#3731=DIRECTION('ref_axis',(1.,-8.27954610630059E-9,-1.448116988665E-16));
#3732=DIRECTION('',(-1.,4.33680868994202E-17,0.));
#3733=DIRECTION('',(0.,-1.,0.));
#3734=DIRECTION('',(1.,-2.16840434497101E-16,0.));
#3735=DIRECTION('center_axis',(0.,0.,1.));
#3736=DIRECTION('ref_axis',(1.,-8.27954610630059E-9,-1.448116988665E-16));
#3737=DIRECTION('',(-0.809016994374947,-0.587785252292474,0.));
#3738=DIRECTION('',(0.587785252292474,-0.809016994374947,0.));
#3739=DIRECTION('',(0.809016994374947,0.587785252292474,0.));
#3740=DIRECTION('center_axis',(0.,0.,1.));
#3741=DIRECTION('ref_axis',(1.,-8.27954610630059E-9,-1.448116988665E-16));
#3742=DIRECTION('',(-0.309016994374945,-0.951056516295154,0.));
#3743=DIRECTION('',(0.951056516295154,-0.309016994374945,0.));
#3744=DIRECTION('',(0.309016994374945,0.951056516295154,0.));
#3745=DIRECTION('center_axis',(0.,0.,1.));
#3746=DIRECTION('ref_axis',(1.,-8.27954610630059E-9,-1.448116988665E-16));
#3747=DIRECTION('',(0.309016994374952,-0.951056516295152,0.));
#3748=DIRECTION('',(0.951056516295152,0.309016994374952,0.));
#3749=DIRECTION('',(-0.309016994374951,0.951056516295152,0.));
#3750=DIRECTION('center_axis',(0.,0.,1.));
#3751=DIRECTION('ref_axis',(1.,-8.27954610630059E-9,-1.448116988665E-16));
#3752=DIRECTION('',(0.809016994374951,-0.587785252292469,0.));
#3753=DIRECTION('',(0.587785252292469,0.809016994374951,0.));
#3754=DIRECTION('',(-0.809016994374951,0.587785252292469,0.));
#3755=DIRECTION('',(1.,6.34324151690149E-17,0.));
#3756=DIRECTION('',(0.707106781186547,-0.707106781186548,0.));
#3757=DIRECTION('',(0.707106781186548,0.707106781186548,0.));
#3758=DIRECTION('center_axis',(1.,0.,0.));
#3759=DIRECTION('ref_axis',(0.,0.,-1.));
#3760=DIRECTION('center_axis',(-1.,0.,0.));
#3761=DIRECTION('ref_axis',(0.,0.,-1.));
#3762=DIRECTION('',(-1.,0.,0.));
#3763=DIRECTION('center_axis',(1.,0.,0.));
#3764=DIRECTION('ref_axis',(0.,0.,-1.));
#3765=DIRECTION('',(1.,0.,0.));
#3766=DIRECTION('center_axis',(1.,0.,0.));
#3767=DIRECTION('ref_axis',(0.,0.,-1.));
#3768=DIRECTION('',(4.60006173197499E-24,0.500000000000001,-0.866025403784438));
#3769=DIRECTION('',(-4.60006171964903E-24,0.5,0.866025403784439));
#3770=DIRECTION('center_axis',(0.,-0.866025403784438,-0.500000000000001));
#3771=DIRECTION('ref_axis',(4.60006173197499E-24,0.500000000000001,-0.866025403784438));
#3772=DIRECTION('',(0.,-0.500000000000001,0.866025403784438));
#3773=DIRECTION('',(-1.,-1.23259516440783E-32,0.));
#3774=DIRECTION('center_axis',(0.,-8.90737423486632E-16,1.));
#3775=DIRECTION('ref_axis',(-2.46519032881566E-32,-1.,-8.90737423486632E-16));
#3776=DIRECTION('',(2.46519032881566E-32,1.,8.90737423486632E-16));
#3777=DIRECTION('',(-1.,-1.23259516440783E-32,0.));
#3778=DIRECTION('',(-2.46519032881566E-32,-1.,-8.90737423486632E-16));
#3779=DIRECTION('',(1.,-5.55433936775935E-50,0.));
#3780=DIRECTION('center_axis',(1.,0.,0.));
#3781=DIRECTION('ref_axis',(0.,0.,-1.));
#3782=DIRECTION('',(0.,-0.5,-0.866025403784439));
#3783=DIRECTION('center_axis',(0.,0.866025403784439,-0.5));
#3784=DIRECTION('ref_axis',(-4.60006171964903E-24,0.5,0.866025403784439));
#3785=DIRECTION('',(1.,-5.55433936775935E-50,0.));
#3786=DIRECTION('center_axis',(1.,0.,0.));
#3787=DIRECTION('ref_axis',(0.,0.,-1.));
#3788=DIRECTION('',(0.,0.,1.));
#3789=DIRECTION('',(-4.82864482272202E-24,0.416666666666668,0.909059342886309));
#3790=DIRECTION('center_axis',(-1.,0.,0.));
#3791=DIRECTION('ref_axis',(0.,-1.06581410364015E-14,-1.));
#3792=DIRECTION('',(4.8286449028407E-24,0.416666666666665,-0.90905934288631));
#3793=DIRECTION('',(0.,0.,1.));
#3794=DIRECTION('center_axis',(-1.,2.46519032881566E-32,-1.44198894252266E-16));
#3795=DIRECTION('ref_axis',(2.46519032881566E-32,1.,3.55477719536598E-48));
#3796=DIRECTION('',(1.44198894252266E-16,2.55900382555742E-18,-1.));
#3797=DIRECTION('',(-3.67205714389931E-17,0.967032696768903,0.254652240084123));
#3798=DIRECTION('',(1.44198894252266E-16,-1.44198894252266E-16,-1.));
#3799=DIRECTION('center_axis',(-1.44811698864151E-16,2.83692620149895E-19,
-1.));
#3800=DIRECTION('ref_axis',(1.,8.27954588425598E-9,-1.44811698861802E-16));
#3801=DIRECTION('',(1.44811698864151E-16,-2.83692620149895E-19,1.));
#3802=DIRECTION('',(-1.44811698864151E-16,2.83692620149895E-19,-1.));
#3803=DIRECTION('center_axis',(-1.44811698864151E-16,2.83692620149895E-19,
-1.));
#3804=DIRECTION('ref_axis',(1.,8.27954588425598E-9,-1.44811698861802E-16));
#3805=DIRECTION('',(1.44811698864151E-16,-2.83692620149895E-19,1.));
#3806=DIRECTION('',(-1.44811698864151E-16,2.83692620149895E-19,-1.));
#3807=DIRECTION('center_axis',(-1.44811698864151E-16,2.83692620149895E-19,
-1.));
#3808=DIRECTION('ref_axis',(1.,8.27954588425598E-9,-1.44811698861802E-16));
#3809=DIRECTION('',(1.44811698864151E-16,-2.83692620149895E-19,1.));
#3810=DIRECTION('',(-1.44811698864151E-16,2.83692620149895E-19,-1.));
#3811=DIRECTION('center_axis',(-1.44811698864151E-16,2.83692620149895E-19,
-1.));
#3812=DIRECTION('ref_axis',(1.,8.27954588425598E-9,-1.44811698861802E-16));
#3813=DIRECTION('',(1.44811698864151E-16,-2.83692620149895E-19,1.));
#3814=DIRECTION('',(-1.44811698864151E-16,2.83692620149895E-19,-1.));
#3815=DIRECTION('center_axis',(-1.44811698864151E-16,2.83692620149895E-19,
-1.));
#3816=DIRECTION('ref_axis',(1.,8.27954588425598E-9,-1.44811698861802E-16));
#3817=DIRECTION('',(1.44811698864151E-16,-2.83692620149895E-19,1.));
#3818=DIRECTION('',(-1.44811698864151E-16,2.83692620149895E-19,-1.));
#3819=DIRECTION('center_axis',(-1.44811698864151E-16,2.83692620149895E-19,
-1.));
#3820=DIRECTION('ref_axis',(1.,8.27954588425598E-9,-1.44811698861802E-16));
#3821=DIRECTION('',(1.44811698864151E-16,-2.83692620149895E-19,1.));
#3822=DIRECTION('',(-1.44811698864151E-16,2.83692620149895E-19,-1.));
#3823=DIRECTION('center_axis',(-1.44811698864151E-16,2.83692620149895E-19,
-1.));
#3824=DIRECTION('ref_axis',(1.,8.27954588425598E-9,-1.44811698861802E-16));
#3825=DIRECTION('',(1.44811698864151E-16,-2.83692620149895E-19,1.));
#3826=DIRECTION('',(-1.44811698864151E-16,2.83692620149895E-19,-1.));
#3827=DIRECTION('center_axis',(-1.44811698864151E-16,2.83692620149895E-19,
-1.));
#3828=DIRECTION('ref_axis',(1.,8.27954588425598E-9,-1.44811698861802E-16));
#3829=DIRECTION('',(1.44811698864151E-16,-2.83692620149895E-19,1.));
#3830=DIRECTION('',(-1.44811698864151E-16,2.83692620149895E-19,-1.));
#3831=DIRECTION('center_axis',(-1.44811698864151E-16,2.83692620149895E-19,
-1.));
#3832=DIRECTION('ref_axis',(1.,8.27954588425598E-9,-1.44811698861802E-16));
#3833=DIRECTION('',(1.44811698864151E-16,-2.83692620149895E-19,1.));
#3834=DIRECTION('',(-1.44811698864151E-16,2.83692620149895E-19,-1.));
#3835=DIRECTION('center_axis',(-1.44811698864151E-16,2.83692620149895E-19,
-1.));
#3836=DIRECTION('ref_axis',(1.,8.27954588425598E-9,-1.44811698861802E-16));
#3837=DIRECTION('',(1.44811698864151E-16,-2.83692620149895E-19,1.));
#3838=DIRECTION('',(-1.44811698864151E-16,2.83692620149895E-19,-1.));
#3839=DIRECTION('center_axis',(-1.44811698864151E-16,2.83692620149895E-19,
-1.));
#3840=DIRECTION('ref_axis',(1.,-8.27954610630059E-9,-1.448116988665E-16));
#3841=DIRECTION('',(1.44811698864151E-16,-2.83692620149895E-19,1.));
#3842=DIRECTION('',(-1.44811698864151E-16,2.83692620149895E-19,-1.));
#3843=DIRECTION('center_axis',(-1.44811698864151E-16,2.83692620149895E-19,
-1.));
#3844=DIRECTION('ref_axis',(1.,-8.27954610630059E-9,-1.448116988665E-16));
#3845=DIRECTION('',(1.44811698864151E-16,-2.83692620149895E-19,1.));
#3846=DIRECTION('',(-1.44811698864151E-16,2.83692620149895E-19,-1.));
#3847=DIRECTION('center_axis',(-1.44811698864151E-16,2.83692620149895E-19,
-1.));
#3848=DIRECTION('ref_axis',(1.,-8.27954610630059E-9,-1.448116988665E-16));
#3849=DIRECTION('',(1.44811698864151E-16,-2.83692620149895E-19,1.));
#3850=DIRECTION('',(-1.44811698864151E-16,2.83692620149895E-19,-1.));
#3851=DIRECTION('center_axis',(-1.44811698864151E-16,2.83692620149895E-19,
-1.));
#3852=DIRECTION('ref_axis',(1.,-8.27954610630059E-9,-1.448116988665E-16));
#3853=DIRECTION('',(1.44811698864151E-16,-2.83692620149895E-19,1.));
#3854=DIRECTION('',(-1.44811698864151E-16,2.83692620149895E-19,-1.));
#3855=DIRECTION('center_axis',(-1.44811698864151E-16,2.83692620149895E-19,
-1.));
#3856=DIRECTION('ref_axis',(1.,-8.27954610630059E-9,-1.448116988665E-16));
#3857=DIRECTION('',(1.44811698864151E-16,-2.83692620149895E-19,1.));
#3858=DIRECTION('',(-1.44811698864151E-16,2.83692620149895E-19,-1.));
#3859=DIRECTION('center_axis',(-1.44811698864151E-16,2.83692620149895E-19,
-1.));
#3860=DIRECTION('ref_axis',(1.,-8.27954610630059E-9,-1.448116988665E-16));
#3861=DIRECTION('',(1.44811698864151E-16,-2.83692620149895E-19,1.));
#3862=DIRECTION('',(-1.44811698864151E-16,2.83692620149895E-19,-1.));
#3863=DIRECTION('center_axis',(-1.44811698864151E-16,2.83692620149895E-19,
-1.));
#3864=DIRECTION('ref_axis',(1.,-8.27954610630059E-9,-1.448116988665E-16));
#3865=DIRECTION('',(1.44811698864151E-16,-2.83692620149895E-19,1.));
#3866=DIRECTION('',(-1.44811698864151E-16,2.83692620149895E-19,-1.));
#3867=DIRECTION('center_axis',(-1.44811698864151E-16,2.83692620149895E-19,
-1.));
#3868=DIRECTION('ref_axis',(1.,-8.27954610630059E-9,-1.448116988665E-16));
#3869=DIRECTION('',(1.44811698864151E-16,-2.83692620149895E-19,1.));
#3870=DIRECTION('',(-1.44811698864151E-16,2.83692620149895E-19,-1.));
#3871=DIRECTION('center_axis',(-1.44811698864151E-16,2.83692620149895E-19,
-1.));
#3872=DIRECTION('ref_axis',(1.,-8.27954610630059E-9,-1.448116988665E-16));
#3873=DIRECTION('',(1.44811698864151E-16,-2.83692620149895E-19,1.));
#3874=DIRECTION('',(-1.44811698864151E-16,2.83692620149895E-19,-1.));
#3875=DIRECTION('center_axis',(-1.44811698864151E-16,2.83692620149895E-19,
-1.));
#3876=DIRECTION('ref_axis',(1.,-8.27954610630059E-9,-1.448116988665E-16));
#3877=DIRECTION('',(1.44811698864151E-16,-2.83692620149895E-19,1.));
#3878=DIRECTION('',(-1.44811698864151E-16,2.83692620149895E-19,-1.));
#3879=DIRECTION('center_axis',(4.33680868994202E-17,1.,0.));
#3880=DIRECTION('ref_axis',(-1.,4.33680868994202E-17,0.));
#3881=DIRECTION('',(0.,0.,1.));
#3882=DIRECTION('center_axis',(0.587785252292469,0.809016994374951,0.));
#3883=DIRECTION('ref_axis',(-0.809016994374951,0.587785252292469,0.));
#3884=DIRECTION('',(0.,0.,1.));
#3885=DIRECTION('center_axis',(0.951056516295152,0.309016994374952,0.));
#3886=DIRECTION('ref_axis',(-0.309016994374952,0.951056516295152,0.));
#3887=DIRECTION('',(0.,0.,1.));
#3888=DIRECTION('center_axis',(0.951056516295155,-0.309016994374945,0.));
#3889=DIRECTION('ref_axis',(0.309016994374945,0.951056516295155,0.));
#3890=DIRECTION('',(0.,0.,1.));
#3891=DIRECTION('center_axis',(0.587785252292474,-0.809016994374947,0.));
#3892=DIRECTION('ref_axis',(0.809016994374947,0.587785252292474,0.));
#3893=DIRECTION('',(0.,0.,1.));
#3894=DIRECTION('center_axis',(-4.33680868994202E-17,-1.,0.));
#3895=DIRECTION('ref_axis',(1.,-4.33680868994202E-17,0.));
#3896=DIRECTION('',(0.,0.,1.));
#3897=DIRECTION('center_axis',(-0.587785252292462,-0.809016994374955,0.));
#3898=DIRECTION('ref_axis',(0.809016994374955,-0.587785252292462,0.));
#3899=DIRECTION('',(0.,0.,1.));
#3900=DIRECTION('center_axis',(-0.95105651629515,-0.309016994374958,0.));
#3901=DIRECTION('ref_axis',(0.309016994374958,-0.95105651629515,0.));
#3902=DIRECTION('',(0.,0.,1.));
#3903=DIRECTION('center_axis',(-0.951056516295157,0.309016994374938,0.));
#3904=DIRECTION('ref_axis',(-0.309016994374938,-0.951056516295157,0.));
#3905=DIRECTION('',(0.,0.,1.));
#3906=DIRECTION('center_axis',(-0.58778525229248,0.809016994374942,0.));
#3907=DIRECTION('ref_axis',(-0.809016994374942,-0.58778525229248,0.));
#3908=DIRECTION('',(0.,0.,1.));
#3909=DIRECTION('center_axis',(4.33680868994202E-17,1.,0.));
#3910=DIRECTION('ref_axis',(-1.,4.33680868994202E-17,0.));
#3911=DIRECTION('',(0.,0.,1.));
#3912=DIRECTION('center_axis',(0.587785252292469,0.809016994374951,0.));
#3913=DIRECTION('ref_axis',(-0.809016994374951,0.587785252292469,0.));
#3914=DIRECTION('',(0.,0.,1.));
#3915=DIRECTION('center_axis',(0.951056516295152,0.309016994374952,0.));
#3916=DIRECTION('ref_axis',(-0.309016994374952,0.951056516295152,0.));
#3917=DIRECTION('',(0.,0.,1.));
#3918=DIRECTION('center_axis',(0.951056516295155,-0.309016994374945,0.));
#3919=DIRECTION('ref_axis',(0.309016994374945,0.951056516295155,0.));
#3920=DIRECTION('',(0.,0.,1.));
#3921=DIRECTION('center_axis',(0.587785252292474,-0.809016994374947,0.));
#3922=DIRECTION('ref_axis',(0.809016994374947,0.587785252292474,0.));
#3923=DIRECTION('',(0.,0.,1.));
#3924=DIRECTION('center_axis',(-4.33680868994202E-17,-1.,0.));
#3925=DIRECTION('ref_axis',(1.,-4.33680868994202E-17,0.));
#3926=DIRECTION('',(0.,0.,1.));
#3927=DIRECTION('center_axis',(-0.587785252292462,-0.809016994374955,0.));
#3928=DIRECTION('ref_axis',(0.809016994374955,-0.587785252292462,0.));
#3929=DIRECTION('',(0.,0.,1.));
#3930=DIRECTION('center_axis',(-0.95105651629515,-0.309016994374958,0.));
#3931=DIRECTION('ref_axis',(0.309016994374958,-0.95105651629515,0.));
#3932=DIRECTION('',(0.,0.,1.));
#3933=DIRECTION('center_axis',(-0.951056516295157,0.309016994374938,0.));
#3934=DIRECTION('ref_axis',(-0.309016994374938,-0.951056516295157,0.));
#3935=DIRECTION('',(0.,0.,1.));
#3936=DIRECTION('center_axis',(-0.58778525229248,0.809016994374942,0.));
#3937=DIRECTION('ref_axis',(-0.809016994374942,-0.58778525229248,0.));
#3938=DIRECTION('',(0.,0.,1.));
#3939=DIRECTION('center_axis',(6.34324151690149E-17,-1.,0.));
#3940=DIRECTION('ref_axis',(1.,6.34324151690149E-17,5.31169375899292E-24));
#3941=DIRECTION('',(0.,0.,1.));
#3942=DIRECTION('',(0.,0.,-1.));
#3943=DIRECTION('center_axis',(-0.707106781186548,0.707106781186548,0.));
#3944=DIRECTION('ref_axis',(-0.707106781186548,-0.707106781186548,-3.72832189596005E-24));
#3945=DIRECTION('',(0.,0.,1.));
#3946=DIRECTION('center_axis',(0.707106781186548,0.707106781186547,0.));
#3947=DIRECTION('ref_axis',(-0.707106781186547,0.707106781186548,-3.78354745178101E-24));
#3948=DIRECTION('center_axis',(0.707106781186547,-0.707106781186548,0.));
#3949=DIRECTION('ref_axis',(0.707106781186548,0.707106781186547,3.72832189518968E-24));
#3950=DIRECTION('',(0.,0.,1.));
#3951=DIRECTION('',(0.,0.,1.));
#3952=DIRECTION('center_axis',(-0.707106781186548,-0.707106781186547,0.));
#3953=DIRECTION('ref_axis',(0.707106781186547,-0.707106781186548,3.78354746333659E-24));
#3954=DIRECTION('',(0.,0.,-1.));
#3955=DIRECTION('center_axis',(-6.34324151690149E-17,1.,0.));
#3956=DIRECTION('ref_axis',(-1.,-6.34324151690149E-17,-5.31169375899292E-24));
#3957=DIRECTION('center_axis',(1.11022302462516E-16,1.,0.));
#3958=DIRECTION('ref_axis',(-1.,1.11022302462516E-16,-5.31169375854649E-24));
#3959=DIRECTION('',(0.,0.,1.));
#3960=DIRECTION('',(0.,0.,-1.));
#3961=DIRECTION('center_axis',(0.707106781186548,-0.707106781186548,0.));
#3962=DIRECTION('ref_axis',(0.707106781186548,0.707106781186548,3.72832190828601E-24));
#3963=DIRECTION('',(0.,0.,1.));
#3964=DIRECTION('center_axis',(-0.737921306453429,-0.674886764933247,0.));
#3965=DIRECTION('ref_axis',(0.674886764933247,-0.737921306453429,3.61360792019402E-24));
#3966=DIRECTION('center_axis',(-1.11022302462516E-16,-1.,0.));
#3967=DIRECTION('ref_axis',(1.,-1.11022302462516E-16,5.31169375854649E-24));
#3968=DIRECTION('',(0.,0.,1.));
#3969=DIRECTION('',(0.,0.,1.));
#3970=DIRECTION('center_axis',(-0.707106781186784,0.707106781186311,0.));
#3971=DIRECTION('ref_axis',(-0.707106781186311,-0.707106781186784,-3.72832189827117E-24));
#3972=DIRECTION('',(0.,0.,1.));
#3973=DIRECTION('center_axis',(1.,-5.47159096539605E-16,0.));
#3974=DIRECTION('ref_axis',(5.47159096539605E-16,1.,-3.90503662491315E-26));
#3975=DIRECTION('center_axis',(-1.,1.11022302462516E-16,0.));
#3976=DIRECTION('ref_axis',(-1.11022302462516E-16,-1.,3.90503662491315E-26));
#3977=DIRECTION('',(0.,0.,1.));
#3978=DIRECTION('',(0.,0.,-1.));
#3979=DIRECTION('center_axis',(0.707106781186548,0.707106781186547,0.));
#3980=DIRECTION('ref_axis',(-0.707106781186547,0.707106781186548,-3.78354745101064E-24));
#3981=DIRECTION('',(0.,0.,1.));
#3982=DIRECTION('center_axis',(2.37887132800546E-16,-1.,0.));
#3983=DIRECTION('ref_axis',(1.,2.37887132800546E-16,5.31169375943935E-24));
#3984=DIRECTION('center_axis',(-2.46519032881566E-32,-1.77738859768299E-48,
1.));
#3985=DIRECTION('ref_axis',(-0.707106781186552,-0.707106781186543,0.));
#3986=DIRECTION('center_axis',(0.,-0.90905934288631,-0.416666666666665));
#3987=DIRECTION('ref_axis',(-2.89120579329467E-17,-0.416666666666665,0.90905934288631));
#3988=DIRECTION('',(2.46519032881566E-32,1.77738859768299E-48,-1.));
#3989=DIRECTION('',(-2.46519032881566E-32,-1.77738859768299E-48,1.));
#3990=DIRECTION('center_axis',(-1.,-1.23259516440783E-32,-2.46519032881566E-32));
#3991=DIRECTION('ref_axis',(1.23259516440783E-32,-1.,-2.55900382555742E-18));
#3992=DIRECTION('',(1.72742298189959E-32,0.416666666666665,-0.90905934288631));
#3993=DIRECTION('center_axis',(-1.,-1.23259516440783E-32,-2.46519032881566E-32));
#3994=DIRECTION('ref_axis',(0.,-1.06581410364015E-14,-1.));
#3995=DIRECTION('',(-2.75458561890611E-32,0.416666666666668,0.909059342886309));
#3996=DIRECTION('',(0.,0.,-1.));
#3997=DIRECTION('center_axis',(0.,-0.90905934288631,-0.416666666666665));
#3998=DIRECTION('ref_axis',(4.82864490284071E-24,0.416666666666665,-0.90905934288631));
#3999=DIRECTION('',(1.,1.23259516440783E-32,2.46519032881566E-32));
#4000=DIRECTION('',(1.,0.,0.));
#4001=DIRECTION('center_axis',(2.46519032881566E-32,3.85185988877447E-34,
-1.));
#4002=DIRECTION('ref_axis',(-0.70710678118654,0.707106781186555,0.));
#4003=DIRECTION('center_axis',(0.,0.909059342886309,-0.416666666666668));
#4004=DIRECTION('ref_axis',(0.,0.416666666666668,0.909059342886309));
#4005=DIRECTION('',(2.46519032881566E-32,3.85185988877447E-34,-1.));
#4006=DIRECTION('center_axis',(-5.55433936775935E-50,-1.,-3.85185988877447E-34));
#4007=DIRECTION('ref_axis',(1.,0.,-1.44198894252266E-16));
#4008=DIRECTION('',(-1.,5.55433936775935E-50,-2.46519032881566E-32));
#4009=DIRECTION('',(0.,0.,-1.));
#4010=DIRECTION('center_axis',(0.,0.909059342886309,-0.416666666666668));
#4011=DIRECTION('ref_axis',(-4.82864482272202E-24,0.416666666666668,0.909059342886309));
#4012=DIRECTION('',(-1.,0.,0.));
#4013=DIRECTION('center_axis',(1.,0.,0.));
#4014=DIRECTION('ref_axis',(0.,-1.06581410364015E-14,-1.));
#4015=DIRECTION('center_axis',(1.44198894252266E-16,-2.55900382555742E-18,
1.));
#4016=DIRECTION('ref_axis',(-0.38268343236509,-0.923879532511287,4.62191054784346E-17));
#4017=DIRECTION('',(0.,0.,1.));
#4018=DIRECTION('',(0.,0.,-1.));
#4019=DIRECTION('center_axis',(-0.707106781186548,-0.707106781186548,1.00154527007245E-16));
#4020=DIRECTION('ref_axis',(1.41639890426708E-16,0.,1.));
#4021=DIRECTION('',(0.,0.,1.));
#4022=DIRECTION('center_axis',(-1.44198894252266E-16,0.,-1.));
#4023=DIRECTION('ref_axis',(-0.38268343236509,0.923879532511287,0.));
#4024=DIRECTION('',(0.,0.,-1.));
#4025=DIRECTION('',(0.,0.,1.));
#4026=DIRECTION('center_axis',(0.,1.,0.));
#4027=DIRECTION('ref_axis',(0.,0.,1.));
#4028=DIRECTION('',(0.,0.,1.));
#4029=DIRECTION('center_axis',(1.44198894252266E-16,0.,-1.));
#4030=DIRECTION('ref_axis',(0.707106781186548,0.707106781186548,1.3652977901598E-16));
#4031=DIRECTION('',(1.44198894252266E-16,0.,-1.));
#4032=DIRECTION('center_axis',(1.,0.,1.44198894252266E-16));
#4033=DIRECTION('ref_axis',(0.,-1.,0.));
#4034=DIRECTION('',(-1.44198894252266E-16,-1.44198894252266E-16,1.));
#4035=DIRECTION('',(0.,1.,0.));
#4036=DIRECTION('',(-1.44198894252266E-16,-1.44198894252266E-16,1.));
#4037=DIRECTION('center_axis',(-0.707106781186548,0.707106781186548,1.01964015965379E-16));
#4038=DIRECTION('ref_axis',(1.44198894252266E-16,0.,1.));
#4039=DIRECTION('center_axis',(-1.23259516440783E-32,1.,1.77738859768299E-48));
#4040=DIRECTION('ref_axis',(1.,1.23259516440783E-32,-1.44198894252266E-16));
#4041=DIRECTION('center_axis',(-1.23259516440783E-32,1.,2.55900382555742E-18));
#4042=DIRECTION('ref_axis',(-1.,-1.23259516440783E-32,-2.46519032881566E-32));
#4043=DIRECTION('',(0.694375538307233,3.68298392248427E-18,-0.719612820758872));
#4044=DIRECTION('center_axis',(0.707876192506263,-0.179870180063067,0.683050521123377));
#4045=DIRECTION('ref_axis',(-0.246272303220528,-0.969200677190465,-1.38777878078145E-17));
#4046=DIRECTION('center_axis',(1.,-1.73472347597681E-16,0.));
#4047=DIRECTION('ref_axis',(1.73472347597681E-16,1.,0.));
#4048=DIRECTION('',(0.,0.,-1.));
#4049=DIRECTION('',(0.,1.,0.));
#4050=DIRECTION('',(0.,0.,-1.));
#4051=DIRECTION('',(-1.2266347333467E-16,-0.707106781186547,0.707106781186547));
#4052=DIRECTION('center_axis',(0.,-1.,0.));
#4053=DIRECTION('ref_axis',(0.,0.,-1.));
#4054=DIRECTION('',(1.,0.,0.));
#4055=DIRECTION('',(0.,0.,-1.));
#4056=DIRECTION('',(1.,0.,0.));
#4057=DIRECTION('center_axis',(-0.707106781186552,-0.707106781186543,0.));
#4058=DIRECTION('ref_axis',(0.,0.,1.));
#4059=DIRECTION('',(0.707106781186543,-0.707106781186552,0.));
#4060=DIRECTION('',(0.,0.,-1.));
#4061=DIRECTION('',(0.577350269189621,-0.577350269189628,0.577350269189628));
#4062=DIRECTION('center_axis',(0.,-1.,0.));
#4063=DIRECTION('ref_axis',(0.,0.,-1.));
#4064=DIRECTION('',(0.,0.,-1.));
#4065=DIRECTION('',(-1.,0.,0.));
#4066=DIRECTION('',(0.,0.,-1.));
#4067=DIRECTION('',(1.,0.,0.));
#4068=DIRECTION('center_axis',(0.,0.,1.));
#4069=DIRECTION('ref_axis',(1.,0.,0.));
#4070=DIRECTION('',(1.,0.,0.));
#4071=DIRECTION('',(0.,-1.,0.));
#4072=DIRECTION('',(8.67361737988401E-15,1.,0.));
#4073=DIRECTION('',(0.707106781186544,0.707106781186552,0.));
#4074=DIRECTION('',(0.,1.,0.));
#4075=DIRECTION('center_axis',(-1.,0.,0.));
#4076=DIRECTION('ref_axis',(0.,0.,1.));
#4077=DIRECTION('',(0.,0.707106781186547,-0.707106781186547));
#4078=DIRECTION('',(0.,0.,-1.));
#4079=DIRECTION('',(0.,-1.,0.));
#4080=DIRECTION('',(0.,0.,-1.));
#4081=DIRECTION('center_axis',(0.,-1.,0.));
#4082=DIRECTION('ref_axis',(0.,0.,-1.));
#4083=DIRECTION('',(1.,0.,0.));
#4084=DIRECTION('',(0.,0.,1.));
#4085=DIRECTION('',(1.,0.,0.));
#4086=DIRECTION('center_axis',(-0.707106781186546,0.707106781186549,0.));
#4087=DIRECTION('ref_axis',(0.,0.,-1.));
#4088=DIRECTION('',(0.707106781186549,0.707106781186546,0.));
#4089=DIRECTION('',(-0.577350269189627,-0.577350269189625,0.577350269189625));
#4090=DIRECTION('center_axis',(0.707106781186548,0.707106781186548,0.));
#4091=DIRECTION('ref_axis',(0.,0.,1.));
#4092=DIRECTION('',(0.,0.,1.));
#4093=DIRECTION('center_axis',(0.,1.,0.));
#4094=DIRECTION('ref_axis',(0.,0.,1.));
#4095=DIRECTION('',(-1.,0.,0.));
#4096=DIRECTION('',(0.707106781186558,0.,0.707106781186537));
#4097=DIRECTION('',(-1.,7.88510670898549E-17,0.));
#4098=DIRECTION('',(0.,0.,1.));
#4099=DIRECTION('center_axis',(0.,0.,1.));
#4100=DIRECTION('ref_axis',(1.,0.,0.));
#4101=DIRECTION('',(-0.707106781186547,-0.707106781186548,0.));
#4102=DIRECTION('',(0.,-1.,0.));
#4103=DIRECTION('',(-1.,0.,0.));
#4104=DIRECTION('',(0.,1.,0.));
#4105=DIRECTION('',(0.707106781186544,0.707106781186552,0.));
#4106=DIRECTION('',(8.67361737988401E-15,1.,0.));
#4107=DIRECTION('',(0.,-1.,0.));
#4108=DIRECTION('',(1.,0.,0.));
#4109=DIRECTION('',(0.,-1.,0.));
#4110=DIRECTION('',(-1.,0.,0.));
#4111=DIRECTION('',(8.67361737988401E-15,-1.,0.));
#4112=DIRECTION('',(0.707106781186544,-0.707106781186551,0.));
#4113=DIRECTION('',(0.,1.,0.));
#4114=DIRECTION('',(1.,0.,0.));
#4115=DIRECTION('center_axis',(0.,-1.,0.));
#4116=DIRECTION('ref_axis',(0.,0.,-1.));
#4117=DIRECTION('',(-0.707106781186558,0.,-0.707106781186537));
#4118=DIRECTION('',(0.,0.,1.));
#4119=DIRECTION('',(1.,0.,0.));
#4120=DIRECTION('',(0.,0.,-1.));
#4121=DIRECTION('',(0.,0.,1.));
#4122=DIRECTION('',(0.,0.,-1.));
#4123=DIRECTION('center_axis',(1.,0.,0.));
#4124=DIRECTION('ref_axis',(0.,0.,-1.));
#4125=DIRECTION('',(0.,0.,1.));
#4126=DIRECTION('',(0.,0.,1.));
#4127=DIRECTION('center_axis',(0.,1.,0.));
#4128=DIRECTION('ref_axis',(0.,0.,1.));
#4129=DIRECTION('',(0.,0.,-1.));
#4130=DIRECTION('',(0.,0.,1.));
#4131=DIRECTION('center_axis',(-1.,0.,0.));
#4132=DIRECTION('ref_axis',(0.,0.,1.));
#4133=DIRECTION('',(0.,0.,1.));
#4134=DIRECTION('',(0.,0.,1.));
#4135=DIRECTION('center_axis',(0.,-1.,0.));
#4136=DIRECTION('ref_axis',(0.,0.,-1.));
#4137=DIRECTION('',(0.,0.,1.));
#4138=DIRECTION('',(0.,0.,1.));
#4139=DIRECTION('center_axis',(2.16840434497101E-16,1.,0.));
#4140=DIRECTION('ref_axis',(-1.,2.16840434497101E-16,0.));
#4141=DIRECTION('',(0.,0.,1.));
#4142=DIRECTION('center_axis',(1.,0.,0.));
#4143=DIRECTION('ref_axis',(0.,0.,-1.));
#4144=DIRECTION('center_axis',(0.587785252292463,0.809016994374955,0.));
#4145=DIRECTION('ref_axis',(-0.809016994374955,0.587785252292463,0.));
#4146=DIRECTION('',(0.,0.,1.));
#4147=DIRECTION('center_axis',(0.809016994374955,-0.587785252292462,0.));
#4148=DIRECTION('ref_axis',(0.587785252292462,0.809016994374955,0.));
#4149=DIRECTION('center_axis',(0.95105651629515,0.309016994374958,0.));
#4150=DIRECTION('ref_axis',(-0.309016994374958,0.95105651629515,0.));
#4151=DIRECTION('',(0.,0.,1.));
#4152=DIRECTION('center_axis',(0.309016994374958,-0.95105651629515,0.));
#4153=DIRECTION('ref_axis',(0.95105651629515,0.309016994374958,0.));
#4154=DIRECTION('center_axis',(0.951056516295156,-0.309016994374939,0.));
#4155=DIRECTION('ref_axis',(0.309016994374939,0.951056516295157,0.));
#4156=DIRECTION('',(0.,0.,1.));
#4157=DIRECTION('center_axis',(-0.309016994374938,-0.951056516295157,0.));
#4158=DIRECTION('ref_axis',(0.951056516295157,-0.309016994374938,0.));
#4159=DIRECTION('center_axis',(0.58778525229248,-0.809016994374942,0.));
#4160=DIRECTION('ref_axis',(0.809016994374943,0.58778525229248,0.));
#4161=DIRECTION('',(0.,0.,1.));
#4162=DIRECTION('center_axis',(-0.809016994374942,-0.58778525229248,0.));
#4163=DIRECTION('ref_axis',(0.58778525229248,-0.809016994374942,0.));
#4164=DIRECTION('center_axis',(-2.16840434497101E-16,-1.,0.));
#4165=DIRECTION('ref_axis',(1.,-2.16840434497101E-16,0.));
#4166=DIRECTION('',(0.,0.,1.));
#4167=DIRECTION('center_axis',(-1.,0.,0.));
#4168=DIRECTION('ref_axis',(0.,0.,1.));
#4169=DIRECTION('center_axis',(-0.587785252292469,-0.809016994374951,0.));
#4170=DIRECTION('ref_axis',(0.809016994374951,-0.587785252292469,0.));
#4171=DIRECTION('',(0.,0.,1.));
#4172=DIRECTION('center_axis',(-0.809016994374951,0.587785252292469,0.));
#4173=DIRECTION('ref_axis',(-0.587785252292469,-0.809016994374951,0.));
#4174=DIRECTION('center_axis',(-0.951056516295152,-0.309016994374951,0.));
#4175=DIRECTION('ref_axis',(0.309016994374951,-0.951056516295152,0.));
#4176=DIRECTION('',(0.,0.,1.));
#4177=DIRECTION('center_axis',(-0.309016994374952,0.951056516295152,0.));
#4178=DIRECTION('ref_axis',(-0.951056516295152,-0.309016994374952,0.));
#4179=DIRECTION('center_axis',(-0.951056516295154,0.309016994374945,0.));
#4180=DIRECTION('ref_axis',(-0.309016994374945,-0.951056516295155,0.));
#4181=DIRECTION('',(0.,0.,1.));
#4182=DIRECTION('center_axis',(0.309016994374945,0.951056516295155,0.));
#4183=DIRECTION('ref_axis',(-0.951056516295155,0.309016994374945,0.));
#4184=DIRECTION('center_axis',(-0.587785252292474,0.809016994374947,0.));
#4185=DIRECTION('ref_axis',(-0.809016994374947,-0.587785252292474,0.));
#4186=DIRECTION('',(0.,0.,1.));
#4187=DIRECTION('center_axis',(0.809016994374947,0.587785252292474,0.));
#4188=DIRECTION('ref_axis',(-0.587785252292474,0.809016994374947,0.));
#4189=DIRECTION('center_axis',(0.587785252292463,0.809016994374955,0.));
#4190=DIRECTION('ref_axis',(-0.809016994374955,0.587785252292463,0.));
#4191=DIRECTION('',(0.,0.,1.));
#4192=DIRECTION('center_axis',(0.809016994374955,-0.587785252292462,0.));
#4193=DIRECTION('ref_axis',(0.587785252292462,0.809016994374955,0.));
#4194=DIRECTION('center_axis',(0.95105651629515,0.309016994374958,0.));
#4195=DIRECTION('ref_axis',(-0.309016994374958,0.95105651629515,0.));
#4196=DIRECTION('',(0.,0.,1.));
#4197=DIRECTION('center_axis',(0.309016994374958,-0.95105651629515,0.));
#4198=DIRECTION('ref_axis',(0.95105651629515,0.309016994374958,0.));
#4199=DIRECTION('center_axis',(0.951056516295156,-0.309016994374939,0.));
#4200=DIRECTION('ref_axis',(0.309016994374939,0.951056516295157,0.));
#4201=DIRECTION('',(0.,0.,1.));
#4202=DIRECTION('center_axis',(-0.309016994374938,-0.951056516295157,0.));
#4203=DIRECTION('ref_axis',(0.951056516295157,-0.309016994374938,0.));
#4204=DIRECTION('center_axis',(0.58778525229248,-0.809016994374942,0.));
#4205=DIRECTION('ref_axis',(0.809016994374943,0.58778525229248,0.));
#4206=DIRECTION('',(0.,0.,1.));
#4207=DIRECTION('center_axis',(-0.809016994374942,-0.58778525229248,0.));
#4208=DIRECTION('ref_axis',(0.58778525229248,-0.809016994374942,0.));
#4209=DIRECTION('center_axis',(-2.16840434497101E-16,-1.,0.));
#4210=DIRECTION('ref_axis',(1.,-2.16840434497101E-16,0.));
#4211=DIRECTION('',(0.,0.,1.));
#4212=DIRECTION('center_axis',(-1.,0.,0.));
#4213=DIRECTION('ref_axis',(0.,0.,1.));
#4214=DIRECTION('center_axis',(-0.587785252292469,-0.809016994374951,0.));
#4215=DIRECTION('ref_axis',(0.809016994374951,-0.587785252292469,0.));
#4216=DIRECTION('',(0.,0.,1.));
#4217=DIRECTION('center_axis',(-0.809016994374951,0.587785252292469,0.));
#4218=DIRECTION('ref_axis',(-0.587785252292469,-0.809016994374951,0.));
#4219=DIRECTION('center_axis',(-0.951056516295152,-0.309016994374951,0.));
#4220=DIRECTION('ref_axis',(0.309016994374951,-0.951056516295152,0.));
#4221=DIRECTION('',(0.,0.,1.));
#4222=DIRECTION('center_axis',(-0.309016994374952,0.951056516295152,0.));
#4223=DIRECTION('ref_axis',(-0.951056516295152,-0.309016994374952,0.));
#4224=DIRECTION('center_axis',(-0.951056516295154,0.309016994374945,0.));
#4225=DIRECTION('ref_axis',(-0.309016994374945,-0.951056516295155,0.));
#4226=DIRECTION('',(0.,0.,1.));
#4227=DIRECTION('center_axis',(0.309016994374945,0.951056516295155,0.));
#4228=DIRECTION('ref_axis',(-0.951056516295155,0.309016994374945,0.));
#4229=DIRECTION('center_axis',(-0.587785252292474,0.809016994374947,0.));
#4230=DIRECTION('ref_axis',(-0.809016994374947,-0.587785252292474,0.));
#4231=DIRECTION('',(0.,0.,1.));
#4232=DIRECTION('center_axis',(0.809016994374947,0.587785252292474,0.));
#4233=DIRECTION('ref_axis',(-0.587785252292474,0.809016994374947,0.));
#4234=DIRECTION('center_axis',(2.16840434497101E-16,1.,0.));
#4235=DIRECTION('ref_axis',(-1.,2.16840434497101E-16,0.));
#4236=DIRECTION('',(0.,0.,1.));
#4237=DIRECTION('center_axis',(1.,0.,0.));
#4238=DIRECTION('ref_axis',(0.,0.,-1.));
#4239=DIRECTION('center_axis',(0.,0.707106781186548,0.707106781186548));
#4240=DIRECTION('ref_axis',(0.,-0.707106781186548,0.707106781186548));
#4241=DIRECTION('center_axis',(0.,0.707106781186548,0.707106781186548));
#4242=DIRECTION('ref_axis',(0.,-0.707106781186548,0.707106781186548));
#4243=DIRECTION('center_axis',(0.,-1.,0.));
#4244=DIRECTION('ref_axis',(0.,0.,-1.));
#4245=DIRECTION('',(0.,0.,1.));
#4246=DIRECTION('',(1.,0.,0.));
#4247=DIRECTION('',(0.,0.,-1.));
#4248=DIRECTION('center_axis',(0.,0.,1.));
#4249=DIRECTION('ref_axis',(1.,0.,0.));
#4250=DIRECTION('',(0.,-1.,0.));
#4251=DIRECTION('',(0.,1.,0.));
#4252=DIRECTION('',(0.707106781186544,-0.707106781186552,0.));
#4253=DIRECTION('',(8.67361737988401E-15,-1.,0.));
#4254=DIRECTION('center_axis',(1.,0.,0.));
#4255=DIRECTION('ref_axis',(0.,0.,-1.));
#4256=DIRECTION('',(0.,0.,-1.));
#4257=DIRECTION('center_axis',(-1.,0.,0.));
#4258=DIRECTION('ref_axis',(0.,0.,1.));
#4259=DIRECTION('',(0.,0.,-1.));
#4260=DIRECTION('center_axis',(-1.,0.,0.));
#4261=DIRECTION('ref_axis',(0.,0.,1.));
#4262=DIRECTION('center_axis',(1.,0.,0.));
#4263=DIRECTION('ref_axis',(0.,0.,-1.));
#4264=DIRECTION('center_axis',(0.707106781186552,0.707106781186544,0.));
#4265=DIRECTION('ref_axis',(-0.707106781186544,0.707106781186551,0.));
#4266=DIRECTION('',(0.,0.,-1.));
#4267=DIRECTION('center_axis',(1.,8.67361737988401E-15,0.));
#4268=DIRECTION('ref_axis',(-8.67361737988401E-15,1.,0.));
#4269=DIRECTION('center_axis',(-1.,8.67361737988401E-15,0.));
#4270=DIRECTION('ref_axis',(-8.67361737988401E-15,-1.,0.));
#4271=DIRECTION('',(0.,0.,-1.));
#4272=DIRECTION('center_axis',(-0.707106781186552,0.707106781186544,0.));
#4273=DIRECTION('ref_axis',(-0.707106781186544,-0.707106781186551,0.));
#4274=DIRECTION('center_axis',(0.70710678118655,0.707106781186545,0.));
#4275=DIRECTION('ref_axis',(0.,0.,1.));
#4276=DIRECTION('center_axis',(0.707106781186542,-0.707106781186553,0.));
#4277=DIRECTION('ref_axis',(0.,0.,1.));
#4278=DIRECTION('center_axis',(-0.707106781186543,0.707106781186552,0.));
#4279=DIRECTION('ref_axis',(0.,0.,1.));
#4280=DIRECTION('center_axis',(-0.70710678118655,-0.707106781186545,0.));
#4281=DIRECTION('ref_axis',(0.,0.,1.));
#4282=DIRECTION('center_axis',(0.707106781186548,-0.707106781186547,0.));
#4283=DIRECTION('ref_axis',(0.,0.,-1.));
#4284=DIRECTION('center_axis',(0.,0.,1.));
#4285=DIRECTION('ref_axis',(1.,0.,0.));
#4286=DIRECTION('',(0.,1.,0.));
#4287=DIRECTION('center_axis',(-0.707106781186537,0.,0.707106781186558));
#4288=DIRECTION('ref_axis',(0.,-1.,0.));
#4289=DIRECTION('',(1.,-1.44198894252266E-16,2.55900382555742E-18));
#4290=DIRECTION('',(1.44198894252266E-16,1.,1.11022302462516E-16));
#4291=CARTESIAN_POINT('',(0.,0.,0.));
#4292=CARTESIAN_POINT('',(0.,0.,0.));
#4293=CARTESIAN_POINT('Origin',(0.,0.,16.5));
#4294=CARTESIAN_POINT('',(-92.1886947495584,20.,16.5));
#4295=CARTESIAN_POINT('',(-72.1886947495584,20.,16.5));
#4296=CARTESIAN_POINT('',(-67.1886947495584,20.,16.5));
#4297=CARTESIAN_POINT('',(-92.1886947495584,15.,16.5));
#4298=CARTESIAN_POINT('',(-92.1886947495584,8.75,16.5));
#4299=CARTESIAN_POINT('',(-72.1886947495584,15.,16.5));
#4300=CARTESIAN_POINT('',(-82.1886947495584,15.,16.5));
#4301=CARTESIAN_POINT('',(-68.4963065941333,11.3076118445749,16.5));
#4302=CARTESIAN_POINT('',(-70.3136947495584,13.125,16.5));
#4303=CARTESIAN_POINT('',(-59.3039184387082,7.49999999999999,16.5));
#4304=CARTESIAN_POINT('Origin',(-59.3039184387082,20.5,16.5));
#4305=CARTESIAN_POINT('',(-22.1886947495584,7.49999999999999,16.5));
#4306=CARTESIAN_POINT('',(-60.7463065941333,7.49999999999999,16.5));
#4307=CARTESIAN_POINT('',(-22.1886947495584,-3.4828781256954,16.5));
#4308=CARTESIAN_POINT('',(-22.1886947495584,4.49999999999999,16.5));
#4309=CARTESIAN_POINT('',(-19.1715728752538,-6.5,16.5));
#4310=CARTESIAN_POINT('',(-12.8357864376269,-12.8357864376269,16.5));
#4311=CARTESIAN_POINT('',(19.2,-6.5,16.5));
#4312=CARTESIAN_POINT('',(-3.,-6.5,16.5));
#4313=CARTESIAN_POINT('',(22.1885155184291,-3.51148448157088,16.5));
#4314=CARTESIAN_POINT('',(12.85,-12.85,16.5));
#4315=CARTESIAN_POINT('',(22.1885155184291,4.49999999999999,16.5));
#4316=CARTESIAN_POINT('',(22.1885155184291,2.24999999999999,16.5));
#4317=CARTESIAN_POINT('',(-0.811484481570877,27.5,16.5));
#4318=CARTESIAN_POINT('Origin',(-0.811484481570877,4.49999999999999,16.5));
#4319=CARTESIAN_POINT('',(-59.3039184387082,27.5,16.5));
#4320=CARTESIAN_POINT('',(22.7459016393443,27.5,16.5));
#4321=CARTESIAN_POINT('',(-68.4963065941333,23.6923881554251,16.5));
#4322=CARTESIAN_POINT('Origin',(-59.3039184387082,14.5,16.5));
#4323=CARTESIAN_POINT('',(-68.4675006718458,23.7211940777125,16.5));
#4324=CARTESIAN_POINT('',(-19.0594117081556,0.5,16.5));
#4325=CARTESIAN_POINT('',(-18.7690086908338,1.39376858555731,16.5));
#4326=CARTESIAN_POINT('Origin',(-16.,2.96458788056644E-17,16.5));
#4327=CARTESIAN_POINT('',(-20.338977598021,2.53441776427487,16.5));
#4328=CARTESIAN_POINT('',(-20.338977598021,2.53441776427487,16.5));
#4329=CARTESIAN_POINT('',(-19.7511923457285,3.34343475864982,16.5));
#4330=CARTESIAN_POINT('',(-20.338977598021,2.53441776427487,16.5));
#4331=CARTESIAN_POINT('',(-18.1812234385414,2.20278557993227,16.5));
#4332=CARTESIAN_POINT('',(-19.7511923457285,3.34343475864982,16.5));
#4333=CARTESIAN_POINT('',(-17.4209384687574,2.75516494388364,16.5));
#4334=CARTESIAN_POINT('Origin',(-16.,2.96458788056644E-17,16.5));
#4335=CARTESIAN_POINT('',(-18.0206132300223,4.60077408428829,16.5));
#4336=CARTESIAN_POINT('',(-18.0206132300223,4.60077408428829,16.5));
#4337=CARTESIAN_POINT('',(-17.0695567137272,4.90979107866324,16.5));
#4338=CARTESIAN_POINT('',(-18.0206132300223,4.60077408428829,16.5));
#4339=CARTESIAN_POINT('',(-16.4698819524622,3.0641819382586,16.5));
#4340=CARTESIAN_POINT('',(-17.0695567137272,4.90979107866324,16.5));
#4341=CARTESIAN_POINT('',(-15.5301180475378,3.06418193825862,16.5));
#4342=CARTESIAN_POINT('Origin',(-16.,2.96458788056644E-17,16.5));
#4343=CARTESIAN_POINT('',(-14.9304432862729,4.90979107866325,16.5));
#4344=CARTESIAN_POINT('',(-14.9304432862729,4.90979107866325,16.5));
#4345=CARTESIAN_POINT('',(-13.9793867699777,4.6007740842883,16.5));
#4346=CARTESIAN_POINT('',(-14.9304432862729,4.90979107866325,16.5));
#4347=CARTESIAN_POINT('',(-14.5790615312426,2.75516494388368,16.5));
#4348=CARTESIAN_POINT('',(-13.9793867699777,4.6007740842883,16.5));
#4349=CARTESIAN_POINT('',(-13.8187765614586,2.20278557993232,16.5));
#4350=CARTESIAN_POINT('Origin',(-16.,2.96458788056644E-17,16.5));
#4351=CARTESIAN_POINT('',(-12.2488076542715,3.34343475864985,16.5));
#4352=CARTESIAN_POINT('',(-12.2488076542715,3.34343475864985,16.5));
#4353=CARTESIAN_POINT('',(-11.661022401979,2.5344177642749,16.5));
#4354=CARTESIAN_POINT('',(-12.2488076542715,3.34343475864985,16.5));
#4355=CARTESIAN_POINT('',(-13.2309913091661,1.39376858555738,16.5));
#4356=CARTESIAN_POINT('',(-11.661022401979,2.5344177642749,16.5));
#4357=CARTESIAN_POINT('',(-12.9405882918443,0.499999999999998,16.5));
#4358=CARTESIAN_POINT('Origin',(-16.,2.96458788056644E-17,16.5));
#4359=CARTESIAN_POINT('',(-11.,0.499999999999998,16.5));
#4360=CARTESIAN_POINT('',(-11.,0.499999999999999,16.5));
#4361=CARTESIAN_POINT('',(-11.,-0.5,16.5));
#4362=CARTESIAN_POINT('',(-11.,0.499999999999999,16.5));
#4363=CARTESIAN_POINT('',(-12.9405882918443,-0.5,16.5));
#4364=CARTESIAN_POINT('',(-11.,-0.5,16.5));
#4365=CARTESIAN_POINT('',(-13.2309913091661,-1.39376858555734,16.5));
#4366=CARTESIAN_POINT('Origin',(-16.,2.96458788056644E-17,16.5));
#4367=CARTESIAN_POINT('',(-11.661022401979,-2.53441776427484,16.5));
#4368=CARTESIAN_POINT('',(-11.661022401979,-2.53441776427484,16.5));
#4369=CARTESIAN_POINT('',(-12.2488076542715,-3.34343475864979,16.5));
#4370=CARTESIAN_POINT('',(-11.661022401979,-2.53441776427484,16.5));
#4371=CARTESIAN_POINT('',(-13.8187765614586,-2.20278557993229,16.5));
#4372=CARTESIAN_POINT('',(-12.2488076542715,-3.34343475864979,16.5));
#4373=CARTESIAN_POINT('',(-14.5790615312426,-2.75516494388366,16.5));
#4374=CARTESIAN_POINT('Origin',(-16.,2.96458788056644E-17,16.5));
#4375=CARTESIAN_POINT('',(-13.9793867699776,-4.60077408428827,16.5));
#4376=CARTESIAN_POINT('',(-13.9793867699776,-4.60077408428827,16.5));
#4377=CARTESIAN_POINT('',(-14.9304432862728,-4.90979107866323,16.5));
#4378=CARTESIAN_POINT('',(-13.9793867699776,-4.60077408428827,16.5));
#4379=CARTESIAN_POINT('',(-15.5301180475378,-3.06418193825861,16.5));
#4380=CARTESIAN_POINT('',(-14.9304432862728,-4.90979107866323,16.5));
#4381=CARTESIAN_POINT('',(-16.4698819524622,-3.06418193825861,16.5));
#4382=CARTESIAN_POINT('Origin',(-16.,2.96458788056644E-17,16.5));
#4383=CARTESIAN_POINT('',(-17.0695567137271,-4.90979107866325,16.5));
#4384=CARTESIAN_POINT('',(-17.0695567137271,-4.90979107866325,16.5));
#4385=CARTESIAN_POINT('',(-18.0206132300223,-4.60077408428831,16.5));
#4386=CARTESIAN_POINT('',(-17.0695567137271,-4.90979107866325,16.5));
#4387=CARTESIAN_POINT('',(-17.4209384687573,-2.75516494388366,16.5));
#4388=CARTESIAN_POINT('',(-18.0206132300223,-4.60077408428831,16.5));
#4389=CARTESIAN_POINT('',(-18.1812234385413,-2.2027855799323,16.5));
#4390=CARTESIAN_POINT('Origin',(-16.,2.96458788056644E-17,16.5));
#4391=CARTESIAN_POINT('',(-19.7511923457285,-3.34343475864987,16.5));
#4392=CARTESIAN_POINT('',(-19.7511923457285,-3.34343475864987,16.5));
#4393=CARTESIAN_POINT('',(-20.338977598021,-2.53441776427493,16.5));
#4394=CARTESIAN_POINT('',(-19.7511923457285,-3.34343475864987,16.5));
#4395=CARTESIAN_POINT('',(-18.7690086908338,-1.39376858555736,16.5));
#4396=CARTESIAN_POINT('',(-20.338977598021,-2.53441776427493,16.5));
#4397=CARTESIAN_POINT('',(-19.0594117081556,-0.5,16.5));
#4398=CARTESIAN_POINT('Origin',(-16.,2.96458788056644E-17,16.5));
#4399=CARTESIAN_POINT('',(-21.,-0.499999999999998,16.5));
#4400=CARTESIAN_POINT('',(-21.,-0.499999999999999,16.5));
#4401=CARTESIAN_POINT('',(-21.,0.5,16.5));
#4402=CARTESIAN_POINT('',(-21.,-0.499999999999999,16.5));
#4403=CARTESIAN_POINT('',(-21.,0.5,16.5));
#4404=CARTESIAN_POINT('',(12.9405882918443,0.5,16.5));
#4405=CARTESIAN_POINT('',(13.2309913091661,1.39376858555733,16.5));
#4406=CARTESIAN_POINT('Origin',(16.,-4.41124621969496E-15,16.5));
#4407=CARTESIAN_POINT('',(11.661022401979,2.53441776427487,16.5));
#4408=CARTESIAN_POINT('',(11.661022401979,2.53441776427487,16.5));
#4409=CARTESIAN_POINT('',(12.2488076542715,3.34343475864982,16.5));
#4410=CARTESIAN_POINT('',(11.661022401979,2.53441776427487,16.5));
#4411=CARTESIAN_POINT('',(13.8187765614586,2.20278557993228,16.5));
#4412=CARTESIAN_POINT('',(12.2488076542715,3.34343475864982,16.5));
#4413=CARTESIAN_POINT('',(14.5790615312426,2.75516494388365,16.5));
#4414=CARTESIAN_POINT('Origin',(16.,-4.41124621969496E-15,16.5));
#4415=CARTESIAN_POINT('',(13.9793867699777,4.60077408428829,16.5));
#4416=CARTESIAN_POINT('',(13.9793867699777,4.60077408428829,16.5));
#4417=CARTESIAN_POINT('',(14.9304432862728,4.90979107866324,16.5));
#4418=CARTESIAN_POINT('',(13.9793867699777,4.60077408428829,16.5));
#4419=CARTESIAN_POINT('',(15.5301180475378,3.06418193825861,16.5));
#4420=CARTESIAN_POINT('',(14.9304432862728,4.90979107866324,16.5));
#4421=CARTESIAN_POINT('',(16.4698819524622,3.06418193825861,16.5));
#4422=CARTESIAN_POINT('Origin',(16.,-4.41124621969496E-15,16.5));
#4423=CARTESIAN_POINT('',(17.0695567137272,4.90979107866325,16.5));
#4424=CARTESIAN_POINT('',(17.0695567137271,4.90979107866325,16.5));
#4425=CARTESIAN_POINT('',(18.0206132300223,4.6007740842883,16.5));
#4426=CARTESIAN_POINT('',(17.0695567137271,4.90979107866325,16.5));
#4427=CARTESIAN_POINT('',(17.4209384687574,2.75516494388367,16.5));
#4428=CARTESIAN_POINT('',(18.0206132300223,4.6007740842883,16.5));
#4429=CARTESIAN_POINT('',(18.1812234385414,2.20278557993231,16.5));
#4430=CARTESIAN_POINT('Origin',(16.,-4.41124621969496E-15,16.5));
#4431=CARTESIAN_POINT('',(19.7511923457285,3.34343475864985,16.5));
#4432=CARTESIAN_POINT('',(19.7511923457285,3.34343475864985,16.5));
#4433=CARTESIAN_POINT('',(20.338977598021,2.5344177642749,16.5));
#4434=CARTESIAN_POINT('',(19.7511923457285,3.34343475864985,16.5));
#4435=CARTESIAN_POINT('',(18.7690086908339,1.39376858555736,16.5));
#4436=CARTESIAN_POINT('',(20.338977598021,2.5344177642749,16.5));
#4437=CARTESIAN_POINT('',(19.0594117081557,0.499999999999998,16.5));
#4438=CARTESIAN_POINT('Origin',(16.,-4.41124621969496E-15,16.5));
#4439=CARTESIAN_POINT('',(21.,0.499999999999998,16.5));
#4440=CARTESIAN_POINT('',(21.,0.499999999999999,16.5));
#4441=CARTESIAN_POINT('',(21.,-0.5,16.5));
#4442=CARTESIAN_POINT('',(21.,0.499999999999999,16.5));
#4443=CARTESIAN_POINT('',(19.0594117081557,-0.5,16.5));
#4444=CARTESIAN_POINT('',(21.,-0.5,16.5));
#4445=CARTESIAN_POINT('',(18.7690086908339,-1.39376858555732,16.5));
#4446=CARTESIAN_POINT('Origin',(16.,-4.41124621969496E-15,16.5));
#4447=CARTESIAN_POINT('',(20.338977598021,-2.53441776427484,16.5));
#4448=CARTESIAN_POINT('',(20.338977598021,-2.53441776427484,16.5));
#4449=CARTESIAN_POINT('',(19.7511923457286,-3.34343475864979,16.5));
#4450=CARTESIAN_POINT('',(20.338977598021,-2.53441776427484,16.5));
#4451=CARTESIAN_POINT('',(18.1812234385414,-2.20278557993228,16.5));
#4452=CARTESIAN_POINT('',(19.7511923457286,-3.34343475864979,16.5));
#4453=CARTESIAN_POINT('',(17.4209384687574,-2.75516494388366,16.5));
#4454=CARTESIAN_POINT('Origin',(16.,-4.41124621969496E-15,16.5));
#4455=CARTESIAN_POINT('',(18.0206132300224,-4.60077408428827,16.5));
#4456=CARTESIAN_POINT('',(18.0206132300224,-4.60077408428827,16.5));
#4457=CARTESIAN_POINT('',(17.0695567137272,-4.90979107866323,16.5));
#4458=CARTESIAN_POINT('',(18.0206132300224,-4.60077408428827,16.5));
#4459=CARTESIAN_POINT('',(16.4698819524623,-3.06418193825861,16.5));
#4460=CARTESIAN_POINT('',(17.0695567137272,-4.90979107866323,16.5));
#4461=CARTESIAN_POINT('',(15.5301180475378,-3.06418193825862,16.5));
#4462=CARTESIAN_POINT('Origin',(16.,-4.41124621969496E-15,16.5));
#4463=CARTESIAN_POINT('',(14.9304432862729,-4.90979107866325,16.5));
#4464=CARTESIAN_POINT('',(14.9304432862729,-4.90979107866325,16.5));
#4465=CARTESIAN_POINT('',(13.9793867699777,-4.60077408428831,16.5));
#4466=CARTESIAN_POINT('',(14.9304432862729,-4.90979107866325,16.5));
#4467=CARTESIAN_POINT('',(14.5790615312427,-2.75516494388368,16.5));
#4468=CARTESIAN_POINT('',(13.9793867699777,-4.60077408428831,16.5));
#4469=CARTESIAN_POINT('',(13.8187765614586,-2.20278557993232,16.5));
#4470=CARTESIAN_POINT('Origin',(16.,-4.41124621969496E-15,16.5));
#4471=CARTESIAN_POINT('',(12.2488076542715,-3.34343475864987,16.5));
#4472=CARTESIAN_POINT('',(12.2488076542715,-3.34343475864987,16.5));
#4473=CARTESIAN_POINT('',(11.661022401979,-2.53441776427493,16.5));
#4474=CARTESIAN_POINT('',(12.2488076542715,-3.34343475864987,16.5));
#4475=CARTESIAN_POINT('',(13.2309913091662,-1.39376858555738,16.5));
#4476=CARTESIAN_POINT('',(11.661022401979,-2.53441776427493,16.5));
#4477=CARTESIAN_POINT('',(12.9405882918443,-0.5,16.5));
#4478=CARTESIAN_POINT('Origin',(16.,-4.41124621969496E-15,16.5));
#4479=CARTESIAN_POINT('',(11.,-0.499999999999998,16.5));
#4480=CARTESIAN_POINT('',(11.,-0.499999999999999,16.5));
#4481=CARTESIAN_POINT('',(11.,0.5,16.5));
#4482=CARTESIAN_POINT('',(11.,-0.499999999999999,16.5));
#4483=CARTESIAN_POINT('',(11.,0.5,16.5));
#4484=CARTESIAN_POINT('',(-6.99999999999997,5.,16.5));
#4485=CARTESIAN_POINT('',(6.99999999999999,5.,16.5));
#4486=CARTESIAN_POINT('',(6.,5.,16.5));
#4487=CARTESIAN_POINT('',(9.,2.99999999999997,16.5));
#4488=CARTESIAN_POINT('',(9.,2.99999999999997,16.5));
#4489=CARTESIAN_POINT('',(9.,-3.,16.5));
#4490=CARTESIAN_POINT('',(9.,5.,16.5));
#4491=CARTESIAN_POINT('',(6.99999999999997,-5.,16.5));
#4492=CARTESIAN_POINT('',(6.99999999999997,-5.,16.5));
#4493=CARTESIAN_POINT('',(-6.99999999999998,-5.,16.5));
#4494=CARTESIAN_POINT('',(6.,-5.,16.5));
#4495=CARTESIAN_POINT('',(-9.,-2.99999999999997,16.5));
#4496=CARTESIAN_POINT('',(-9.,-2.99999999999997,16.5));
#4497=CARTESIAN_POINT('',(-9.,3.,16.5));
#4498=CARTESIAN_POINT('',(-9.,5.,16.5));
#4499=CARTESIAN_POINT('',(-6.99999999999997,5.,16.5));
#4500=CARTESIAN_POINT('',(-14.4607726882006,11.,16.5));
#4501=CARTESIAN_POINT('',(-39.9166168109163,11.,16.5));
#4502=CARTESIAN_POINT('',(-19.9583084054581,11.,16.5));
#4503=CARTESIAN_POINT('',(-27.1886947495584,23.7279220613578,16.5));
#4504=CARTESIAN_POINT('',(-43.8596362955768,7.05698051533945,16.5));
#4505=CARTESIAN_POINT('',(-34.3817142342189,30.9209415460184,16.5));
#4506=CARTESIAN_POINT('',(-61.5572972861783,23.7279220613578,16.5));
#4507=CARTESIAN_POINT('',(-61.5572972861783,11.,16.5));
#4508=CARTESIAN_POINT('',(-61.5572972861783,14.25,16.5));
#4509=CARTESIAN_POINT('',(-48.8293752248205,11.,16.5));
#4510=CARTESIAN_POINT('',(-60.1581661366839,22.3287909118634,16.5));
#4511=CARTESIAN_POINT('',(-55.5090349871895,11.,16.5));
#4512=CARTESIAN_POINT('',(-32.1886947495584,23.7279220613578,16.5));
#4513=CARTESIAN_POINT('',(-56.5572972861783,23.7279220613578,16.5));
#4514=CARTESIAN_POINT('',(-59.3729960178684,23.7279220613578,16.5));
#4515=CARTESIAN_POINT('',(-44.9166168109163,11.,16.5));
#4516=CARTESIAN_POINT('',(-41.2456752648979,14.6709415460184,16.5));
#4517=CARTESIAN_POINT('',(-50.4686353094246,17.0705779943367,16.5));
#4518=CARTESIAN_POINT('',(-4.4607726882427,11.,16.5));
#4519=CARTESIAN_POINT('',(8.2671493731573,23.7279220614085,16.5));
#4520=CARTESIAN_POINT('',(0.268381514517231,15.7291542027631,16.5));
#4521=CARTESIAN_POINT('',(8.2671493731573,11.,16.5));
#4522=CARTESIAN_POINT('',(8.2671493731573,5.49999999999999,16.5));
#4523=CARTESIAN_POINT('',(-2.23038634412135,11.,16.5));
#4524=CARTESIAN_POINT('',(-22.1886947495584,23.7279220613579,16.5));
#4525=CARTESIAN_POINT('',(3.2671493731573,23.7279220613578,16.5));
#4526=CARTESIAN_POINT('',(1.63357468657865,23.7279220613578,16.5));
#4527=CARTESIAN_POINT('',(-9.46077268820057,11.,16.5));
#4528=CARTESIAN_POINT('',(-9.84557951615042,10.6151931720501,16.5));
#4529=CARTESIAN_POINT('',(-10.7095405468293,12.2487678586288,16.5));
#4530=CARTESIAN_POINT('Origin',(-23.,-17.8786503507473,-6.));
#4531=CARTESIAN_POINT('',(-59.3039184387082,7.49999999999999,-6.));
#4532=CARTESIAN_POINT('',(-22.1885155184291,7.49999999999999,-6.));
#4533=CARTESIAN_POINT('',(-47.1886947495584,7.49999999999999,-6.));
#4534=CARTESIAN_POINT('',(-68.4963065941333,11.3076118445749,-6.));
#4535=CARTESIAN_POINT('Origin',(-59.3039184387082,20.5,-6.));
#4536=CARTESIAN_POINT('',(-72.1886947495584,15.,-6.));
#4537=CARTESIAN_POINT('',(-70.9675006718459,13.7788059222874,-6.));
#4538=CARTESIAN_POINT('',(-121.188694749558,15.,-6.));
#4539=CARTESIAN_POINT('',(-72.1886947495584,15.,-6.));
#4540=CARTESIAN_POINT('',(-122.188694749558,16.,-6.));
#4541=CARTESIAN_POINT('Origin',(-121.188694749558,16.,-6.));
#4542=CARTESIAN_POINT('',(-122.188694749558,19.,-6.));
#4543=CARTESIAN_POINT('',(-122.188694749558,16.75,-6.));
#4544=CARTESIAN_POINT('',(-121.188694749558,20.,-6.));
#4545=CARTESIAN_POINT('Origin',(-121.188694749558,19.,-6.));
#4546=CARTESIAN_POINT('',(-72.1886947495584,20.,-6.));
#4547=CARTESIAN_POINT('',(-96.6886947495584,20.,-6.));
#4548=CARTESIAN_POINT('',(-68.4963065941333,23.6923881554251,-6.));
#4549=CARTESIAN_POINT('',(-72.8136947495584,19.375,-6.));
#4550=CARTESIAN_POINT('',(-59.3039184387082,27.5,-6.));
#4551=CARTESIAN_POINT('Origin',(-59.3039184387082,14.5,-6.));
#4552=CARTESIAN_POINT('',(-0.811484481570874,27.5,-6.));
#4553=CARTESIAN_POINT('',(-17.4532983768289,27.5,-6.));
#4554=CARTESIAN_POINT('',(22.1885155184291,4.49999999999999,-6.));
#4555=CARTESIAN_POINT('Origin',(-0.811484481570875,4.49999999999999,-6.));
#4556=CARTESIAN_POINT('',(22.1885155184291,-8.31148448157089,-6.));
#4557=CARTESIAN_POINT('',(22.1885155184291,-6.68932517537366,-6.));
#4558=CARTESIAN_POINT('',(21.7,-8.8,-6.));
#4559=CARTESIAN_POINT('',(23.,-7.50000000000001,-6.));
#4560=CARTESIAN_POINT('',(13.,-8.8,-6.));
#4561=CARTESIAN_POINT('',(-23.,-8.8,-6.));
#4562=CARTESIAN_POINT('',(13.,-7.5,-6.));
#4563=CARTESIAN_POINT('',(13.,-7.5,-6.));
#4564=CARTESIAN_POINT('',(4.,-7.5,-6.));
#4565=CARTESIAN_POINT('',(-23.,-7.5,-6.));
#4566=CARTESIAN_POINT('',(4.,-8.8,-6.));
#4567=CARTESIAN_POINT('',(4.,-7.5,-6.));
#4568=CARTESIAN_POINT('',(-0.699999999999999,-8.8,-6.));
#4569=CARTESIAN_POINT('',(-23.,-8.8,-6.));
#4570=CARTESIAN_POINT('',(-3.,-6.5,-5.99999999999999));
#4571=CARTESIAN_POINT('',(3.,-12.5,-6.));
#4572=CARTESIAN_POINT('',(-19.1715728752538,-6.5,-6.));
#4573=CARTESIAN_POINT('',(-3.,-6.5,-6.));
#4574=CARTESIAN_POINT('',(-22.1886947495584,-3.48287812569541,-6.));
#4575=CARTESIAN_POINT('',(-21.5857864376269,-4.0857864376269,-6.));
#4576=CARTESIAN_POINT('',(-22.1886947495584,7.49929463878162,-6.));
#4577=CARTESIAN_POINT('',(-22.1886947495584,-4.43932517537366,-6.));
#4578=CARTESIAN_POINT('',(-28.2952931904592,-16.5331250318601,-6.));
#4579=CARTESIAN_POINT('',(-22.1886947495584,23.7279220613579,-6.));
#4580=CARTESIAN_POINT('',(-9.46077268820057,11.,-6.));
#4581=CARTESIAN_POINT('',(-5.62591692846359,7.16514424026301,-6.));
#4582=CARTESIAN_POINT('',(3.2671493731573,23.7279220613578,-6.));
#4583=CARTESIAN_POINT('',(-13.7012810731583,6.75949161504224,-6.));
#4584=CARTESIAN_POINT('',(-10.915592995708,23.7279220613579,-6.));
#4585=CARTESIAN_POINT('',(-48.8293752248205,11.,-6.));
#4586=CARTESIAN_POINT('',(-61.5572972861783,11.,-6.));
#4587=CARTESIAN_POINT('',(-66.8729960178684,11.,-6.));
#4588=CARTESIAN_POINT('',(-61.5572972861783,23.7279220613578,-6.));
#4589=CARTESIAN_POINT('',(-56.294205106005,18.4648298811845,-6.));
#4590=CARTESIAN_POINT('',(-61.5572972861783,20.6139610306789,-6.));
#4591=CARTESIAN_POINT('',(-44.9166168109163,11.,-6.));
#4592=CARTESIAN_POINT('',(-56.5572972861783,23.7279220613578,-6.));
#4593=CARTESIAN_POINT('',(-58.5663362744659,25.924605641454,-6.));
#4594=CARTESIAN_POINT('',(-32.1886947495584,23.7279220613578,-6.));
#4595=CARTESIAN_POINT('',(-50.1096362955768,5.80698051533945,-6.));
#4596=CARTESIAN_POINT('',(-52.1886947495584,23.7279220613578,-6.));
#4597=CARTESIAN_POINT('',(8.2671493731573,11.,-6.));
#4598=CARTESIAN_POINT('',(8.2671493731573,23.7279220614085,-6.));
#4599=CARTESIAN_POINT('',(8.26714937315729,2.9246358553306,-6.));
#4600=CARTESIAN_POINT('',(-4.4607726882427,11.,-6.));
#4601=CARTESIAN_POINT('',(-16.3152421038657,-0.854469415630999,-6.));
#4602=CARTESIAN_POINT('',(-7.36642531342135,11.,-6.));
#4603=CARTESIAN_POINT('',(-6.99999999999997,5.,-6.));
#4604=CARTESIAN_POINT('',(6.99999999999998,5.,-6.));
#4605=CARTESIAN_POINT('',(6.,5.,-6.));
#4606=CARTESIAN_POINT('',(-9.,3.,-6.));
#4607=CARTESIAN_POINT('',(-26.4393251753738,-14.4393251753735,-6.));
#4608=CARTESIAN_POINT('',(-9.,-2.99999999999997,-6.));
#4609=CARTESIAN_POINT('',(-9.,5.,-6.));
#4610=CARTESIAN_POINT('',(-6.99999999999998,-5.,-6.));
#4611=CARTESIAN_POINT('',(-8.56067482462628,-3.43932517537369,-6.));
#4612=CARTESIAN_POINT('',(6.99999999999997,-5.,-6.));
#4613=CARTESIAN_POINT('',(6.,-5.,-6.));
#4614=CARTESIAN_POINT('',(9.,-3.,-6.));
#4615=CARTESIAN_POINT('',(-14.4393251753739,-26.4393251753736,-6.));
#4616=CARTESIAN_POINT('',(9.,2.99999999999997,-6.));
#4617=CARTESIAN_POINT('',(9.,5.,-6.));
#4618=CARTESIAN_POINT('',(3.43932517537375,8.56067482462626,-6.));
#4619=CARTESIAN_POINT('',(-18.7690086908338,1.39376858555732,-6.));
#4620=CARTESIAN_POINT('',(-19.0594117081556,0.5,-6.));
#4621=CARTESIAN_POINT('Origin',(-16.,3.41849607280627E-17,-6.));
#4622=CARTESIAN_POINT('',(-21.,0.5,-6.));
#4623=CARTESIAN_POINT('',(-21.,0.5,-6.));
#4624=CARTESIAN_POINT('',(-21.,-0.499999999999999,-6.));
#4625=CARTESIAN_POINT('',(-21.,-0.499999999999999,-6.));
#4626=CARTESIAN_POINT('',(-19.0594117081556,-0.499999999999999,-6.));
#4627=CARTESIAN_POINT('',(-21.,-0.499999999999999,-6.));
#4628=CARTESIAN_POINT('',(-18.7690086908338,-1.39376858555736,-6.00000000000001));
#4629=CARTESIAN_POINT('Origin',(-16.,3.41849607280627E-17,-6.));
#4630=CARTESIAN_POINT('',(-20.338977598021,-2.53441776427493,-6.));
#4631=CARTESIAN_POINT('',(-20.338977598021,-2.53441776427493,-6.));
#4632=CARTESIAN_POINT('',(-19.7511923457285,-3.34343475864987,-6.));
#4633=CARTESIAN_POINT('',(-19.7511923457285,-3.34343475864987,-6.));
#4634=CARTESIAN_POINT('',(-18.1812234385413,-2.2027855799323,-6.));
#4635=CARTESIAN_POINT('',(-19.7511923457285,-3.34343475864987,-6.));
#4636=CARTESIAN_POINT('',(-17.4209384687573,-2.75516494388366,-6.00000000000001));
#4637=CARTESIAN_POINT('Origin',(-16.,3.41849607280627E-17,-6.));
#4638=CARTESIAN_POINT('',(-18.0206132300223,-4.60077408428832,-6.));
#4639=CARTESIAN_POINT('',(-18.0206132300223,-4.60077408428831,-6.));
#4640=CARTESIAN_POINT('',(-17.0695567137271,-4.90979107866325,-6.));
#4641=CARTESIAN_POINT('',(-17.0695567137271,-4.90979107866325,-6.));
#4642=CARTESIAN_POINT('',(-16.4698819524622,-3.06418193825861,-6.));
#4643=CARTESIAN_POINT('',(-17.0695567137271,-4.90979107866325,-6.));
#4644=CARTESIAN_POINT('',(-15.5301180475378,-3.06418193825861,-6.));
#4645=CARTESIAN_POINT('Origin',(-16.,3.41849607280627E-17,-6.));
#4646=CARTESIAN_POINT('',(-14.9304432862728,-4.90979107866323,-6.));
#4647=CARTESIAN_POINT('',(-14.9304432862728,-4.90979107866323,-6.));
#4648=CARTESIAN_POINT('',(-13.9793867699776,-4.60077408428827,-6.));
#4649=CARTESIAN_POINT('',(-13.9793867699776,-4.60077408428827,-6.));
#4650=CARTESIAN_POINT('',(-14.5790615312426,-2.75516494388366,-6.));
#4651=CARTESIAN_POINT('',(-13.9793867699776,-4.60077408428827,-6.));
#4652=CARTESIAN_POINT('',(-13.8187765614586,-2.20278557993229,-6.));
#4653=CARTESIAN_POINT('Origin',(-16.,3.41849607280627E-17,-6.));
#4654=CARTESIAN_POINT('',(-12.2488076542715,-3.34343475864979,-6.));
#4655=CARTESIAN_POINT('',(-12.2488076542715,-3.34343475864979,-6.));
#4656=CARTESIAN_POINT('',(-11.661022401979,-2.53441776427484,-6.));
#4657=CARTESIAN_POINT('',(-11.661022401979,-2.53441776427484,-6.));
#4658=CARTESIAN_POINT('',(-13.2309913091661,-1.39376858555734,-6.));
#4659=CARTESIAN_POINT('',(-11.661022401979,-2.53441776427484,-6.));
#4660=CARTESIAN_POINT('',(-12.9405882918443,-0.5,-6.));
#4661=CARTESIAN_POINT('Origin',(-16.,3.41849607280627E-17,-6.));
#4662=CARTESIAN_POINT('',(-11.,-0.5,-6.));
#4663=CARTESIAN_POINT('',(-11.,-0.5,-6.));
#4664=CARTESIAN_POINT('',(-11.,0.499999999999999,-6.));
#4665=CARTESIAN_POINT('',(-11.,0.499999999999999,-6.));
#4666=CARTESIAN_POINT('',(-12.9405882918443,0.499999999999999,-6.));
#4667=CARTESIAN_POINT('',(-11.,0.499999999999999,-6.));
#4668=CARTESIAN_POINT('',(-13.2309913091661,1.39376858555738,-6.));
#4669=CARTESIAN_POINT('Origin',(-16.,3.41849607280627E-17,-6.));
#4670=CARTESIAN_POINT('',(-11.661022401979,2.5344177642749,-5.99999999999999));
#4671=CARTESIAN_POINT('',(-11.661022401979,2.5344177642749,-6.));
#4672=CARTESIAN_POINT('',(-12.2488076542715,3.34343475864985,-6.));
#4673=CARTESIAN_POINT('',(-12.2488076542715,3.34343475864985,-6.));
#4674=CARTESIAN_POINT('',(-13.8187765614586,2.20278557993232,-6.));
#4675=CARTESIAN_POINT('',(-12.2488076542715,3.34343475864985,-6.));
#4676=CARTESIAN_POINT('',(-14.5790615312426,2.75516494388368,-6.));
#4677=CARTESIAN_POINT('Origin',(-16.,3.41849607280627E-17,-6.));
#4678=CARTESIAN_POINT('',(-13.9793867699777,4.6007740842883,-6.));
#4679=CARTESIAN_POINT('',(-13.9793867699777,4.6007740842883,-6.));
#4680=CARTESIAN_POINT('',(-14.9304432862729,4.90979107866325,-6.));
#4681=CARTESIAN_POINT('',(-14.9304432862729,4.90979107866325,-6.));
#4682=CARTESIAN_POINT('',(-15.5301180475378,3.06418193825862,-6.));
#4683=CARTESIAN_POINT('',(-14.9304432862729,4.90979107866325,-6.));
#4684=CARTESIAN_POINT('',(-16.4698819524622,3.0641819382586,-6.));
#4685=CARTESIAN_POINT('Origin',(-16.,3.41849607280627E-17,-6.));
#4686=CARTESIAN_POINT('',(-17.0695567137272,4.90979107866324,-6.));
#4687=CARTESIAN_POINT('',(-17.0695567137272,4.90979107866324,-6.));
#4688=CARTESIAN_POINT('',(-18.0206132300223,4.60077408428829,-6.));
#4689=CARTESIAN_POINT('',(-18.0206132300223,4.60077408428829,-6.));
#4690=CARTESIAN_POINT('',(-17.4209384687574,2.75516494388364,-6.));
#4691=CARTESIAN_POINT('',(-18.0206132300223,4.60077408428829,-6.));
#4692=CARTESIAN_POINT('',(-18.1812234385414,2.20278557993227,-6.));
#4693=CARTESIAN_POINT('Origin',(-16.,3.41849607280627E-17,-6.));
#4694=CARTESIAN_POINT('',(-19.7511923457285,3.34343475864982,-6.));
#4695=CARTESIAN_POINT('',(-19.7511923457285,3.34343475864982,-6.));
#4696=CARTESIAN_POINT('',(-20.338977598021,2.53441776427487,-6.));
#4697=CARTESIAN_POINT('',(-20.338977598021,2.53441776427487,-6.));
#4698=CARTESIAN_POINT('',(-20.338977598021,2.53441776427487,-6.));
#4699=CARTESIAN_POINT('',(13.2309913091661,1.39376858555733,-6.00000000000001));
#4700=CARTESIAN_POINT('',(12.9405882918443,0.5,-6.));
#4701=CARTESIAN_POINT('Origin',(16.,-4.40670713777256E-15,-6.));
#4702=CARTESIAN_POINT('',(11.,0.5,-6.));
#4703=CARTESIAN_POINT('',(11.,0.5,-6.));
#4704=CARTESIAN_POINT('',(11.,-0.499999999999999,-6.));
#4705=CARTESIAN_POINT('',(11.,-0.499999999999999,-6.));
#4706=CARTESIAN_POINT('',(12.9405882918443,-0.499999999999999,-6.));
#4707=CARTESIAN_POINT('',(11.,-0.499999999999999,-6.));
#4708=CARTESIAN_POINT('',(13.2309913091662,-1.39376858555738,-6.));
#4709=CARTESIAN_POINT('Origin',(16.,-4.40670713777256E-15,-6.));
#4710=CARTESIAN_POINT('',(11.661022401979,-2.53441776427493,-6.));
#4711=CARTESIAN_POINT('',(11.661022401979,-2.53441776427493,-6.));
#4712=CARTESIAN_POINT('',(12.2488076542715,-3.34343475864987,-6.));
#4713=CARTESIAN_POINT('',(12.2488076542715,-3.34343475864987,-6.));
#4714=CARTESIAN_POINT('',(13.8187765614586,-2.20278557993232,-6.));
#4715=CARTESIAN_POINT('',(12.2488076542715,-3.34343475864987,-6.));
#4716=CARTESIAN_POINT('',(14.5790615312427,-2.75516494388368,-6.00000000000001));
#4717=CARTESIAN_POINT('Origin',(16.,-4.40670713777256E-15,-6.));
#4718=CARTESIAN_POINT('',(13.9793867699777,-4.60077408428832,-6.));
#4719=CARTESIAN_POINT('',(13.9793867699777,-4.60077408428831,-6.));
#4720=CARTESIAN_POINT('',(14.9304432862729,-4.90979107866325,-6.));
#4721=CARTESIAN_POINT('',(14.9304432862729,-4.90979107866325,-6.));
#4722=CARTESIAN_POINT('',(15.5301180475378,-3.06418193825862,-6.00000000000001));
#4723=CARTESIAN_POINT('',(14.9304432862729,-4.90979107866325,-6.));
#4724=CARTESIAN_POINT('',(16.4698819524623,-3.06418193825861,-6.));
#4725=CARTESIAN_POINT('Origin',(16.,-4.40670713777256E-15,-6.));
#4726=CARTESIAN_POINT('',(17.0695567137272,-4.90979107866323,-6.));
#4727=CARTESIAN_POINT('',(17.0695567137272,-4.90979107866323,-6.));
#4728=CARTESIAN_POINT('',(18.0206132300224,-4.60077408428827,-6.));
#4729=CARTESIAN_POINT('',(18.0206132300224,-4.60077408428827,-6.));
#4730=CARTESIAN_POINT('',(17.4209384687574,-2.75516494388366,-6.));
#4731=CARTESIAN_POINT('',(18.0206132300224,-4.60077408428827,-6.));
#4732=CARTESIAN_POINT('',(18.1812234385414,-2.20278557993228,-6.00000000000001));
#4733=CARTESIAN_POINT('Origin',(16.,-4.40670713777256E-15,-6.));
#4734=CARTESIAN_POINT('',(19.7511923457285,-3.34343475864979,-6.));
#4735=CARTESIAN_POINT('',(19.7511923457286,-3.34343475864979,-6.));
#4736=CARTESIAN_POINT('',(20.338977598021,-2.53441776427484,-6.));
#4737=CARTESIAN_POINT('',(20.338977598021,-2.53441776427484,-6.));
#4738=CARTESIAN_POINT('',(18.7690086908339,-1.39376858555732,-6.));
#4739=CARTESIAN_POINT('',(20.338977598021,-2.53441776427484,-6.));
#4740=CARTESIAN_POINT('',(19.0594117081557,-0.5,-6.));
#4741=CARTESIAN_POINT('Origin',(16.,-4.40670713777256E-15,-6.));
#4742=CARTESIAN_POINT('',(21.,-0.5,-5.99999999999999));
#4743=CARTESIAN_POINT('',(21.,-0.5,-6.));
#4744=CARTESIAN_POINT('',(21.,0.499999999999999,-6.));
#4745=CARTESIAN_POINT('',(21.,0.499999999999999,-6.));
#4746=CARTESIAN_POINT('',(19.0594117081557,0.499999999999999,-6.));
#4747=CARTESIAN_POINT('',(21.,0.499999999999999,-6.));
#4748=CARTESIAN_POINT('',(18.7690086908339,1.39376858555736,-6.));
#4749=CARTESIAN_POINT('Origin',(16.,-4.40670713777256E-15,-6.));
#4750=CARTESIAN_POINT('',(20.338977598021,2.5344177642749,-6.));
#4751=CARTESIAN_POINT('',(20.338977598021,2.5344177642749,-6.));
#4752=CARTESIAN_POINT('',(19.7511923457285,3.34343475864985,-6.));
#4753=CARTESIAN_POINT('',(19.7511923457285,3.34343475864985,-6.));
#4754=CARTESIAN_POINT('',(18.1812234385414,2.20278557993231,-6.));
#4755=CARTESIAN_POINT('',(19.7511923457285,3.34343475864985,-6.));
#4756=CARTESIAN_POINT('',(17.4209384687574,2.75516494388367,-6.));
#4757=CARTESIAN_POINT('Origin',(16.,-4.40670713777256E-15,-6.));
#4758=CARTESIAN_POINT('',(18.0206132300223,4.6007740842883,-6.));
#4759=CARTESIAN_POINT('',(18.0206132300223,4.6007740842883,-6.));
#4760=CARTESIAN_POINT('',(17.0695567137271,4.90979107866325,-6.));
#4761=CARTESIAN_POINT('',(17.0695567137271,4.90979107866325,-6.));
#4762=CARTESIAN_POINT('',(16.4698819524622,3.06418193825861,-6.));
#4763=CARTESIAN_POINT('',(17.0695567137271,4.90979107866325,-6.));
#4764=CARTESIAN_POINT('',(15.5301180475378,3.06418193825861,-6.00000000000001));
#4765=CARTESIAN_POINT('Origin',(16.,-4.40670713777256E-15,-6.));
#4766=CARTESIAN_POINT('',(14.9304432862728,4.90979107866324,-6.));
#4767=CARTESIAN_POINT('',(14.9304432862728,4.90979107866324,-6.));
#4768=CARTESIAN_POINT('',(13.9793867699777,4.60077408428829,-6.));
#4769=CARTESIAN_POINT('',(13.9793867699777,4.60077408428829,-6.));
#4770=CARTESIAN_POINT('',(14.5790615312426,2.75516494388366,-6.00000000000001));
#4771=CARTESIAN_POINT('',(13.9793867699777,4.60077408428829,-6.));
#4772=CARTESIAN_POINT('',(13.8187765614586,2.20278557993229,-6.));
#4773=CARTESIAN_POINT('Origin',(16.,-4.40670713777256E-15,-6.));
#4774=CARTESIAN_POINT('',(12.2488076542715,3.34343475864982,-6.));
#4775=CARTESIAN_POINT('',(12.2488076542715,3.34343475864982,-6.));
#4776=CARTESIAN_POINT('',(11.661022401979,2.53441776427487,-6.));
#4777=CARTESIAN_POINT('',(11.661022401979,2.53441776427487,-6.));
#4778=CARTESIAN_POINT('',(11.661022401979,2.53441776427487,-6.));
#4779=CARTESIAN_POINT('',(-39.9166168109163,11.,-6.));
#4780=CARTESIAN_POINT('',(-14.4607726882006,11.,-6.));
#4781=CARTESIAN_POINT('',(-18.7303863441003,11.,-6.));
#4782=CARTESIAN_POINT('',(-27.1886947495584,23.7279220613578,-6.));
#4783=CARTESIAN_POINT('',(-34.3817142342189,30.9209415460184,-6.));
#4784=CARTESIAN_POINT('',(-39.9956752648979,10.9209415460184,-6.));
#4785=CARTESIAN_POINT('Origin',(-102.188694749558,17.5,13.1698729810778));
#4786=CARTESIAN_POINT('',(-92.1886947495584,17.9330127018922,12.9198729810778));
#4787=CARTESIAN_POINT('',(-92.1886947495584,17.0669872981078,12.9198729810778));
#4788=CARTESIAN_POINT('Origin',(-92.1886947495584,17.5,13.1698729810778));
#4789=CARTESIAN_POINT('',(-100.188694749558,17.9330127018922,12.9198729810778));
#4790=CARTESIAN_POINT('',(-102.188694749558,17.9330127018922,12.9198729810778));
#4791=CARTESIAN_POINT('',(-100.188694749558,17.0669872981078,12.9198729810778));
#4792=CARTESIAN_POINT('Origin',(-100.188694749558,17.5,13.1698729810778));
#4793=CARTESIAN_POINT('',(-102.188694749558,17.0669872981078,12.9198729810778));
#4794=CARTESIAN_POINT('Origin',(-92.1886947495584,17.5,14.3349364905389));
#4795=CARTESIAN_POINT('',(-92.1886947495584,17.5,12.1698729810778));
#4796=CARTESIAN_POINT('',(-92.1886947495584,20.,16.5));
#4797=CARTESIAN_POINT('Origin',(-102.188694749558,15.,16.5));
#4798=CARTESIAN_POINT('',(-100.188694749558,15.,16.5));
#4799=CARTESIAN_POINT('',(-100.188694749558,15.78125,15.1468353065868));
#4800=CARTESIAN_POINT('',(-82.1886947495584,15.,16.5));
#4801=CARTESIAN_POINT('Origin',(-102.188694749558,20.,16.5));
#4802=CARTESIAN_POINT('',(-102.188694749558,15.,16.5));
#4803=CARTESIAN_POINT('',(-102.188694749558,20.,16.5));
#4804=CARTESIAN_POINT('',(-102.188694749558,15.,16.5));
#4805=CARTESIAN_POINT('',(-82.1886947495584,15.,16.5));
#4806=CARTESIAN_POINT('',(-100.188694749558,20.,16.5));
#4807=CARTESIAN_POINT('',(-100.188694749558,15.,16.5));
#4808=CARTESIAN_POINT('',(-67.1886947495584,20.,16.5));
#4809=CARTESIAN_POINT('Origin',(-100.188694749558,17.5,14.3349364905389));
#4810=CARTESIAN_POINT('',(-100.188694749558,17.96875,12.9817717971257));
#4811=CARTESIAN_POINT('Origin',(-102.188694749558,17.5,12.1698729810778));
#4812=CARTESIAN_POINT('',(-67.1886947495584,20.,16.5));
#4813=CARTESIAN_POINT('Origin',(-102.188694749558,17.5,7.27300771667828));
#4814=CARTESIAN_POINT('',(-102.188694749558,20.,10.0001857453372));
#4815=CARTESIAN_POINT('',(-102.188694749558,20.,10.0001857453372));
#4816=CARTESIAN_POINT('',(-102.188694749558,17.9545296714431,5.53749635468602));
#4817=CARTESIAN_POINT('',(-102.188694749558,20.,10.0001857453372));
#4818=CARTESIAN_POINT('',(-102.188694749558,17.0454703285568,5.53749635468602));
#4819=CARTESIAN_POINT('Origin',(-102.188694749558,17.5,5.74582968801935));
#4820=CARTESIAN_POINT('',(-102.188694749558,15.,10.0001857453372));
#4821=CARTESIAN_POINT('',(-102.188694749558,17.5,4.54582968801935));
#4822=CARTESIAN_POINT('',(-102.188694749558,15.,10.0001857453372));
#4823=CARTESIAN_POINT('Origin',(-22.1886947495584,8.99999999999999,52.5));
#4824=CARTESIAN_POINT('',(-22.1886947495584,7.49999999999999,-5.9998142546628));
#4825=CARTESIAN_POINT('',(-22.1886947495584,7.49999999999999,27.2500928726686));
#4826=CARTESIAN_POINT('',(-22.1886947495584,43.5300285380965,3.48810431125284));
#4827=CARTESIAN_POINT('',(-22.1886947495584,-3.4828781256954,21.25));
#4828=CARTESIAN_POINT('Origin',(-15.9999999999999,0.,114.500000000001));
#4829=CARTESIAN_POINT('',(-18.7690086908338,-1.39376858555735,114.500000000001));
#4830=CARTESIAN_POINT('',(-19.0594117081556,-0.499999999999999,114.500000000001));
#4831=CARTESIAN_POINT('Origin',(-15.9999999999999,0.,114.500000000001));
#4832=CARTESIAN_POINT('',(-17.4209384687573,-2.75516494388365,114.500000000001));
#4833=CARTESIAN_POINT('',(-18.1812234385413,-2.2027855799323,114.500000000001));
#4834=CARTESIAN_POINT('Origin',(-15.9999999999999,0.,114.500000000001));
#4835=CARTESIAN_POINT('',(-15.5301180475378,-3.06418193825861,114.500000000001));
#4836=CARTESIAN_POINT('',(-16.4698819524622,-3.06418193825861,114.500000000001));
#4837=CARTESIAN_POINT('Origin',(-15.9999999999999,0.,114.500000000001));
#4838=CARTESIAN_POINT('',(-13.8187765614586,-2.20278557993229,114.500000000001));
#4839=CARTESIAN_POINT('',(-14.5790615312426,-2.75516494388367,114.500000000001));
#4840=CARTESIAN_POINT('Origin',(-15.9999999999999,0.,114.500000000001));
#4841=CARTESIAN_POINT('',(-12.9405882918443,-0.5,114.500000000001));
#4842=CARTESIAN_POINT('',(-13.2309913091661,-1.39376858555734,114.500000000001));
#4843=CARTESIAN_POINT('Origin',(-15.9999999999999,0.,114.500000000001));
#4844=CARTESIAN_POINT('',(-13.2309913091661,1.39376858555739,114.500000000001));
#4845=CARTESIAN_POINT('',(-12.9405882918443,0.499999999999999,114.500000000001));
#4846=CARTESIAN_POINT('Origin',(-15.9999999999999,0.,114.500000000001));
#4847=CARTESIAN_POINT('',(-14.5790615312426,2.75516494388369,114.500000000001));
#4848=CARTESIAN_POINT('',(-13.8187765614586,2.20278557993233,114.500000000001));
#4849=CARTESIAN_POINT('Origin',(-15.9999999999999,0.,114.500000000001));
#4850=CARTESIAN_POINT('',(-16.4698819524622,3.0641819382586,114.500000000001));
#4851=CARTESIAN_POINT('',(-15.5301180475378,3.06418193825862,114.500000000001));
#4852=CARTESIAN_POINT('Origin',(-15.9999999999999,0.,114.500000000001));
#4853=CARTESIAN_POINT('',(-18.1812234385414,2.20278557993227,114.500000000001));
#4854=CARTESIAN_POINT('',(-17.4209384687574,2.75516494388364,114.500000000001));
#4855=CARTESIAN_POINT('Origin',(-15.9999999999999,0.,114.500000000001));
#4856=CARTESIAN_POINT('',(-19.0594117081556,0.5,114.500000000001));
#4857=CARTESIAN_POINT('',(-18.7690086908338,1.39376858555731,114.500000000001));
#4858=CARTESIAN_POINT('Origin',(16.,-4.44089209850063E-15,114.500000000001));
#4859=CARTESIAN_POINT('',(13.2309913091662,-1.39376858555737,114.500000000001));
#4860=CARTESIAN_POINT('',(12.9405882918443,-0.499999999999999,114.500000000001));
#4861=CARTESIAN_POINT('Origin',(16.,-4.44089209850063E-15,114.500000000001));
#4862=CARTESIAN_POINT('',(14.5790615312427,-2.75516494388367,114.500000000001));
#4863=CARTESIAN_POINT('',(13.8187765614586,-2.20278557993232,114.500000000001));
#4864=CARTESIAN_POINT('Origin',(16.,-4.44089209850063E-15,114.500000000001));
#4865=CARTESIAN_POINT('',(16.4698819524623,-3.06418193825862,114.500000000001));
#4866=CARTESIAN_POINT('',(15.5301180475378,-3.06418193825862,114.500000000001));
#4867=CARTESIAN_POINT('Origin',(16.,-4.44089209850063E-15,114.500000000001));
#4868=CARTESIAN_POINT('',(18.1812234385414,-2.20278557993228,114.500000000001));
#4869=CARTESIAN_POINT('',(17.4209384687574,-2.75516494388366,114.500000000001));
#4870=CARTESIAN_POINT('Origin',(16.,-4.44089209850063E-15,114.500000000001));
#4871=CARTESIAN_POINT('',(19.0594117081557,-0.5,114.500000000001));
#4872=CARTESIAN_POINT('',(18.7690086908339,-1.39376858555733,114.500000000001));
#4873=CARTESIAN_POINT('Origin',(16.,-4.44089209850063E-15,114.500000000001));
#4874=CARTESIAN_POINT('',(18.7690086908339,1.39376858555737,114.500000000001));
#4875=CARTESIAN_POINT('',(19.0594117081557,0.499999999999999,114.500000000001));
#4876=CARTESIAN_POINT('Origin',(16.,-4.44089209850063E-15,114.500000000001));
#4877=CARTESIAN_POINT('',(17.4209384687574,2.75516494388367,114.500000000001));
#4878=CARTESIAN_POINT('',(18.1812234385414,2.20278557993231,114.500000000001));
#4879=CARTESIAN_POINT('Origin',(16.,-4.44089209850063E-15,114.500000000001));
#4880=CARTESIAN_POINT('',(15.5301180475378,3.0641819382586,114.500000000001));
#4881=CARTESIAN_POINT('',(16.4698819524622,3.06418193825861,114.500000000001));
#4882=CARTESIAN_POINT('Origin',(16.,-4.44089209850063E-15,114.500000000001));
#4883=CARTESIAN_POINT('',(13.8187765614586,2.20278557993228,114.500000000001));
#4884=CARTESIAN_POINT('',(14.5790615312426,2.75516494388365,114.500000000001));
#4885=CARTESIAN_POINT('Origin',(16.,-4.44089209850063E-15,114.500000000001));
#4886=CARTESIAN_POINT('',(12.9405882918443,0.5,114.500000000001));
#4887=CARTESIAN_POINT('',(13.2309913091661,1.39376858555732,114.500000000001));
#4888=CARTESIAN_POINT('Origin',(-21.,0.5,10.));
#4889=CARTESIAN_POINT('',(-21.,0.5,10.));
#4890=CARTESIAN_POINT('Origin',(-19.7511923457285,3.34343475864982,10.));
#4891=CARTESIAN_POINT('',(-19.7511923457285,3.34343475864982,10.));
#4892=CARTESIAN_POINT('Origin',(-17.0695567137272,4.90979107866324,10.));
#4893=CARTESIAN_POINT('',(-17.0695567137272,4.90979107866324,10.));
#4894=CARTESIAN_POINT('Origin',(-13.9793867699777,4.6007740842883,10.));
#4895=CARTESIAN_POINT('',(-13.9793867699777,4.6007740842883,10.));
#4896=CARTESIAN_POINT('Origin',(-11.661022401979,2.5344177642749,10.));
#4897=CARTESIAN_POINT('',(-11.661022401979,2.5344177642749,10.));
#4898=CARTESIAN_POINT('Origin',(-11.,-0.5,10.));
#4899=CARTESIAN_POINT('',(-11.,-0.5,10.));
#4900=CARTESIAN_POINT('Origin',(-12.2488076542715,-3.34343475864979,10.));
#4901=CARTESIAN_POINT('',(-12.2488076542715,-3.34343475864979,10.));
#4902=CARTESIAN_POINT('Origin',(-14.9304432862728,-4.90979107866323,10.));
#4903=CARTESIAN_POINT('',(-14.9304432862728,-4.90979107866323,10.));
#4904=CARTESIAN_POINT('Origin',(-18.0206132300223,-4.60077408428831,10.));
#4905=CARTESIAN_POINT('',(-18.0206132300223,-4.60077408428831,10.));
#4906=CARTESIAN_POINT('Origin',(-20.338977598021,-2.53441776427493,10.));
#4907=CARTESIAN_POINT('',(-20.338977598021,-2.53441776427493,10.));
#4908=CARTESIAN_POINT('Origin',(11.,0.5,10.));
#4909=CARTESIAN_POINT('',(11.,0.5,10.));
#4910=CARTESIAN_POINT('Origin',(12.2488076542715,3.34343475864982,10.));
#4911=CARTESIAN_POINT('',(12.2488076542715,3.34343475864982,10.));
#4912=CARTESIAN_POINT('Origin',(14.9304432862728,4.90979107866324,10.));
#4913=CARTESIAN_POINT('',(14.9304432862728,4.90979107866324,10.));
#4914=CARTESIAN_POINT('Origin',(18.0206132300223,4.6007740842883,10.));
#4915=CARTESIAN_POINT('',(18.0206132300223,4.6007740842883,10.));
#4916=CARTESIAN_POINT('Origin',(20.338977598021,2.5344177642749,10.));
#4917=CARTESIAN_POINT('',(20.338977598021,2.5344177642749,10.));
#4918=CARTESIAN_POINT('Origin',(21.,-0.5,10.));
#4919=CARTESIAN_POINT('',(21.,-0.5,10.));
#4920=CARTESIAN_POINT('Origin',(19.7511923457286,-3.34343475864979,10.));
#4921=CARTESIAN_POINT('',(19.7511923457286,-3.34343475864979,10.));
#4922=CARTESIAN_POINT('Origin',(17.0695567137272,-4.90979107866323,10.));
#4923=CARTESIAN_POINT('',(17.0695567137272,-4.90979107866323,10.));
#4924=CARTESIAN_POINT('Origin',(13.9793867699777,-4.60077408428831,10.));
#4925=CARTESIAN_POINT('',(13.9793867699777,-4.60077408428831,10.));
#4926=CARTESIAN_POINT('Origin',(11.661022401979,-2.53441776427493,10.));
#4927=CARTESIAN_POINT('',(11.661022401979,-2.53441776427493,10.));
#4928=CARTESIAN_POINT('Origin',(-39.9166168109163,11.,-5.9998142546628));
#4929=CARTESIAN_POINT('',(-14.4607726882006,11.,10.));
#4930=CARTESIAN_POINT('',(-39.9166168109163,11.,-5.9998142546628));
#4931=CARTESIAN_POINT('Origin',(-27.1886947495584,23.7279220613578,-5.9998142546628));
#4932=CARTESIAN_POINT('',(-27.1886947495584,23.7279220613578,10.0001857453372));
#4933=CARTESIAN_POINT('Origin',(-14.4607726882006,11.,-5.9998142546628));
#4934=CARTESIAN_POINT('Origin',(-9.46077268820057,11.,-5.9998142546628));
#4935=CARTESIAN_POINT('',(3.2671493731573,23.7279220613578,10.));
#4936=CARTESIAN_POINT('',(-9.46077268820057,11.,-5.9998142546628));
#4937=CARTESIAN_POINT('Origin',(-22.1886947495584,23.7279220613578,-5.9998142546628));
#4938=CARTESIAN_POINT('',(-22.1886947495584,23.7279220613579,5.2500928726686));
#4939=CARTESIAN_POINT('Origin',(3.2671493731573,23.7279220613578,-5.9998142546628));
#4940=CARTESIAN_POINT('Origin',(-32.1886947495584,23.7279220613578,-5.9998142546628));
#4941=CARTESIAN_POINT('',(-56.5572972861783,23.7279220613578,10.0001857453372));
#4942=CARTESIAN_POINT('',(-32.1886947495584,23.7279220613578,-5.9998142546628));
#4943=CARTESIAN_POINT('Origin',(-44.9166168109163,11.,-5.9998142546628));
#4944=CARTESIAN_POINT('',(-44.9166168109163,11.,10.0001857453372));
#4945=CARTESIAN_POINT('Origin',(-56.5572972861783,23.7279220613578,-5.9998142546628));
#4946=CARTESIAN_POINT('Origin',(-4.4607726882427,11.,-5.9998142546628));
#4947=CARTESIAN_POINT('',(8.2671493731573,11.,10.));
#4948=CARTESIAN_POINT('',(-4.4607726882427,11.,-5.9998142546628));
#4949=CARTESIAN_POINT('Origin',(8.2671493731573,23.7279220614085,-5.9998142546628));
#4950=CARTESIAN_POINT('',(8.2671493731573,23.7279220614085,10.));
#4951=CARTESIAN_POINT('Origin',(8.2671493731573,11.,-5.9998142546628));
#4952=CARTESIAN_POINT('Origin',(-61.5572972861783,23.7279220613578,-5.9998142546628));
#4953=CARTESIAN_POINT('',(-61.5572972861783,11.,10.0001857453372));
#4954=CARTESIAN_POINT('',(-61.5572972861783,23.7279220613578,-5.9998142546628));
#4955=CARTESIAN_POINT('Origin',(-48.8293752248205,11.,-5.9998142546628));
#4956=CARTESIAN_POINT('',(-48.8293752248205,11.,10.0001857453372));
#4957=CARTESIAN_POINT('Origin',(-61.5572972861783,11.,-5.9998142546628));
#4958=CARTESIAN_POINT('Origin',(-121.188694749558,16.,2.0001857453372));
#4959=CARTESIAN_POINT('',(-121.188694749558,15.,10.0001857453372));
#4960=CARTESIAN_POINT('',(-122.188694749558,16.,7.81844332241006));
#4961=CARTESIAN_POINT('Origin',(-121.188694749558,16.,7.81844332241006));
#4962=CARTESIAN_POINT('',(-122.188694749558,16.,2.0001857453372));
#4963=CARTESIAN_POINT('',(-121.188694749558,15.,2.0001857453372));
#4964=CARTESIAN_POINT('Origin',(-122.188694749558,17.5,2.0001857453372));
#4965=CARTESIAN_POINT('',(-122.188694749558,17.0454703285568,5.53749635468602));
#4966=CARTESIAN_POINT('',(-122.188694749558,16.7321127936994,6.22116178202836));
#4967=CARTESIAN_POINT('',(-122.188694749558,17.9545296714431,5.53749635468602));
#4968=CARTESIAN_POINT('Origin',(-122.188694749558,17.5,5.74582968801935));
#4969=CARTESIAN_POINT('',(-122.188694749558,19.,7.81844332241007));
#4970=CARTESIAN_POINT('',(-122.188694749558,17.0178872063006,3.49398375336944));
#4971=CARTESIAN_POINT('',(-122.188694749558,19.,-5.9998142546628));
#4972=CARTESIAN_POINT('Origin',(-122.188694749558,15.,10.0001857453372));
#4973=CARTESIAN_POINT('',(-84.6886947495584,15.,10.0001857453372));
#4974=CARTESIAN_POINT('',(-122.188694749558,17.0454703285568,5.53749635468602));
#4975=CARTESIAN_POINT('Origin',(-121.188694749558,19.,2.00018574533721));
#4976=CARTESIAN_POINT('',(-121.188694749558,20.,10.0001857453372));
#4977=CARTESIAN_POINT('Origin',(-121.188694749558,19.,7.81844332241007));
#4978=CARTESIAN_POINT('',(-121.188694749558,20.,2.00018574533721));
#4979=CARTESIAN_POINT('Origin',(-97.1886947495584,20.,2.00018574533721));
#4980=CARTESIAN_POINT('',(-84.6886947495584,20.,10.0001857453372));
#4981=CARTESIAN_POINT('',(-72.1886947495584,20.,-5.99981425466279));
#4982=CARTESIAN_POINT('Origin',(-122.188694749558,17.5,4.54582968801935));
#4983=CARTESIAN_POINT('',(-122.188694749558,17.9545296714431,5.53749635468602));
#4984=CARTESIAN_POINT('Origin',(-122.188694749558,17.5,5.74582968801935));
#4985=CARTESIAN_POINT('Origin',(-59.3039184387082,20.5,2.0001857453372));
#4986=CARTESIAN_POINT('',(-68.4963065941333,11.3076118445749,10.0001857453372));
#4987=CARTESIAN_POINT('',(-59.3039184387082,7.49999999999999,-5.9998142546628));
#4988=CARTESIAN_POINT('Origin',(-68.4386947495584,11.25,2.0001857453372));
#4989=CARTESIAN_POINT('',(-72.1886947495584,15.,10.0001857453372));
#4990=CARTESIAN_POINT('Origin',(-59.3039184387082,14.5,8.00004643633431));
#4991=CARTESIAN_POINT('',(-68.4963065941333,23.6923881554251,-5.9998142546628));
#4992=CARTESIAN_POINT('',(-59.3039184387082,27.5,10.0001857453372));
#4993=CARTESIAN_POINT('Origin',(22.7459016393443,27.5,10.));
#4994=CARTESIAN_POINT('',(-0.811484481570877,27.5,10.));
#4995=CARTESIAN_POINT('Origin',(-0.811484481570877,4.49999999999999,5.77694551410191));
#4996=CARTESIAN_POINT('',(22.1885155184291,4.49999999999999,5.77694551410192));
#4997=CARTESIAN_POINT('Origin',(22.1885155184291,4.49999999999999,1.55389102820383));
#4998=CARTESIAN_POINT('',(22.1885155184291,-3.51148448157089,2.));
#4999=CARTESIAN_POINT('',(22.1885155184291,-3.51148448157089,5.77694551410192));
#5000=CARTESIAN_POINT('',(22.1885155184291,-8.31148448157089,2.));
#5001=CARTESIAN_POINT('',(22.1885155184291,2.24999999999999,2.));
#5002=CARTESIAN_POINT('',(22.1885155184291,-8.31148448157089,-4.22305448589808));
#5003=CARTESIAN_POINT('Origin',(-68.4386947495584,23.75,6.00009287266861));
#5004=CARTESIAN_POINT('Origin',(-97.1886947495584,15.,2.00018574533721));
#5005=CARTESIAN_POINT('Origin',(-72.1886947495584,7.49999999999999,2.0001857453372));
#5006=CARTESIAN_POINT('',(-31.2420224306689,7.49999999999999,3.38255927442273));
#5007=CARTESIAN_POINT('Origin',(-7.5,67.5,-5.42235551715805));
#5008=CARTESIAN_POINT('Origin',(4.,-7.5,10.));
#5009=CARTESIAN_POINT('',(4.,-7.5,1.5));
#5010=CARTESIAN_POINT('',(4.,-7.5,10.));
#5011=CARTESIAN_POINT('',(4.,-12.5,1.5));
#5012=CARTESIAN_POINT('',(4.,-6.5,1.5));
#5013=CARTESIAN_POINT('',(4.,-12.5,-2.3));
#5014=CARTESIAN_POINT('',(4.,-12.5,10.));
#5015=CARTESIAN_POINT('',(4.,-16.15,1.35));
#5016=CARTESIAN_POINT('Origin',(4.,-12.5,10.));
#5017=CARTESIAN_POINT('',(2.99999999999996,-12.5,1.5));
#5018=CARTESIAN_POINT('',(-3.,-12.5,1.5));
#5019=CARTESIAN_POINT('',(2.99999999999996,-12.5,-2.3));
#5020=CARTESIAN_POINT('',(3.,-12.5,10.));
#5021=CARTESIAN_POINT('',(-23.,-12.5,-2.3));
#5022=CARTESIAN_POINT('Origin',(3.,-12.5,10.));
#5023=CARTESIAN_POINT('',(-3.,-6.5,1.5));
#5024=CARTESIAN_POINT('',(3.,-12.5,1.5));
#5025=CARTESIAN_POINT('',(-3.,-6.5,10.));
#5026=CARTESIAN_POINT('',(7.09999999999998,-16.6000000000001,1.80000000000006));
#5027=CARTESIAN_POINT('Origin',(0.,-12.5,0.));
#5028=CARTESIAN_POINT('',(7.50000000000001,-12.5,2.));
#5029=CARTESIAN_POINT('',(7.50000000000001,-12.5,-2.));
#5030=CARTESIAN_POINT('',(7.50000000000001,-12.5,2.));
#5031=CARTESIAN_POINT('',(5.60000000000001,-12.5,2.));
#5032=CARTESIAN_POINT('',(6.5,-12.5,2.));
#5033=CARTESIAN_POINT('',(5.60000000000001,-12.5,-2.));
#5034=CARTESIAN_POINT('',(5.60000000000001,-12.5,3.4212670403552));
#5035=CARTESIAN_POINT('',(6.5,-12.5,-2.));
#5036=CARTESIAN_POINT('Origin',(6.5,-12.5,-2.));
#5037=CARTESIAN_POINT('',(6.50000000000001,-7.5,-2.));
#5038=CARTESIAN_POINT('',(7.50000000000001,-7.5,-2.));
#5039=CARTESIAN_POINT('',(6.5,-7.5,-2.));
#5040=CARTESIAN_POINT('',(7.50000000000001,-3.02786404500042,-2.));
#5041=CARTESIAN_POINT('',(5.60000000000001,-12.3,-2.));
#5042=CARTESIAN_POINT('',(5.60000000000001,-12.5,-2.));
#5043=CARTESIAN_POINT('',(6.50000000000001,-11.4,-2.));
#5044=CARTESIAN_POINT('',(5.60000000000001,-12.3,-2.));
#5045=CARTESIAN_POINT('',(6.5,-12.5,-2.));
#5046=CARTESIAN_POINT('Origin',(13.,-7.5,10.));
#5047=CARTESIAN_POINT('',(13.,-12.5,-2.3));
#5048=CARTESIAN_POINT('',(13.,-16.15,1.35));
#5049=CARTESIAN_POINT('',(13.,-12.5,2.));
#5050=CARTESIAN_POINT('',(13.,-12.5,10.));
#5051=CARTESIAN_POINT('',(13.,-7.5,2.));
#5052=CARTESIAN_POINT('',(13.,-12.5,2.));
#5053=CARTESIAN_POINT('',(13.,-7.5,10.));
#5054=CARTESIAN_POINT('Origin',(23.,-12.5,10.));
#5055=CARTESIAN_POINT('',(18.,-12.5,-2.3));
#5056=CARTESIAN_POINT('',(-23.,-12.5,-2.3));
#5057=CARTESIAN_POINT('',(18.,-12.5,2.));
#5058=CARTESIAN_POINT('',(18.,-12.5,10.));
#5059=CARTESIAN_POINT('',(13.,-12.5,2.));
#5060=CARTESIAN_POINT('Origin',(23.,-7.50000000000001,-10.));
#5061=CARTESIAN_POINT('',(23.,-7.50000000000001,2.));
#5062=CARTESIAN_POINT('',(23.9,-6.60000000000001,-8.19999999999999));
#5063=CARTESIAN_POINT('Origin',(-21.5857864376269,-4.0857864376269,-10.));
#5064=CARTESIAN_POINT('',(-19.1715728752538,-6.5,10.));
#5065=CARTESIAN_POINT('Origin',(-3.,-6.5,10.));
#5066=CARTESIAN_POINT('',(4.,-6.5,1.5));
#5067=CARTESIAN_POINT('',(-3.,-6.5,1.5));
#5068=CARTESIAN_POINT('',(4.50000000000002,-6.5,2.));
#5069=CARTESIAN_POINT('',(4.74999999999991,-6.5,2.24999999999988));
#5070=CARTESIAN_POINT('',(19.2,-6.5,2.));
#5071=CARTESIAN_POINT('',(-3.,-6.5,2.));
#5072=CARTESIAN_POINT('',(19.2,-6.5,10.));
#5073=CARTESIAN_POINT('Origin',(0.,0.,2.));
#5074=CARTESIAN_POINT('',(19.2,-6.5,2.));
#5075=CARTESIAN_POINT('',(4.50000000000002,-7.5,2.));
#5076=CARTESIAN_POINT('',(4.50000000000002,-7.5,2.));
#5077=CARTESIAN_POINT('',(6.5,-7.5,2.));
#5078=CARTESIAN_POINT('',(-23.,-7.5,2.));
#5079=CARTESIAN_POINT('',(6.5,-11.4,2.));
#5080=CARTESIAN_POINT('',(6.5,-12.5,2.));
#5081=CARTESIAN_POINT('',(5.60000000000001,-12.3,2.));
#5082=CARTESIAN_POINT('',(5.60000000000001,-12.3,2.));
#5083=CARTESIAN_POINT('',(5.60000000000001,-12.5,2.));
#5084=CARTESIAN_POINT('',(7.50000000000001,-7.5,2.));
#5085=CARTESIAN_POINT('',(7.50000000000001,-3.02786404500042,2.));
#5086=CARTESIAN_POINT('',(9.50000000000001,-7.5,2.));
#5087=CARTESIAN_POINT('',(7.50000000000001,-7.5,2.));
#5088=CARTESIAN_POINT('',(9.50000000000001,-12.5,2.));
#5089=CARTESIAN_POINT('',(9.50000000000001,-3.02786404500042,2.));
#5090=CARTESIAN_POINT('',(11.4,-12.5,2.));
#5091=CARTESIAN_POINT('',(6.5,-12.5,2.));
#5092=CARTESIAN_POINT('',(11.4,-12.3,2.));
#5093=CARTESIAN_POINT('',(11.4,-12.5,2.));
#5094=CARTESIAN_POINT('',(10.5,-11.4,2.));
#5095=CARTESIAN_POINT('',(11.4,-12.3,2.));
#5096=CARTESIAN_POINT('',(10.5,-7.5,2.));
#5097=CARTESIAN_POINT('',(10.5,-12.5,2.));
#5098=CARTESIAN_POINT('',(8.,-7.5,2.));
#5099=CARTESIAN_POINT('Origin',(13.,-7.5,10.000012));
#5100=CARTESIAN_POINT('',(12.7500060000001,-7.5,10.2500059999999));
#5101=CARTESIAN_POINT('',(10.5,-7.5,-2.));
#5102=CARTESIAN_POINT('',(10.5,-7.5,2.));
#5103=CARTESIAN_POINT('',(9.50000000000001,-7.5,-2.));
#5104=CARTESIAN_POINT('',(6.5,-7.5,-2.));
#5105=CARTESIAN_POINT('',(9.50000000000001,-7.5,2.));
#5106=CARTESIAN_POINT('',(7.50000000000001,-7.5,2.));
#5107=CARTESIAN_POINT('',(6.5,-7.5,2.));
#5108=CARTESIAN_POINT('Origin',(9.,5.,10.));
#5109=CARTESIAN_POINT('',(9.,-3.,10.));
#5110=CARTESIAN_POINT('',(9.,2.99999999999997,10.));
#5111=CARTESIAN_POINT('Origin',(6.,5.,10.));
#5112=CARTESIAN_POINT('',(-6.99999999999997,5.,-6.));
#5113=CARTESIAN_POINT('',(6.99999999999998,5.,10.));
#5114=CARTESIAN_POINT('Origin',(-9.,5.,10.));
#5115=CARTESIAN_POINT('',(-9.,-2.99999999999997,10.));
#5116=CARTESIAN_POINT('',(-9.,3.,10.));
#5117=CARTESIAN_POINT('Origin',(6.,-5.,10.));
#5118=CARTESIAN_POINT('',(-6.99999999999998,-5.,10.));
#5119=CARTESIAN_POINT('',(6.99999999999997,-5.,10.));
#5120=CARTESIAN_POINT('Origin',(-11.,0.499999999999999,10.));
#5121=CARTESIAN_POINT('',(-11.,0.499999999999999,10.));
#5122=CARTESIAN_POINT('Origin',(-11.,0.499999999999999,10.));
#5123=CARTESIAN_POINT('Origin',(-11.661022401979,-2.53441776427484,10.));
#5124=CARTESIAN_POINT('',(-11.661022401979,-2.53441776427484,10.));
#5125=CARTESIAN_POINT('Origin',(-11.661022401979,-2.53441776427484,10.));
#5126=CARTESIAN_POINT('Origin',(-13.9793867699776,-4.60077408428827,10.));
#5127=CARTESIAN_POINT('',(-13.9793867699776,-4.60077408428827,10.));
#5128=CARTESIAN_POINT('Origin',(-13.9793867699776,-4.60077408428827,10.));
#5129=CARTESIAN_POINT('Origin',(-17.0695567137271,-4.90979107866325,10.));
#5130=CARTESIAN_POINT('',(-17.0695567137271,-4.90979107866325,10.));
#5131=CARTESIAN_POINT('Origin',(-17.0695567137271,-4.90979107866325,10.));
#5132=CARTESIAN_POINT('Origin',(-19.7511923457285,-3.34343475864987,10.));
#5133=CARTESIAN_POINT('',(-19.7511923457285,-3.34343475864987,10.));
#5134=CARTESIAN_POINT('Origin',(-19.7511923457285,-3.34343475864987,10.));
#5135=CARTESIAN_POINT('Origin',(-21.,-0.499999999999999,10.));
#5136=CARTESIAN_POINT('',(-21.,-0.499999999999999,10.));
#5137=CARTESIAN_POINT('Origin',(-21.,-0.499999999999999,10.));
#5138=CARTESIAN_POINT('Origin',(-20.338977598021,2.53441776427487,10.));
#5139=CARTESIAN_POINT('',(-20.338977598021,2.53441776427487,10.));
#5140=CARTESIAN_POINT('Origin',(-20.338977598021,2.53441776427487,10.));
#5141=CARTESIAN_POINT('Origin',(-18.0206132300223,4.60077408428829,10.));
#5142=CARTESIAN_POINT('',(-18.0206132300223,4.60077408428829,10.));
#5143=CARTESIAN_POINT('Origin',(-18.0206132300223,4.60077408428829,10.));
#5144=CARTESIAN_POINT('Origin',(-14.9304432862729,4.90979107866325,10.));
#5145=CARTESIAN_POINT('',(-14.9304432862729,4.90979107866325,10.));
#5146=CARTESIAN_POINT('Origin',(-14.9304432862729,4.90979107866325,10.));
#5147=CARTESIAN_POINT('Origin',(-12.2488076542715,3.34343475864985,10.));
#5148=CARTESIAN_POINT('',(-12.2488076542715,3.34343475864985,10.));
#5149=CARTESIAN_POINT('Origin',(-12.2488076542715,3.34343475864985,10.));
#5150=CARTESIAN_POINT('Origin',(20.338977598021,-2.53441776427484,10.));
#5151=CARTESIAN_POINT('',(20.338977598021,-2.53441776427484,10.));
#5152=CARTESIAN_POINT('Origin',(20.338977598021,-2.53441776427484,10.));
#5153=CARTESIAN_POINT('Origin',(18.0206132300224,-4.60077408428827,10.));
#5154=CARTESIAN_POINT('',(18.0206132300224,-4.60077408428827,10.));
#5155=CARTESIAN_POINT('Origin',(18.0206132300224,-4.60077408428827,10.));
#5156=CARTESIAN_POINT('Origin',(14.9304432862729,-4.90979107866325,10.));
#5157=CARTESIAN_POINT('',(14.9304432862729,-4.90979107866325,10.));
#5158=CARTESIAN_POINT('Origin',(14.9304432862729,-4.90979107866325,10.));
#5159=CARTESIAN_POINT('Origin',(12.2488076542715,-3.34343475864987,10.));
#5160=CARTESIAN_POINT('',(12.2488076542715,-3.34343475864987,10.));
#5161=CARTESIAN_POINT('Origin',(12.2488076542715,-3.34343475864987,10.));
#5162=CARTESIAN_POINT('Origin',(11.,-0.499999999999999,10.));
#5163=CARTESIAN_POINT('',(11.,-0.499999999999999,10.));
#5164=CARTESIAN_POINT('Origin',(11.,-0.499999999999999,10.));
#5165=CARTESIAN_POINT('Origin',(11.661022401979,2.53441776427487,10.));
#5166=CARTESIAN_POINT('',(11.661022401979,2.53441776427487,10.));
#5167=CARTESIAN_POINT('Origin',(11.661022401979,2.53441776427487,10.));
#5168=CARTESIAN_POINT('Origin',(13.9793867699777,4.60077408428829,10.));
#5169=CARTESIAN_POINT('',(13.9793867699777,4.60077408428829,10.));
#5170=CARTESIAN_POINT('Origin',(13.9793867699777,4.60077408428829,10.));
#5171=CARTESIAN_POINT('Origin',(17.0695567137271,4.90979107866325,10.));
#5172=CARTESIAN_POINT('',(17.0695567137271,4.90979107866325,10.));
#5173=CARTESIAN_POINT('Origin',(17.0695567137271,4.90979107866325,10.));
#5174=CARTESIAN_POINT('Origin',(19.7511923457285,3.34343475864985,10.));
#5175=CARTESIAN_POINT('',(19.7511923457285,3.34343475864985,10.));
#5176=CARTESIAN_POINT('Origin',(19.7511923457285,3.34343475864985,10.));
#5177=CARTESIAN_POINT('Origin',(21.,0.499999999999999,10.));
#5178=CARTESIAN_POINT('',(21.,0.499999999999999,10.));
#5179=CARTESIAN_POINT('Origin',(21.,0.499999999999999,10.));
#5180=CARTESIAN_POINT('Origin',(-23.,-8.8,-6.));
#5181=CARTESIAN_POINT('Origin',(-23.,-8.8,-6.));
#5182=CARTESIAN_POINT('Origin',(0.,-12.5,0.));
#5183=CARTESIAN_POINT('',(9.50000000000001,-12.5,-2.));
#5184=CARTESIAN_POINT('',(9.50000000000001,-12.5,2.));
#5185=CARTESIAN_POINT('',(11.4,-12.5,-2.));
#5186=CARTESIAN_POINT('',(6.5,-12.5,-2.));
#5187=CARTESIAN_POINT('',(11.4,-12.5,3.4212670403552));
#5188=CARTESIAN_POINT('Origin',(6.5,-12.5,-2.));
#5189=CARTESIAN_POINT('',(9.50000000000001,-3.02786404500042,-2.));
#5190=CARTESIAN_POINT('',(10.5,-11.4,-2.));
#5191=CARTESIAN_POINT('',(10.5,-12.5,-2.));
#5192=CARTESIAN_POINT('',(11.4,-12.3,-2.));
#5193=CARTESIAN_POINT('',(11.4,-12.3,-2.));
#5194=CARTESIAN_POINT('',(11.4,-12.5,-2.));
#5195=CARTESIAN_POINT('Origin',(6.5,-12.5,2.));
#5196=CARTESIAN_POINT('',(6.50000000000001,-11.4,3.4212670403552));
#5197=CARTESIAN_POINT('Origin',(10.5,-12.5,2.));
#5198=CARTESIAN_POINT('',(10.5,-11.4,3.4212670403552));
#5199=CARTESIAN_POINT('Origin',(7.50000000000001,-3.02786404500042,2.));
#5200=CARTESIAN_POINT('Origin',(9.50000000000001,-3.02786404500042,2.));
#5201=CARTESIAN_POINT('Origin',(11.4,-12.3,3.4212670403552));
#5202=CARTESIAN_POINT('',(11.4,-12.3,3.4212670403552));
#5203=CARTESIAN_POINT('Origin',(11.4,-12.5,3.4212670403552));
#5204=CARTESIAN_POINT('Origin',(5.60000000000001,-12.5,3.4212670403552));
#5205=CARTESIAN_POINT('',(5.60000000000001,-12.3,3.4212670403552));
#5206=CARTESIAN_POINT('Origin',(5.60000000000001,-12.3,3.4212670403552));
#5207=CARTESIAN_POINT('Origin',(-9.,-2.99999999999997,10.));
#5208=CARTESIAN_POINT('Origin',(-6.99999999999997,5.,10.));
#5209=CARTESIAN_POINT('Origin',(6.99999999999997,-5.,10.));
#5210=CARTESIAN_POINT('Origin',(9.,2.99999999999997,10.));
#5211=CARTESIAN_POINT('Origin',(19.2,-6.5,10.));
#5212=CARTESIAN_POINT('Origin',(0.,0.,1.5));
#5213=CARTESIAN_POINT('',(4.,-6.5,1.5));
#5214=CARTESIAN_POINT('Origin',(4.,-6.5,1.5));
#5215=CARTESIAN_POINT('',(-52.,-1.94925792538853E-14,11.));
#5216=UNCERTAINTY_MEASURE_WITH_UNIT(LENGTH_MEASURE(0.01),#5222,
'DISTANCE_ACCURACY_VALUE',
'Maximum model space distance between geometric entities at asserted c
onnectivities');
#5217=UNCERTAINTY_MEASURE_WITH_UNIT(LENGTH_MEASURE(0.01),#5222,
'DISTANCE_ACCURACY_VALUE',
'Maximum model space distance between geometric entities at asserted c
onnectivities');
#5218=UNCERTAINTY_MEASURE_WITH_UNIT(LENGTH_MEASURE(0.01),#5222,
'DISTANCE_ACCURACY_VALUE',
'Maximum model space distance between geometric entities at asserted c
onnectivities');
#5219=(
GEOMETRIC_REPRESENTATION_CONTEXT(3)
GLOBAL_UNCERTAINTY_ASSIGNED_CONTEXT((#5216))
GLOBAL_UNIT_ASSIGNED_CONTEXT((#5222,#5224,#5225))
REPRESENTATION_CONTEXT('','3D')
);
#5220=(
GEOMETRIC_REPRESENTATION_CONTEXT(3)
GLOBAL_UNCERTAINTY_ASSIGNED_CONTEXT((#5217))
GLOBAL_UNIT_ASSIGNED_CONTEXT((#5222,#5224,#5225))
REPRESENTATION_CONTEXT('','3D')
);
#5221=(
GEOMETRIC_REPRESENTATION_CONTEXT(3)
GLOBAL_UNCERTAINTY_ASSIGNED_CONTEXT((#5218))
GLOBAL_UNIT_ASSIGNED_CONTEXT((#5222,#5224,#5225))
REPRESENTATION_CONTEXT('','3D')
);
#5222=(
LENGTH_UNIT()
NAMED_UNIT(*)
SI_UNIT(.MILLI.,.METRE.)
);
#5223=(
LENGTH_UNIT()
NAMED_UNIT(*)
SI_UNIT($,.METRE.)
);
#5224=(
NAMED_UNIT(*)
PLANE_ANGLE_UNIT()
SI_UNIT($,.RADIAN.)
);
#5225=(
NAMED_UNIT(*)
SI_UNIT($,.STERADIAN.)
SOLID_ANGLE_UNIT()
);
#5226=SHAPE_DEFINITION_REPRESENTATION(#5228,#5231);
#5227=SHAPE_DEFINITION_REPRESENTATION(#5229,#5232);
#5228=PRODUCT_DEFINITION_SHAPE('',$,#5234);
#5229=PRODUCT_DEFINITION_SHAPE('',$,#5235);
#5230=PRODUCT_DEFINITION_SHAPE($,$,#14);
#5231=SHAPE_REPRESENTATION('',(#3243,#3456),#5219);
#5232=SHAPE_REPRESENTATION('',(#3244),#5220);
#5233=PRODUCT_DEFINITION_CONTEXT('part definition',#5241,'design');
#5234=PRODUCT_DEFINITION('RB9.01.062.000 Gripper',
'The Microscope Slide Gripper v18',#5236,#5233);
#5235=PRODUCT_DEFINITION('RB9.01.062.020 Clamp',
'RB9.01.062.020 Clamp (2)',#5237,#5233);
#5236=PRODUCT_DEFINITION_FORMATION('',$,#5243);
#5237=PRODUCT_DEFINITION_FORMATION('',$,#5244);
#5238=PRODUCT_RELATED_PRODUCT_CATEGORY(
'The Microscope Slide Gripper v18','The Microscope Slide Gripper v18',(#5243));
#5239=PRODUCT_RELATED_PRODUCT_CATEGORY('RB9.01.062.020 Clamp (2)',
'RB9.01.062.020 Clamp (2)',(#5244));
#5240=APPLICATION_PROTOCOL_DEFINITION('international standard',
'automotive_design',2009,#5241);
#5241=APPLICATION_CONTEXT(
'Core Data for Automotive Mechanical Design Process');
#5242=PRODUCT_CONTEXT('part definition',#5241,'mechanical');
#5243=PRODUCT('RB9.01.062.000 Gripper',
'The Microscope Slide Gripper v18','STEP AP214',(#5242));
#5244=PRODUCT('RB9.01.062.020 Clamp','RB9.01.062.020 Clamp (2)',$,(#5242));
#5245=PRESENTATION_STYLE_ASSIGNMENT((#5247));
#5246=PRESENTATION_STYLE_ASSIGNMENT((#5248));
#5247=SURFACE_STYLE_USAGE(.BOTH.,#5249);
#5248=SURFACE_STYLE_USAGE(.BOTH.,#5250);
#5249=SURFACE_SIDE_STYLE('',(#5251));
#5250=SURFACE_SIDE_STYLE('',(#5252));
#5251=SURFACE_STYLE_FILL_AREA(#5253);
#5252=SURFACE_STYLE_FILL_AREA(#5254);
#5253=FILL_AREA_STYLE('Steel - Satin',(#5255));
#5254=FILL_AREA_STYLE('Opaque(128,255,128)',(#5256));
#5255=FILL_AREA_STYLE_COLOUR('Steel - Satin',#5257);
#5256=FILL_AREA_STYLE_COLOUR('Opaque(128,255,128)',#5258);
#5257=COLOUR_RGB('Steel - Satin',0.627450980392157,0.627450980392157,0.627450980392157);
#5258=COLOUR_RGB('Opaque(128,255,128)',0.501960784313725,1.,0.501960784313725);
ENDSEC;
END-ISO-10303-21;
